[2026-05-07 04:14:08.400] [24705] [HailoRT] [info] [core_op.cpp:186] [deactivate] Deactivating took 3.039492 ms
[2026-05-07 04:14:08.400] [24707] [HailoRT] [info] [queue_elements.cpp:855] [run_in_thread] Shutdown event was signaled in dequeue of UserBuffQEl3scrfd_2_5g/conv42!
[2026-05-07 04:14:08.400] [24706] [HailoRT] [info] [queue_elements.cpp:734] [run_in_thread] Shutdown event was signaled in run_pull of queue element PullQEl_hw_read3scrfd_2_5g/conv42!
[2026-05-07 04:14:08.400] [24706] [HailoRT] [info] [queue_elements.cpp:68] [operator()] Thread in element PullQEl_hw_read3scrfd_2_5g/conv42 is not running anymore, exiting..
[2026-05-07 04:14:08.401] [24705] [HailoRT] [info] [queue_elements.cpp:46] [~BaseQueueElement] Queue element PullQEl_hw_read3scrfd_2_5g/conv42 has 0 frames in his Queue on destruction
[2026-05-07 04:14:08.401] [24707] [HailoRT] [info] [queue_elements.cpp:68] [operator()] Thread in element UserBuffQEl3scrfd_2_5g/conv42 is not running anymore, exiting..
[2026-05-07 04:14:08.401] [24705] [HailoRT] [info] [queue_elements.cpp:46] [~BaseQueueElement] Queue element UserBuffQEl3scrfd_2_5g/conv42 has 0 frames in his Queue on destruction
[2026-05-07 04:14:08.401] [24708] [HailoRT] [info] [queue_elements.cpp:734] [run_in_thread] Shutdown event was signaled in run_pull of queue element PullQEl_hw_read0scrfd_2_5g/conv43!
[2026-05-07 04:14:08.401] [24709] [HailoRT] [info] [queue_elements.cpp:855] [run_in_thread] Shutdown event was signaled in dequeue of UserBuffQEl0scrfd_2_5g/conv43!
[2026-05-07 04:14:08.401] [24708] [HailoRT] [info] [queue_elements.cpp:68] [operator()] Thread in element PullQEl_hw_read0scrfd_2_5g/conv43 is not running anymore, exiting..
[2026-05-07 04:14:08.401] [24705] [HailoRT] [info] [queue_elements.cpp:46] [~BaseQueueElement] Queue element PullQEl_hw_read0scrfd_2_5g/conv43 has 0 frames in his Queue on destruction
[2026-05-07 04:14:08.401] [24709] [HailoRT] [info] [queue_elements.cpp:68] [operator()] Thread in element UserBuffQEl0scrfd_2_5g/conv43 is not running anymore, exiting..
[2026-05-07 04:14:08.401] [24705] [HailoRT] [info] [queue_elements.cpp:46] [~BaseQueueElement] Queue element UserBuffQEl0scrfd_2_5g/conv43 has 0 frames in his Queue on destruction
[2026-05-07 04:14:08.401] [24711] [HailoRT] [info] [queue_elements.cpp:855] [run_in_thread] Shutdown event was signaled in dequeue of UserBuffQEl2scrfd_2_5g/conv44!
[2026-05-07 04:14:08.401] [24710] [HailoRT] [info] [queue_elements.cpp:734] [run_in_thread] Shutdown event was signaled in run_pull of queue element PullQEl_hw_read2scrfd_2_5g/conv44!
[2026-05-07 04:14:08.401] [24710] [HailoRT] [info] [queue_elements.cpp:68] [operator()] Thread in element PullQEl_hw_read2scrfd_2_5g/conv44 is not running anymore, exiting..
[2026-05-07 04:14:08.401] [24705] [HailoRT] [info] [queue_elements.cpp:46] [~BaseQueueElement] Queue element PullQEl_hw_read2scrfd_2_5g/conv44 has 0 frames in his Queue on destruction
[2026-05-07 04:14:08.401] [24711] [HailoRT] [info] [queue_elements.cpp:68] [operator()] Thread in element UserBuffQEl2scrfd_2_5g/conv44 is not running anymore, exiting..
[2026-05-07 04:14:08.401] [24705] [HailoRT] [info] [queue_elements.cpp:46] [~BaseQueueElement] Queue element UserBuffQEl2scrfd_2_5g/conv44 has 0 frames in his Queue on destruction
[2026-05-07 04:14:08.401] [24713] [HailoRT] [info] [queue_elements.cpp:855] [run_in_thread] Shutdown event was signaled in dequeue of UserBuffQEl14scrfd_2_5g/conv49!
[2026-05-07 04:14:08.401] [24712] [HailoRT] [info] [queue_elements.cpp:734] [run_in_thread] Shutdown event was signaled in run_pull of queue element PullQEl_hw_read14scrfd_2_5g/conv49!
[2026-05-07 04:14:08.401] [24712] [HailoRT] [info] [queue_elements.cpp:68] [operator()] Thread in element PullQEl_hw_read14scrfd_2_5g/conv49 is not running anymore, exiting..
[2026-05-07 04:14:08.401] [24705] [HailoRT] [info] [queue_elements.cpp:46] [~BaseQueueElement] Queue element PullQEl_hw_read14scrfd_2_5g/conv49 has 0 frames in his Queue on destruction
[2026-05-07 04:14:08.401] [24713] [HailoRT] [info] [queue_elements.cpp:68] [operator()] Thread in element UserBuffQEl14scrfd_2_5g/conv49 is not running anymore, exiting..
[2026-05-07 04:14:08.401] [24705] [HailoRT] [info] [queue_elements.cpp:46] [~BaseQueueElement] Queue element UserBuffQEl14scrfd_2_5g/conv49 has 0 frames in his Queue on destruction
[2026-05-07 04:14:08.401] [24715] [HailoRT] [info] [queue_elements.cpp:855] [run_in_thread] Shutdown event was signaled in dequeue of UserBuffQEl12scrfd_2_5g/conv50!
[2026-05-07 04:14:08.402] [24714] [HailoRT] [info] [queue_elements.cpp:734] [run_in_thread] Shutdown event was signaled in run_pull of queue element PullQEl_hw_read12scrfd_2_5g/conv50!
[2026-05-07 04:14:08.402] [24714] [HailoRT] [info] [queue_elements.cpp:68] [operator()] Thread in element PullQEl_hw_read12scrfd_2_5g/conv50 is not running anymore, exiting..
[2026-05-07 04:14:08.402] [24705] [HailoRT] [info] [queue_elements.cpp:46] [~BaseQueueElement] Queue element PullQEl_hw_read12scrfd_2_5g/conv50 has 0 frames in his Queue on destruction
[2026-05-07 04:14:08.402] [24715] [HailoRT] [info] [queue_elements.cpp:68] [operator()] Thread in element UserBuffQEl12scrfd_2_5g/conv50 is not running anymore, exiting..
[2026-05-07 04:14:08.402] [24705] [HailoRT] [info] [queue_elements.cpp:46] [~BaseQueueElement] Queue element UserBuffQEl12scrfd_2_5g/conv50 has 0 frames in his Queue on destruction
[2026-05-07 04:14:08.402] [24716] [HailoRT] [info] [queue_elements.cpp:734] [run_in_thread] Shutdown event was signaled in run_pull of queue element PullQEl_hw_read1scrfd_2_5g/conv51!
[2026-05-07 04:14:08.402] [24717] [HailoRT] [info] [queue_elements.cpp:855] [run_in_thread] Shutdown event was signaled in dequeue of UserBuffQEl1scrfd_2_5g/conv51!
[2026-05-07 04:14:08.402] [24716] [HailoRT] [info] [queue_elements.cpp:68] [operator()] Thread in element PullQEl_hw_read1scrfd_2_5g/conv51 is not running anymore, exiting..
[2026-05-07 04:14:08.402] [24705] [HailoRT] [info] [queue_elements.cpp:46] [~BaseQueueElement] Queue element PullQEl_hw_read1scrfd_2_5g/conv51 has 0 frames in his Queue on destruction
[2026-05-07 04:14:08.402] [24717] [HailoRT] [info] [queue_elements.cpp:68] [operator()] Thread in element UserBuffQEl1scrfd_2_5g/conv51 is not running anymore, exiting..
[2026-05-07 04:14:08.402] [24705] [HailoRT] [info] [queue_elements.cpp:46] [~BaseQueueElement] Queue element UserBuffQEl1scrfd_2_5g/conv51 has 0 frames in his Queue on destruction
[2026-05-07 04:14:08.402] [24718] [HailoRT] [info] [queue_elements.cpp:734] [run_in_thread] Shutdown event was signaled in run_pull of queue element PullQEl_hw_read10scrfd_2_5g/conv55!
[2026-05-07 04:14:08.402] [24719] [HailoRT] [info] [queue_elements.cpp:855] [run_in_thread] Shutdown event was signaled in dequeue of UserBuffQEl10scrfd_2_5g/conv55!
[2026-05-07 04:14:08.402] [24718] [HailoRT] [info] [queue_elements.cpp:68] [operator()] Thread in element PullQEl_hw_read10scrfd_2_5g/conv55 is not running anymore, exiting..
[2026-05-07 04:14:08.402] [24705] [HailoRT] [info] [queue_elements.cpp:46] [~BaseQueueElement] Queue element PullQEl_hw_read10scrfd_2_5g/conv55 has 0 frames in his Queue on destruction
[2026-05-07 04:14:08.402] [24719] [HailoRT] [info] [queue_elements.cpp:68] [operator()] Thread in element UserBuffQEl10scrfd_2_5g/conv55 is not running anymore, exiting..
[2026-05-07 04:14:08.402] [24705] [HailoRT] [info] [queue_elements.cpp:46] [~BaseQueueElement] Queue element UserBuffQEl10scrfd_2_5g/conv55 has 0 frames in his Queue on destruction
[2026-05-07 04:14:08.402] [24720] [HailoRT] [info] [queue_elements.cpp:734] [run_in_thread] Shutdown event was signaled in run_pull of queue element PullQEl_hw_read9scrfd_2_5g/conv56!
[2026-05-07 04:14:08.402] [24721] [HailoRT] [info] [queue_elements.cpp:855] [run_in_thread] Shutdown event was signaled in dequeue of UserBuffQEl9scrfd_2_5g/conv56!
[2026-05-07 04:14:08.402] [24720] [HailoRT] [info] [queue_elements.cpp:68] [operator()] Thread in element PullQEl_hw_read9scrfd_2_5g/conv56 is not running anymore, exiting..
[2026-05-07 04:14:08.402] [24705] [HailoRT] [info] [queue_elements.cpp:46] [~BaseQueueElement] Queue element PullQEl_hw_read9scrfd_2_5g/conv56 has 0 frames in his Queue on destruction
[2026-05-07 04:14:08.402] [24721] [HailoRT] [info] [queue_elements.cpp:68] [operator()] Thread in element UserBuffQEl9scrfd_2_5g/conv56 is not running anymore, exiting..
[2026-05-07 04:14:08.403] [24705] [HailoRT] [info] [queue_elements.cpp:46] [~BaseQueueElement] Queue element UserBuffQEl9scrfd_2_5g/conv56 has 0 frames in his Queue on destruction
[2026-05-07 04:14:08.403] [24723] [HailoRT] [info] [queue_elements.cpp:855] [run_in_thread] Shutdown event was signaled in dequeue of UserBuffQEl13scrfd_2_5g/conv57!
[2026-05-07 04:14:08.403] [24722] [HailoRT] [info] [queue_elements.cpp:734] [run_in_thread] Shutdown event was signaled in run_pull of queue element PullQEl_hw_read13scrfd_2_5g/conv57!
[2026-05-07 04:14:08.403] [24722] [HailoRT] [info] [queue_elements.cpp:68] [operator()] Thread in element PullQEl_hw_read13scrfd_2_5g/conv57 is not running anymore, exiting..
[2026-05-07 04:14:08.403] [24705] [HailoRT] [info] [queue_elements.cpp:46] [~BaseQueueElement] Queue element PullQEl_hw_read13scrfd_2_5g/conv57 has 0 frames in his Queue on destruction
[2026-05-07 04:14:08.403] [24723] [HailoRT] [info] [queue_elements.cpp:68] [operator()] Thread in element UserBuffQEl13scrfd_2_5g/conv57 is not running anymore, exiting..
[2026-05-07 04:14:08.403] [24705] [HailoRT] [info] [queue_elements.cpp:46] [~BaseQueueElement] Queue element UserBuffQEl13scrfd_2_5g/conv57 has 0 frames in his Queue on destruction
[2026-05-07 04:14:25.256] [26776] [HailoRT] [info] [vdevice.cpp:523] [create] Creating vdevice with params: device_count: 1, scheduling_algorithm: NONE, multi_process_service: false
[2026-05-07 04:14:25.268] [26776] [HailoRT] [info] [device.cpp:49] [Device] OS Version: Linux 6.12.75+rpt-rpi-2712 #1 SMP PREEMPT Debian 1:6.12.75-1+rpt1~bookworm (2026-03-11) aarch64
[2026-05-07 04:14:25.269] [26776] [HailoRT] [info] [control.cpp:108] [control__parse_identify_results] firmware_version is: 4.20.0
[2026-05-07 04:14:25.269] [26776] [HailoRT] [info] [vdevice.cpp:651] [create] VDevice Infos: 0001:01:00.0
[2026-05-07 04:14:25.275] [26776] [HailoRT] [info] [internal_buffer_manager.cpp:204] [print_execution_results] Planned internal buffer memory: CMA memory 0, user memory 462336. memory to edge layer usage factor is 1
[2026-05-07 04:14:25.275] [26776] [HailoRT] [info] [internal_buffer_manager.cpp:212] [print_execution_results] Default Internal buffer planner executed successfully
[2026-05-07 04:14:25.288] [26776] [HailoRT] [info] [device_internal.cpp:57] [configure] Configuring HEF took 18.398283 milliseconds
[2026-05-07 04:14:25.288] [26776] [HailoRT] [info] [vdevice.cpp:749] [configure] Configuring HEF on VDevice took 18.809825 milliseconds
[2026-05-07 04:14:25.288] [26776] [HailoRT] [info] [hef.cpp:1929] [get_network_group_and_network_name] No name was given. Addressing all networks of default network_group: scrfd_2_5g
[2026-05-07 04:14:25.428] [26804] [HailoRT] [info] [edge_elements.cpp:52] [create] Created (HwWriteEl3scrfd_2_5g/input_layer1 | hw_frame_size: 1228800)
[2026-05-07 04:14:25.428] [26804] [HailoRT] [info] [vstream.cpp:754] [InputVStreamImpl] Creating scrfd_2_5g/input_layer1...
[2026-05-07 04:14:25.428] [26804] [HailoRT] [info] [vstream_builder.cpp:102] [create_inputs] Input pipeline 'scrfd_2_5g/input_layer1': (HwWriteEl3scrfd_2_5g/input_layer1 | hw_frame_size: 1228800) >> HW
[2026-05-07 04:14:25.428] [26804] [HailoRT] [info] [edge_elements.cpp:287] [create] Created (HwReadEl3scrfd_2_5g/conv42 | hw_frame_size: 12800)
[2026-05-07 04:14:25.428] [26804] [HailoRT] [info] [queue_elements.cpp:657] [create] Created (PullQEl_hw_read3scrfd_2_5g/conv42)
[2026-05-07 04:14:25.428] [26804] [HailoRT] [info] [filter_elements.cpp:375] [create] Created (PostInferEl3scrfd_2_5g/conv42 | Quantization - src_type: UINT8, dst_type FLOAT32, limvals_min: 0, limvals_max: 1)
[2026-05-07 04:14:25.428] [26804] [HailoRT] [info] [queue_elements.cpp:800] [create] Created (UserBuffQEl3scrfd_2_5g/conv42 | timeout: 60s)
[2026-05-07 04:14:25.428] [26804] [HailoRT] [info] [vstream.cpp:1114] [OutputVStreamImpl] Creating scrfd_2_5g/conv42...
[2026-05-07 04:14:25.428] [26804] [HailoRT] [info] [vstream_builder.cpp:220] [create_outputs] Output pipeline 'scrfd_2_5g/conv42': HW >> (HwReadEl3scrfd_2_5g/conv42 | hw_frame_size: 12800) >> (PullQEl_hw_read3scrfd_2_5g/conv42) >> (PostInferEl3scrfd_2_5g/conv42 | Quantization - src_type: UINT8, dst_type FLOAT32, limvals_min: 0, limvals_max: 1) >> (UserBuffQEl3scrfd_2_5g/conv42 | timeout: 60s)
[2026-05-07 04:14:25.429] [26804] [HailoRT] [info] [edge_elements.cpp:287] [create] Created (HwReadEl0scrfd_2_5g/conv43 | hw_frame_size: 51200)
[2026-05-07 04:14:25.457] [26804] [HailoRT] [info] [queue_elements.cpp:657] [create] Created (PullQEl_hw_read0scrfd_2_5g/conv43)
[2026-05-07 04:14:25.457] [26804] [HailoRT] [info] [filter_elements.cpp:375] [create] Created (PostInferEl0scrfd_2_5g/conv43 | Quantization - src_type: UINT8, dst_type FLOAT32, limvals_min: -0.0793963, limvals_max: 4.98212)
[2026-05-07 04:14:25.457] [26804] [HailoRT] [info] [queue_elements.cpp:800] [create] Created (UserBuffQEl0scrfd_2_5g/conv43 | timeout: 60s)
[2026-05-07 04:14:25.457] [26804] [HailoRT] [info] [vstream.cpp:1114] [OutputVStreamImpl] Creating scrfd_2_5g/conv43...
[2026-05-07 04:14:25.457] [26804] [HailoRT] [info] [vstream_builder.cpp:220] [create_outputs] Output pipeline 'scrfd_2_5g/conv43': HW >> (HwReadEl0scrfd_2_5g/conv43 | hw_frame_size: 51200) >> (PullQEl_hw_read0scrfd_2_5g/conv43) >> (PostInferEl0scrfd_2_5g/conv43 | Quantization - src_type: UINT8, dst_type FLOAT32, limvals_min: -0.0793963, limvals_max: 4.98212) >> (UserBuffQEl0scrfd_2_5g/conv43 | timeout: 60s)
[2026-05-07 04:14:25.457] [26804] [HailoRT] [info] [edge_elements.cpp:287] [create] Created (HwReadEl2scrfd_2_5g/conv44 | hw_frame_size: 153600)
[2026-05-07 04:14:25.457] [26804] [HailoRT] [info] [queue_elements.cpp:657] [create] Created (PullQEl_hw_read2scrfd_2_5g/conv44)
[2026-05-07 04:14:25.457] [26804] [HailoRT] [info] [filter_elements.cpp:375] [create] Created (PostInferEl2scrfd_2_5g/conv44 | Quantization - src_type: UINT8, dst_type FLOAT32, limvals_min: -3.16292, limvals_max: 3.50274 | Reorder - src_order: FCR, src_shape: (80, 80, 24), dst_order: FCR, dst_shape: (80, 80, 20))
[2026-05-07 04:14:25.458] [26804] [HailoRT] [info] [queue_elements.cpp:800] [create] Created (UserBuffQEl2scrfd_2_5g/conv44 | timeout: 60s)
[2026-05-07 04:14:25.458] [26804] [HailoRT] [info] [vstream.cpp:1114] [OutputVStreamImpl] Creating scrfd_2_5g/conv44...
[2026-05-07 04:14:25.458] [26804] [HailoRT] [info] [vstream_builder.cpp:220] [create_outputs] Output pipeline 'scrfd_2_5g/conv44': HW >> (HwReadEl2scrfd_2_5g/conv44 | hw_frame_size: 153600) >> (PullQEl_hw_read2scrfd_2_5g/conv44) >> (PostInferEl2scrfd_2_5g/conv44 | Quantization - src_type: UINT8, dst_type FLOAT32, limvals_min: -3.16292, limvals_max: 3.50274 | Reorder - src_order: FCR, src_shape: (80, 80, 24), dst_order: FCR, dst_shape: (80, 80, 20)) >> (UserBuffQEl2scrfd_2_5g/conv44 | timeout: 60s)
[2026-05-07 04:14:25.458] [26804] [HailoRT] [info] [edge_elements.cpp:287] [create] Created (HwReadEl14scrfd_2_5g/conv49 | hw_frame_size: 3200)
[2026-05-07 04:14:25.458] [26804] [HailoRT] [info] [queue_elements.cpp:657] [create] Created (PullQEl_hw_read14scrfd_2_5g/conv49)
[2026-05-07 04:14:25.458] [26804] [HailoRT] [info] [filter_elements.cpp:375] [create] Created (PostInferEl14scrfd_2_5g/conv49 | Quantization - src_type: UINT8, dst_type FLOAT32, limvals_min: 0, limvals_max: 1)
[2026-05-07 04:14:25.458] [26804] [HailoRT] [info] [queue_elements.cpp:800] [create] Created (UserBuffQEl14scrfd_2_5g/conv49 | timeout: 60s)
[2026-05-07 04:14:25.458] [26804] [HailoRT] [info] [vstream.cpp:1114] [OutputVStreamImpl] Creating scrfd_2_5g/conv49...
[2026-05-07 04:14:25.458] [26804] [HailoRT] [info] [vstream_builder.cpp:220] [create_outputs] Output pipeline 'scrfd_2_5g/conv49': HW >> (HwReadEl14scrfd_2_5g/conv49 | hw_frame_size: 3200) >> (PullQEl_hw_read14scrfd_2_5g/conv49) >> (PostInferEl14scrfd_2_5g/conv49 | Quantization - src_type: UINT8, dst_type FLOAT32, limvals_min: 0, limvals_max: 1) >> (UserBuffQEl14scrfd_2_5g/conv49 | timeout: 60s)
[2026-05-07 04:14:25.458] [26804] [HailoRT] [info] [edge_elements.cpp:287] [create] Created (HwReadEl12scrfd_2_5g/conv50 | hw_frame_size: 12800)
[2026-05-07 04:14:25.458] [26804] [HailoRT] [info] [queue_elements.cpp:657] [create] Created (PullQEl_hw_read12scrfd_2_5g/conv50)
[2026-05-07 04:14:25.458] [26804] [HailoRT] [info] [filter_elements.cpp:375] [create] Created (PostInferEl12scrfd_2_5g/conv50 | Quantization - src_type: UINT8, dst_type FLOAT32, limvals_min: 0, limvals_max: 8.10626)
[2026-05-07 04:14:25.458] [26804] [HailoRT] [info] [queue_elements.cpp:800] [create] Created (UserBuffQEl12scrfd_2_5g/conv50 | timeout: 60s)
[2026-05-07 04:14:25.458] [26804] [HailoRT] [info] [vstream.cpp:1114] [OutputVStreamImpl] Creating scrfd_2_5g/conv50...
[2026-05-07 04:14:25.458] [26804] [HailoRT] [info] [vstream_builder.cpp:220] [create_outputs] Output pipeline 'scrfd_2_5g/conv50': HW >> (HwReadEl12scrfd_2_5g/conv50 | hw_frame_size: 12800) >> (PullQEl_hw_read12scrfd_2_5g/conv50) >> (PostInferEl12scrfd_2_5g/conv50 | Quantization - src_type: UINT8, dst_type FLOAT32, limvals_min: 0, limvals_max: 8.10626) >> (UserBuffQEl12scrfd_2_5g/conv50 | timeout: 60s)
[2026-05-07 04:14:25.459] [26804] [HailoRT] [info] [edge_elements.cpp:287] [create] Created (HwReadEl1scrfd_2_5g/conv51 | hw_frame_size: 38400)
[2026-05-07 04:14:25.460] [26804] [HailoRT] [info] [queue_elements.cpp:657] [create] Created (PullQEl_hw_read1scrfd_2_5g/conv51)
[2026-05-07 04:14:25.460] [26804] [HailoRT] [info] [filter_elements.cpp:375] [create] Created (PostInferEl1scrfd_2_5g/conv51 | Quantization - src_type: UINT8, dst_type FLOAT32, limvals_min: -4.24698, limvals_max: 5.17024 | Reorder - src_order: FCR, src_shape: (40, 40, 24), dst_order: FCR, dst_shape: (40, 40, 20))
[2026-05-07 04:14:25.462] [26804] [HailoRT] [info] [queue_elements.cpp:800] [create] Created (UserBuffQEl1scrfd_2_5g/conv51 | timeout: 60s)
[2026-05-07 04:14:25.462] [26804] [HailoRT] [info] [vstream.cpp:1114] [OutputVStreamImpl] Creating scrfd_2_5g/conv51...
[2026-05-07 04:14:25.462] [26804] [HailoRT] [info] [vstream_builder.cpp:220] [create_outputs] Output pipeline 'scrfd_2_5g/conv51': HW >> (HwReadEl1scrfd_2_5g/conv51 | hw_frame_size: 38400) >> (PullQEl_hw_read1scrfd_2_5g/conv51) >> (PostInferEl1scrfd_2_5g/conv51 | Quantization - src_type: UINT8, dst_type FLOAT32, limvals_min: -4.24698, limvals_max: 5.17024 | Reorder - src_order: FCR, src_shape: (40, 40, 24), dst_order: FCR, dst_shape: (40, 40, 20)) >> (UserBuffQEl1scrfd_2_5g/conv51 | timeout: 60s)
[2026-05-07 04:14:25.462] [26804] [HailoRT] [info] [edge_elements.cpp:287] [create] Created (HwReadEl10scrfd_2_5g/conv55 | hw_frame_size: 800)
[2026-05-07 04:14:25.464] [26804] [HailoRT] [info] [queue_elements.cpp:657] [create] Created (PullQEl_hw_read10scrfd_2_5g/conv55)
[2026-05-07 04:14:25.464] [26804] [HailoRT] [info] [filter_elements.cpp:375] [create] Created (PostInferEl10scrfd_2_5g/conv55 | Quantization - src_type: UINT8, dst_type FLOAT32, limvals_min: 0, limvals_max: 1 | Reorder - src_order: NHCW, src_shape: (20, 20, 2), dst_order: NHWC, dst_shape: (20, 20, 2))
[2026-05-07 04:14:25.464] [26804] [HailoRT] [info] [queue_elements.cpp:800] [create] Created (UserBuffQEl10scrfd_2_5g/conv55 | timeout: 60s)
[2026-05-07 04:14:25.464] [26804] [HailoRT] [info] [vstream.cpp:1114] [OutputVStreamImpl] Creating scrfd_2_5g/conv55...
[2026-05-07 04:14:25.464] [26804] [HailoRT] [info] [vstream_builder.cpp:220] [create_outputs] Output pipeline 'scrfd_2_5g/conv55': HW >> (HwReadEl10scrfd_2_5g/conv55 | hw_frame_size: 800) >> (PullQEl_hw_read10scrfd_2_5g/conv55) >> (PostInferEl10scrfd_2_5g/conv55 | Quantization - src_type: UINT8, dst_type FLOAT32, limvals_min: 0, limvals_max: 1 | Reorder - src_order: NHCW, src_shape: (20, 20, 2), dst_order: NHWC, dst_shape: (20, 20, 2)) >> (UserBuffQEl10scrfd_2_5g/conv55 | timeout: 60s)
[2026-05-07 04:14:25.464] [26804] [HailoRT] [info] [edge_elements.cpp:287] [create] Created (HwReadEl9scrfd_2_5g/conv56 | hw_frame_size: 3200)
[2026-05-07 04:14:25.464] [26804] [HailoRT] [info] [queue_elements.cpp:657] [create] Created (PullQEl_hw_read9scrfd_2_5g/conv56)
[2026-05-07 04:14:25.464] [26804] [HailoRT] [info] [filter_elements.cpp:375] [create] Created (PostInferEl9scrfd_2_5g/conv56 | Quantization - src_type: UINT8, dst_type FLOAT32, limvals_min: -0.0299247, limvals_max: 7.60086 | Reorder - src_order: NHCW, src_shape: (20, 20, 8), dst_order: NHWC, dst_shape: (20, 20, 8))
[2026-05-07 04:14:25.465] [26804] [HailoRT] [info] [queue_elements.cpp:800] [create] Created (UserBuffQEl9scrfd_2_5g/conv56 | timeout: 60s)
[2026-05-07 04:14:25.465] [26804] [HailoRT] [info] [vstream.cpp:1114] [OutputVStreamImpl] Creating scrfd_2_5g/conv56...
[2026-05-07 04:14:25.465] [26804] [HailoRT] [info] [vstream_builder.cpp:220] [create_outputs] Output pipeline 'scrfd_2_5g/conv56': HW >> (HwReadEl9scrfd_2_5g/conv56 | hw_frame_size: 3200) >> (PullQEl_hw_read9scrfd_2_5g/conv56) >> (PostInferEl9scrfd_2_5g/conv56 | Quantization - src_type: UINT8, dst_type FLOAT32, limvals_min: -0.0299247, limvals_max: 7.60086 | Reorder - src_order: NHCW, src_shape: (20, 20, 8), dst_order: NHWC, dst_shape: (20, 20, 8)) >> (UserBuffQEl9scrfd_2_5g/conv56 | timeout: 60s)
[2026-05-07 04:14:25.465] [26804] [HailoRT] [info] [edge_elements.cpp:287] [create] Created (HwReadEl13scrfd_2_5g/conv57 | hw_frame_size: 9600)
[2026-05-07 04:14:25.466] [26804] [HailoRT] [info] [queue_elements.cpp:657] [create] Created (PullQEl_hw_read13scrfd_2_5g/conv57)
[2026-05-07 04:14:25.466] [26804] [HailoRT] [info] [filter_elements.cpp:375] [create] Created (PostInferEl13scrfd_2_5g/conv57 | Quantization - src_type: UINT8, dst_type FLOAT32, limvals_min: -4.03285, limvals_max: 5.14908 | Reorder - src_order: FCR, src_shape: (20, 20, 24), dst_order: FCR, dst_shape: (20, 20, 20))
[2026-05-07 04:14:25.466] [26804] [HailoRT] [info] [queue_elements.cpp:800] [create] Created (UserBuffQEl13scrfd_2_5g/conv57 | timeout: 60s)
[2026-05-07 04:14:25.466] [26804] [HailoRT] [info] [vstream.cpp:1114] [OutputVStreamImpl] Creating scrfd_2_5g/conv57...
[2026-05-07 04:14:25.466] [26804] [HailoRT] [info] [vstream_builder.cpp:220] [create_outputs] Output pipeline 'scrfd_2_5g/conv57': HW >> (HwReadEl13scrfd_2_5g/conv57 | hw_frame_size: 9600) >> (PullQEl_hw_read13scrfd_2_5g/conv57) >> (PostInferEl13scrfd_2_5g/conv57 | Quantization - src_type: UINT8, dst_type FLOAT32, limvals_min: -4.03285, limvals_max: 5.14908 | Reorder - src_order: FCR, src_shape: (20, 20, 24), dst_order: FCR, dst_shape: (20, 20, 20)) >> (UserBuffQEl13scrfd_2_5g/conv57 | timeout: 60s)
[2026-05-07 04:14:25.467] [26804] [HailoRT] [info] [core_op.cpp:156] [activate] Activating scrfd_2_5g took 0.742684 milliseconds. Note that the function is asynchronous and thus the network is not fully activated yet.
[2026-05-07 04:14:25.467] [26804] [HailoRT] [info] [core_op.cpp:156] [activate] Activating scrfd_2_5g took 0.761719 milliseconds. Note that the function is asynchronous and thus the network is not fully activated yet.
[2026-05-07 04:15:15.492] [26817] [HailoRT] [info] [vdevice_native_stream.cpp:331] [read_impl] Failed read from stream HAILO_STREAM_NOT_ACTIVATED(72) (device: 0001:01:00.0)
[2026-05-07 04:15:15.492] [26821] [HailoRT] [info] [vdevice_native_stream.cpp:331] [read_impl] Failed read from stream HAILO_STREAM_NOT_ACTIVATED(72) (device: 0001:01:00.0)
[2026-05-07 04:15:15.492] [26805] [HailoRT] [info] [vdevice_native_stream.cpp:331] [read_impl] Failed read from stream HAILO_STREAM_NOT_ACTIVATED(72) (device: 0001:01:00.0)
[2026-05-07 04:15:15.492] [26815] [HailoRT] [info] [vdevice_native_stream.cpp:331] [read_impl] Failed read from stream HAILO_STREAM_NOT_ACTIVATED(72) (device: 0001:01:00.0)
[2026-05-07 04:15:15.492] [26819] [HailoRT] [info] [vdevice_native_stream.cpp:331] [read_impl] Failed read from stream HAILO_STREAM_NOT_ACTIVATED(72) (device: 0001:01:00.0)
[2026-05-07 04:15:15.492] [26807] [HailoRT] [info] [vdevice_native_stream.cpp:331] [read_impl] Failed read from stream HAILO_STREAM_NOT_ACTIVATED(72) (device: 0001:01:00.0)
[2026-05-07 04:15:15.492] [26811] [HailoRT] [info] [vdevice_native_stream.cpp:331] [read_impl] Failed read from stream HAILO_STREAM_NOT_ACTIVATED(72) (device: 0001:01:00.0)
[2026-05-07 04:15:15.492] [26809] [HailoRT] [info] [vdevice_native_stream.cpp:331] [read_impl] Failed read from stream HAILO_STREAM_NOT_ACTIVATED(72) (device: 0001:01:00.0)
[2026-05-07 04:15:15.492] [26813] [HailoRT] [info] [vdevice_native_stream.cpp:331] [read_impl] Failed read from stream HAILO_STREAM_NOT_ACTIVATED(72) (device: 0001:01:00.0)
[2026-05-07 04:15:15.492] [26804] [HailoRT] [info] [core_op.cpp:186] [deactivate] Deactivating took 0.543148 ms
[2026-05-07 04:15:15.492] [26804] [HailoRT] [info] [core_op.cpp:186] [deactivate] Deactivating took 0.568333 ms
[2026-05-07 04:15:15.492] [26805] [HailoRT] [info] [queue_elements.cpp:734] [run_in_thread] Shutdown event was signaled in run_pull of queue element PullQEl_hw_read3scrfd_2_5g/conv42!
[2026-05-07 04:15:15.492] [26806] [HailoRT] [info] [queue_elements.cpp:855] [run_in_thread] Shutdown event was signaled in dequeue of UserBuffQEl3scrfd_2_5g/conv42!
[2026-05-07 04:15:15.492] [26805] [HailoRT] [info] [queue_elements.cpp:68] [operator()] Thread in element PullQEl_hw_read3scrfd_2_5g/conv42 is not running anymore, exiting..
[2026-05-07 04:15:15.492] [26804] [HailoRT] [info] [queue_elements.cpp:46] [~BaseQueueElement] Queue element PullQEl_hw_read3scrfd_2_5g/conv42 has 0 frames in his Queue on destruction
[2026-05-07 04:15:15.493] [26806] [HailoRT] [info] [queue_elements.cpp:68] [operator()] Thread in element UserBuffQEl3scrfd_2_5g/conv42 is not running anymore, exiting..
[2026-05-07 04:15:15.493] [26804] [HailoRT] [info] [queue_elements.cpp:46] [~BaseQueueElement] Queue element UserBuffQEl3scrfd_2_5g/conv42 has 0 frames in his Queue on destruction
[2026-05-07 04:15:15.493] [26807] [HailoRT] [info] [queue_elements.cpp:734] [run_in_thread] Shutdown event was signaled in run_pull of queue element PullQEl_hw_read0scrfd_2_5g/conv43!
[2026-05-07 04:15:15.493] [26808] [HailoRT] [info] [queue_elements.cpp:855] [run_in_thread] Shutdown event was signaled in dequeue of UserBuffQEl0scrfd_2_5g/conv43!
[2026-05-07 04:15:15.493] [26807] [HailoRT] [info] [queue_elements.cpp:68] [operator()] Thread in element PullQEl_hw_read0scrfd_2_5g/conv43 is not running anymore, exiting..
[2026-05-07 04:15:15.493] [26804] [HailoRT] [info] [queue_elements.cpp:46] [~BaseQueueElement] Queue element PullQEl_hw_read0scrfd_2_5g/conv43 has 0 frames in his Queue on destruction
[2026-05-07 04:15:15.493] [26808] [HailoRT] [info] [queue_elements.cpp:68] [operator()] Thread in element UserBuffQEl0scrfd_2_5g/conv43 is not running anymore, exiting..
[2026-05-07 04:15:15.493] [26804] [HailoRT] [info] [queue_elements.cpp:46] [~BaseQueueElement] Queue element UserBuffQEl0scrfd_2_5g/conv43 has 0 frames in his Queue on destruction
[2026-05-07 04:15:15.493] [26809] [HailoRT] [info] [queue_elements.cpp:734] [run_in_thread] Shutdown event was signaled in run_pull of queue element PullQEl_hw_read2scrfd_2_5g/conv44!
[2026-05-07 04:15:15.493] [26810] [HailoRT] [info] [queue_elements.cpp:855] [run_in_thread] Shutdown event was signaled in dequeue of UserBuffQEl2scrfd_2_5g/conv44!
[2026-05-07 04:15:15.493] [26809] [HailoRT] [info] [queue_elements.cpp:68] [operator()] Thread in element PullQEl_hw_read2scrfd_2_5g/conv44 is not running anymore, exiting..
[2026-05-07 04:15:15.493] [26804] [HailoRT] [info] [queue_elements.cpp:46] [~BaseQueueElement] Queue element PullQEl_hw_read2scrfd_2_5g/conv44 has 0 frames in his Queue on destruction
[2026-05-07 04:15:15.493] [26810] [HailoRT] [info] [queue_elements.cpp:68] [operator()] Thread in element UserBuffQEl2scrfd_2_5g/conv44 is not running anymore, exiting..
[2026-05-07 04:15:15.493] [26804] [HailoRT] [info] [queue_elements.cpp:46] [~BaseQueueElement] Queue element UserBuffQEl2scrfd_2_5g/conv44 has 0 frames in his Queue on destruction
[2026-05-07 04:15:15.493] [26812] [HailoRT] [info] [queue_elements.cpp:855] [run_in_thread] Shutdown event was signaled in dequeue of UserBuffQEl14scrfd_2_5g/conv49!
[2026-05-07 04:15:15.493] [26811] [HailoRT] [info] [queue_elements.cpp:734] [run_in_thread] Shutdown event was signaled in run_pull of queue element PullQEl_hw_read14scrfd_2_5g/conv49!
[2026-05-07 04:15:15.493] [26811] [HailoRT] [info] [queue_elements.cpp:68] [operator()] Thread in element PullQEl_hw_read14scrfd_2_5g/conv49 is not running anymore, exiting..
[2026-05-07 04:15:15.493] [26804] [HailoRT] [info] [queue_elements.cpp:46] [~BaseQueueElement] Queue element PullQEl_hw_read14scrfd_2_5g/conv49 has 0 frames in his Queue on destruction
[2026-05-07 04:15:15.493] [26812] [HailoRT] [info] [queue_elements.cpp:68] [operator()] Thread in element UserBuffQEl14scrfd_2_5g/conv49 is not running anymore, exiting..
[2026-05-07 04:15:15.493] [26804] [HailoRT] [info] [queue_elements.cpp:46] [~BaseQueueElement] Queue element UserBuffQEl14scrfd_2_5g/conv49 has 0 frames in his Queue on destruction
[2026-05-07 04:15:15.493] [26814] [HailoRT] [info] [queue_elements.cpp:855] [run_in_thread] Shutdown event was signaled in dequeue of UserBuffQEl12scrfd_2_5g/conv50!
[2026-05-07 04:15:15.493] [26813] [HailoRT] [info] [queue_elements.cpp:734] [run_in_thread] Shutdown event was signaled in run_pull of queue element PullQEl_hw_read12scrfd_2_5g/conv50!
[2026-05-07 04:15:15.493] [26813] [HailoRT] [info] [queue_elements.cpp:68] [operator()] Thread in element PullQEl_hw_read12scrfd_2_5g/conv50 is not running anymore, exiting..
[2026-05-07 04:15:15.493] [26804] [HailoRT] [info] [queue_elements.cpp:46] [~BaseQueueElement] Queue element PullQEl_hw_read12scrfd_2_5g/conv50 has 0 frames in his Queue on destruction
[2026-05-07 04:15:15.493] [26814] [HailoRT] [info] [queue_elements.cpp:68] [operator()] Thread in element UserBuffQEl12scrfd_2_5g/conv50 is not running anymore, exiting..
[2026-05-07 04:15:15.493] [26804] [HailoRT] [info] [queue_elements.cpp:46] [~BaseQueueElement] Queue element UserBuffQEl12scrfd_2_5g/conv50 has 0 frames in his Queue on destruction
[2026-05-07 04:15:15.493] [26816] [HailoRT] [info] [queue_elements.cpp:855] [run_in_thread] Shutdown event was signaled in dequeue of UserBuffQEl1scrfd_2_5g/conv51!
[2026-05-07 04:15:15.493] [26815] [HailoRT] [info] [queue_elements.cpp:734] [run_in_thread] Shutdown event was signaled in run_pull of queue element PullQEl_hw_read1scrfd_2_5g/conv51!
[2026-05-07 04:15:15.493] [26815] [HailoRT] [info] [queue_elements.cpp:68] [operator()] Thread in element PullQEl_hw_read1scrfd_2_5g/conv51 is not running anymore, exiting..
[2026-05-07 04:15:15.494] [26804] [HailoRT] [info] [queue_elements.cpp:46] [~BaseQueueElement] Queue element PullQEl_hw_read1scrfd_2_5g/conv51 has 0 frames in his Queue on destruction
[2026-05-07 04:15:15.494] [26816] [HailoRT] [info] [queue_elements.cpp:68] [operator()] Thread in element UserBuffQEl1scrfd_2_5g/conv51 is not running anymore, exiting..
[2026-05-07 04:15:15.494] [26804] [HailoRT] [info] [queue_elements.cpp:46] [~BaseQueueElement] Queue element UserBuffQEl1scrfd_2_5g/conv51 has 0 frames in his Queue on destruction
[2026-05-07 04:15:15.494] [26817] [HailoRT] [info] [queue[2026-05-07 04:15:18.952] [34447] [HailoRT] [info] [vdevice.cpp:523] [create] Creating vdevice with params: device_count: 1, scheduling_algorithm: NONE, multi_process_service: false
[2026-05-07 04:15:18.964] [34447] [HailoRT] [info] [device.cpp:49] [Device] OS Version: Linux 6.12.75+rpt-rpi-2712 #1 SMP PREEMPT Debian 1:6.12.75-1+rpt1~bookworm (2026-03-11) aarch64
[2026-05-07 04:15:18.965] [34447] [HailoRT] [info] [control.cpp:108] [control__parse_identify_results] firmware_version is: 4.20.0
[2026-05-07 04:15:18.965] [34447] [HailoRT] [info] [vdevice.cpp:651] [create] VDevice Infos: 0001:01:00.0
[2026-05-07 04:15:18.971] [34447] [HailoRT] [info] [internal_buffer_manager.cpp:204] [print_execution_results] Planned internal buffer memory: CMA memory 0, user memory 462336. memory to edge layer usage factor is 1
[2026-05-07 04:15:18.971] [34447] [HailoRT] [info] [internal_buffer_manager.cpp:212] [print_execution_results] Default Internal buffer planner executed successfully
[2026-05-07 04:15:18.986] [34447] [HailoRT] [info] [device_internal.cpp:57] [configure] Configuring HEF took 20.753157 milliseconds
[2026-05-07 04:15:18.987] [34447] [HailoRT] [info] [vdevice.cpp:749] [configure] Configuring HEF on VDevice took 21.162847 milliseconds
[2026-05-07 04:15:18.987] [34447] [HailoRT] [info] [hef.cpp:1929] [get_network_group_and_network_name] No name was given. Addressing all networks of default network_group: scrfd_2_5g
[2026-05-07 04:15:19.035] [34475] [HailoRT] [info] [edge_elements.cpp:52] [create] Created (HwWriteEl3scrfd_2_5g/input_layer1 | hw_frame_size: 1228800)
[2026-05-07 04:15:19.035] [34475] [HailoRT] [info] [vstream.cpp:754] [InputVStreamImpl] Creating scrfd_2_5g/input_layer1...
[2026-05-07 04:15:19.035] [34475] [HailoRT] [info] [vstream_builder.cpp:102] [create_inputs] Input pipeline 'scrfd_2_5g/input_layer1': (HwWriteEl3scrfd_2_5g/input_layer1 | hw_frame_size: 1228800) >> HW
[2026-05-07 04:15:19.035] [34475] [HailoRT] [info] [edge_elements.cpp:287] [create] Created (HwReadEl3scrfd_2_5g/conv42 | hw_frame_size: 12800)
[2026-05-07 04:15:19.035] [34475] [HailoRT] [info] [queue_elements.cpp:657] [create] Created (PullQEl_hw_read3scrfd_2_5g/conv42)
[2026-05-07 04:15:19.035] [34475] [HailoRT] [info] [filter_elements.cpp:375] [create] Created (PostInferEl3scrfd_2_5g/conv42 | Quantization - src_type: UINT8, dst_type FLOAT32, limvals_min: 0, limvals_max: 1)
[2026-05-07 04:15:19.036] [34475] [HailoRT] [info] [queue_elements.cpp:800] [create] Created (UserBuffQEl3scrfd_2_5g/conv42 | timeout: 60s)
[2026-05-07 04:15:19.036] [34475] [HailoRT] [info] [vstream.cpp:1114] [OutputVStreamImpl] Creating scrfd_2_5g/conv42...
[2026-05-07 04:15:19.036] [34475] [HailoRT] [info] [vstream_builder.cpp:220] [create_outputs] Output pipeline 'scrfd_2_5g/conv42': HW >> (HwReadEl3scrfd_2_5g/conv42 | hw_frame_size: 12800) >> (PullQEl_hw_read3scrfd_2_5g/conv42) >> (PostInferEl3scrfd_2_5g/conv42 | Quantization - src_type: UINT8, dst_type FLOAT32, limvals_min: 0, limvals_max: 1) >> (UserBuffQEl3scrfd_2_5g/conv42 | timeout: 60s)
[2026-05-07 04:15:19.036] [34475] [HailoRT] [info] [edge_elements.cpp:287] [create] Created (HwReadEl0scrfd_2_5g/conv43 | hw_frame_size: 51200)
[2026-05-07 04:15:19.069] [34475] [HailoRT] [info] [queue_elements.cpp:657] [create] Created (PullQEl_hw_read0scrfd_2_5g/conv43)
[2026-05-07 04:15:19.069] [34475] [HailoRT] [info] [filter_elements.cpp:375] [create] Created (PostInferEl0scrfd_2_5g/conv43 | Quantization - src_type: UINT8, dst_type FLOAT32, limvals_min: -0.0793963, limvals_max: 4.98212)
[2026-05-07 04:15:19.069] [34475] [HailoRT] [info] [queue_elements.cpp:800] [create] Created (UserBuffQEl0scrfd_2_5g/conv43 | timeout: 60s)
[2026-05-07 04:15:19.069] [34475] [HailoRT] [info] [vstream.cpp:1114] [OutputVStreamImpl] Creating scrfd_2_5g/conv43...
[2026-05-07 04:15:19.069] [34475] [HailoRT] [info] [vstream_builder.cpp:220] [create_outputs] Output pipeline 'scrfd_2_5g/conv43': HW >> (HwReadEl0scrfd_2_5g/conv43 | hw_frame_size: 51200) >> (PullQEl_hw_read0scrfd_2_5g/conv43) >> (PostInferEl0scrfd_2_5g/conv43 | Quantization - src_type: UINT8, dst_type FLOAT32, limvals_min: -0.0793963, limvals_max: 4.98212) >> (UserBuffQEl0scrfd_2_5g/conv43 | timeout: 60s)
[2026-05-07 04:15:19.069] [34475] [HailoRT] [info] [edge_elements.cpp:287] [create] Created (HwReadEl2scrfd_2_5g/conv44 | hw_frame_size: 153600)
[2026-05-07 04:15:19.069] [34475] [HailoRT] [info] [queue_elements.cpp:657] [create] Created (PullQEl_hw_read2scrfd_2_5g/conv44)
[2026-05-07 04:15:19.069] [34475] [HailoRT] [info] [filter_elements.cpp:375] [create] Created (PostInferEl2scrfd_2_5g/conv44 | Quantization - src_type: UINT8, dst_type FLOAT32, limvals_min: -3.16292, limvals_max: 3.50274 | Reorder - src_order: FCR, src_shape: (80, 80, 24), dst_order: FCR, dst_shape: (80, 80, 20))
[2026-05-07 04:15:19.069] [34475] [HailoRT] [info] [queue_elements.cpp:800] [create] Created (UserBuffQEl2scrfd_2_5g/conv44 | timeout: 60s)
[2026-05-07 04:15:19.069] [34475] [HailoRT] [info] [vstream.cpp:1114] [OutputVStreamImpl] Creating scrfd_2_5g/conv44...
[2026-05-07 04:15:19.069] [34475] [HailoRT] [info] [vstream_builder.cpp:220] [create_outputs] Output pipeline 'scrfd_2_5g/conv44': HW >> (HwReadEl2scrfd_2_5g/conv44 | hw_frame_size: 153600) >> (PullQEl_hw_read2scrfd_2_5g/conv44) >> (PostInferEl2scrfd_2_5g/conv44 | Quantization - src_type: UINT8, dst_type FLOAT32, limvals_min: -3.16292, limvals_max: 3.50274 | Reorder - src_order: FCR, src_shape: (80, 80, 24), dst_order: FCR, dst_shape: (80, 80, 20)) >> (UserBuffQEl2scrfd_2_5g/conv44 | timeout: 60s)
[2026-05-07 04:15:19.069] [34475] [HailoRT] [info] [edge_elements.cpp:287] [create] Created (HwReadEl14scrfd_2_5g/conv49 | hw_frame_size: 3200)
[2026-05-07 04:15:19.069] [34475] [HailoRT] [info] [queue_elements.cpp:657] [create] Created (PullQEl_hw_read14scrfd_2_5g/conv49)
[2026-05-07 04:15:19.069] [34475] [HailoRT] [info] [filter_elements.cpp:375] [create] Created (PostInferEl14scrfd_2_5g/conv49 | Quantization - src_type: UINT8, dst_type FLOAT32, limvals_min: 0, limvals_max: 1)
[2026-05-07 04:15:19.069] [34475] [HailoRT] [info] [queue_elements.cpp:800] [create] Created (UserBuffQEl14scrfd_2_5g/conv49 | timeout: 60s)
[2026-05-07 04:15:19.069] [34475] [HailoRT] [info] [vstream.cpp:1114] [OutputVStreamImpl] Creating scrfd_2_5g/conv49...
[2026-05-07 04:15:19.069] [34475] [HailoRT] [info] [vstream_builder.cpp:220] [create_outputs] Output pipeline 'scrfd_2_5g/conv49': HW >> (HwReadEl14scrfd_2_5g/conv49 | hw_frame_size: 3200) >> (PullQEl_hw_read14scrfd_2_5g/conv49) >> (PostInferEl14scrfd_2_5g/conv49 | Quantization - src_type: UINT8, dst_type FLOAT32, limvals_min: 0, limvals_max: 1) >> (UserBuffQEl14scrfd_2_5g/conv49 | timeout: 60s)
[2026-05-07 04:15:19.069] [34475] [HailoRT] [info] [edge_elements.cpp:287] [create] Created (HwReadEl12scrfd_2_5g/conv50 | hw_frame_size: 12800)
[2026-05-07 04:15:19.070] [34475] [HailoRT] [info] [queue_elements.cpp:657] [create] Created (PullQEl_hw_read12scrfd_2_5g/conv50)
[2026-05-07 04:15:19.070] [34475] [HailoRT] [info] [filter_elements.cpp:375] [create] Created (PostInferEl12scrfd_2_5g/conv50 | Quantization - src_type: UINT8, dst_type FLOAT32, limvals_min: 0, limvals_max: 8.10626)
[2026-05-07 04:15:19.070] [34475] [HailoRT] [info] [queue_elements.cpp:800] [create] Created (UserBuffQEl12scrfd_2_5g/conv50 | timeout: 60s)
[2026-05-07 04:15:19.070] [34475] [HailoRT] [info] [vstream.cpp:1114] [OutputVStreamImpl] Creating scrfd_2_5g/conv50...
[2026-05-07 04:15:19.070] [34475] [HailoRT] [info] [vstream_builder.cpp:220] [create_outputs] Output pipeline 'scrfd_2_5g/conv50': HW >> (HwReadEl12scrfd_2_5g/conv50 | hw_frame_size: 12800) >> (PullQEl_hw_read12scrfd_2_5g/conv50) >> (PostInferEl12scrfd_2_5g/conv50 | Quantization - src_type: UINT8, dst_type FLOAT32, limvals_min: 0, limvals_max: 8.10626) >> (UserBuffQEl12scrfd_2_5g/conv50 | timeout: 60s)
[2026-05-07 04:15:19.070] [34475] [HailoRT] [info] [edge_elements.cpp:287] [create] Created (HwReadEl1scrfd_2_5g/conv51 | hw_frame_size: 38400)
[2026-05-07 04:15:19.070] [34475] [HailoRT] [info] [queue_elements.cpp:657] [create] Created (PullQEl_hw_read1scrfd_2_5g/conv51)
[2026-05-07 04:15:19.070] [34475] [HailoRT] [info] [filter_elements.cpp:375] [create] Created (PostInferEl1scrfd_2_5g/conv51 | Quantization - src_type: UINT8, dst_type FLOAT32, limvals_min: -4.24698, limvals_max: 5.17024 | Reorder - src_order: FCR, src_shape: (40, 40, 24), dst_order: FCR, dst_shape: (40, 40, 20))
[2026-05-07 04:15:19.070] [34475] [HailoRT] [info] [queue_elements.cpp:800] [create] Created (UserBuffQEl1scrfd_2_5g/conv51 | timeout: 60s)
[2026-05-07 04:15:19.070] [34475] [HailoRT] [info] [vstream.cpp:1114] [OutputVStreamImpl] Creating scrfd_2_5g/conv51...
[2026-05-07 04:15:19.070] [34475] [HailoRT] [info] [vstream_builder.cpp:220] [create_outputs] Output pipeline 'scrfd_2_5g/conv51': HW >> (HwReadEl1scrfd_2_5g/conv51 | hw_frame_size: 38400) >> (PullQEl_hw_read1scrfd_2_5g/conv51) >> (PostInferEl1scrfd_2_5g/conv51 | Quantization - src_type: UINT8, dst_type FLOAT32, limvals_min: -4.24698, limvals_max: 5.17024 | Reorder - src_order: FCR, src_shape: (40, 40, 24), dst_order: FCR, dst_shape: (40, 40, 20)) >> (UserBuffQEl1scrfd_2_5g/conv51 | timeout: 60s)
[2026-05-07 04:15:19.070] [34475] [HailoRT] [info] [edge_elements.cpp:287] [create] Created (HwReadEl10scrfd_2_5g/conv55 | hw_frame_size: 800)
[2026-05-07 04:15:19.070] [34475] [HailoRT] [info] [queue_elements.cpp:657] [create] Created (PullQEl_hw_read10scrfd_2_5g/conv55)
[2026-05-07 04:15:19.070] [34475] [HailoRT] [info] [filter_elements.cpp:375] [create] Created (PostInferEl10scrfd_2_5g/conv55 | Quantization - src_type: UINT8, dst_type FLOAT32, limvals_min: 0, limvals_max: 1 | Reorder - src_order: NHCW, src_shape: (20, 20, 2), dst_order: NHWC, dst_shape: (20, 20, 2))
[2026-05-07 04:15:19.070] [34475] [HailoRT] [info] [queue_elements.cpp:800] [create] Created (UserBuffQEl10scrfd_2_5g/conv55 | timeout: 60s)
[2026-05-07 04:15:19.070] [34475] [HailoRT] [info] [vstream.cpp:1114] [OutputVStreamImpl] Creating scrfd_2_5g/conv55...
[2026-05-07 04:15:19.070] [34475] [HailoRT] [info] [vstream_builder.cpp:220] [create_outputs] Output pipeline 'scrfd_2_5g/conv55': HW >> (HwReadEl10scrfd_2_5g/conv55 | hw_frame_size: 800) >> (PullQEl_hw_read10scrfd_2_5g/conv55) >> (PostInferEl10scrfd_2_5g/conv55 | Quantization - src_type: UINT8, dst_type FLOAT32, limvals_min: 0, limvals_max: 1 | Reorder - src_order: NHCW, src_shape: (20, 20, 2), dst_order: NHWC, dst_shape: (20, 20, 2)) >> (UserBuffQEl10scrfd_2_5g/conv55 | timeout: 60s)
[2026-05-07 04:15:19.070] [34475] [HailoRT] [info] [edge_elements.cpp:287] [create] Created (HwReadEl9scrfd_2_5g/conv56 | hw_frame_size: 3200)
[2026-05-07 04:15:19.070] [34475] [HailoRT] [info] [queue_elements.cpp:657] [create] Created (PullQEl_hw_read9scrfd_2_5g/conv56)
[2026-05-07 04:15:19.070] [34475] [HailoRT] [info] [filter_elements.cpp:375] [create] Created (PostInferEl9scrfd_2_5g/conv56 | Quantization - src_type: UINT8, dst_type FLOAT32, limvals_min: -0.0299247, limvals_max: 7.60086 | Reorder - src_order: NHCW, src_shape: (20, 20, 8), dst_order: NHWC, dst_shape: (20, 20, 8))
[2026-05-07 04:15:19.070] [34475] [HailoRT] [info] [queue_elements.cpp:800] [create] Created (UserBuffQEl9scrfd_2_5g/conv56 | timeout: 60s)
[2026-05-07 04:15:19.070] [34475] [HailoRT] [info] [vstream.cpp:1114] [OutputVStreamImpl] Creating scrfd_2_5g/conv56...
[2026-05-07 04:15:19.070] [34475] [HailoRT] [info] [vstream_builder.cpp:220] [create_outputs] Output pipeline 'scrfd_2_5g/conv56': HW >> (HwReadEl9scrfd_2_5g/conv56 | hw_frame_size: 3200) >> (PullQEl_hw_read9scrfd_2_5g/conv56) >> (PostInferEl9scrfd_2_5g/conv56 | Quantization - src_type: UINT8, dst_type FLOAT32, limvals_min: -0.0299247, limvals_max: 7.60086 | Reorder - src_order: NHCW, src_shape: (20, 20, 8), dst_order: NHWC, dst_shape: (20, 20, 8)) >> (UserBuffQEl9scrfd_2_5g/conv56 | timeout: 60s)
[2026-05-07 04:15:19.070] [34475] [HailoRT] [info] [edge_elements.cpp:287] [create] Created (HwReadEl13scrfd_2_5g/conv57 | hw_frame_size: 9600)
[2026-05-07 04:15:19.070] [34475] [HailoRT] [info] [queue_elements.cpp:657] [create] Created (PullQEl_hw_read13scrfd_2_5g/conv57)
[2026-05-07 04:15:19.070] [34475] [HailoRT] [info] [filter_elements.cpp:375] [create] Created (PostInferEl13scrfd_2_5g/conv57 | Quantization - src_type: UINT8, dst_type FLOAT32, limvals_min: -4.03285, limvals_max: 5.14908 | Reorder - src_order: FCR, src_shape: (20, 20, 24), dst_order: FCR, dst_shape: (20, 20, 20))
[2026-05-07 04:15:19.070] [34475] [HailoRT] [info] [queue_elements.cpp:800] [create] Created (UserBuffQEl13scrfd_2_5g/conv57 | timeout: 60s)
[2026-05-07 04:15:19.070] [34475] [HailoRT] [info] [vstream.cpp:1114] [OutputVStreamImpl] Creating scrfd_2_5g/conv57...
[2026-05-07 04:15:19.070] [34475] [HailoRT] [info] [vstream_builder.cpp:220] [create_outputs] Output pipeline 'scrfd_2_5g/conv57': HW >> (HwReadEl13scrfd_2_5g/conv57 | hw_frame_size: 9600) >> (PullQEl_hw_read13scrfd_2_5g/conv57) >> (PostInferEl13scrfd_2_5g/conv57 | Quantization - src_type: UINT8, dst_type FLOAT32, limvals_min: -4.03285, limvals_max: 5.14908 | Reorder - src_order: FCR, src_shape: (20, 20, 24), dst_order: FCR, dst_shape: (20, 20, 20)) >> (UserBuffQEl13scrfd_2_5g/conv57 | timeout: 60s)
[2026-05-07 04:15:19.071] [34475] [HailoRT] [info] [core_op.cpp:156] [activate] Activating scrfd_2_5g took 0.538557 milliseconds. Note that the function is asynchronous and thus the network is not fully activated yet.
[2026-05-07 04:15:19.071] [34475] [HailoRT] [info] [core_op.cpp:156] [activate] Activating scrfd_2_5g took 0.548056 milliseconds. Note that the function is asynchronous and thus the network is not fully activated yet.
[2026-05-07 04:15:42.737] [34484] [HailoRT] [info] [vdevice_native_stream.cpp:331] [read_impl] Failed read from stream HAILO_STREAM_NOT_ACTIVATED(72) (device: 0001:01:00.0)
[2026-05-07 04:15:42.737] [34478] [HailoRT] [info] [vdevice_native_stream.cpp:331] [read_impl] Failed read from stream HAILO_STREAM_NOT_ACTIVATED(72) (device: 0001:01:00.0)
[2026-05-07 04:15:42.737] [34486] [HailoRT] [info] [vdevice_native_stream.cpp:331] [read_impl] Failed read from stream HAILO_STREAM_NOT_ACTIVATED(72) (device: 0001:01:00.0)
[2026-05-07 04:15:42.737] [34488] [HailoRT] [info] [vdevice_native_stream.cpp:331] [read_impl] Failed read from stream HAILO_STREAM_NOT_ACTIVATED(72) (device: 0001:01:00.0)
[2026-05-07 04:15:42.737] [34482] [HailoRT] [info] [vdevice_native_stream.cpp:331] [read_impl] Failed read from stream HAILO_STREAM_NOT_ACTIVATED(72) (device: 0001:01:00.0)
[2026-05-07 04:15:42.737] [34492] [HailoRT] [info] [vdevice_native_stream.cpp:331] [read_impl] Failed read from stream HAILO_STREAM_NOT_ACTIVATED(72) (device: 0001:01:00.0)
[2026-05-07 04:15:42.737] [34480] [HailoRT] [info] [vdevice_native_stream.cpp:331] [read_impl] Failed read from stream HAILO_STREAM_NOT_ACTIVATED(72) (device: 0001:01:00.0)
[2026-05-07 04:15:42.737] [34490] [HailoRT] [info] [vdevice_native_stream.cpp:331] [read_impl] Failed read from stream HAILO_STREAM_NOT_ACTIVATED(72) (device: 0001:01:00.0)
[2026-05-07 04:15:42.737] [34476] [HailoRT] [info] [vdevice_native_stream.cpp:331] [read_impl] Failed read from stream HAILO_STREAM_NOT_ACTIVATED(72) (device: 0001:01:00.0)
[2026-05-07 04:15:42.737] [34475] [HailoRT] [info] [core_op.cpp:186] [deactivate] Deactivating took 0.608857 ms
[2026-05-07 04:15:42.737] [34475] [HailoRT] [info] [core_op.cpp:186] [deactivate] Deactivating took 0.632079 ms
[2026-05-07 04:15:42.737] [34476] [HailoRT] [info] [queue_elements.cpp:734] [run_in_thread] Shutdown event was signaled in run_pull of queue element PullQEl_hw_read3scrfd_2_5g/conv42!
[2026-05-07 04:15:42.738] [34477] [HailoRT] [info] [queue_elements.cpp:855] [run_in_thread] Shutdown event was signaled in dequeue of UserBuffQEl3scrfd_2_5g/conv42!
[2026-05-07 04:15:42.738] [34476] [HailoRT] [info] [queue_elements.cpp:68] [operator()] Thread in element PullQEl_hw_read3scrfd_2_5g/conv42 is not running anymore, exiting..
[2026-05-07 04:15:42.738] [34475] [HailoRT] [info] [queue_elements.cpp:46] [~BaseQueueElement] Queue element PullQEl_hw_read3scrfd_2_5g/conv42 has 0 frames in his Queue on destruction
[2026-05-07 04:15:42.739] [34477] [HailoRT] [info] [queue_elements.cpp:68] [operator()] Thread in element UserBuffQEl3scrfd_2_5g/conv42 is not running anymore, exiting..
[2026-05-07 04:15:42.739] [34475] [HailoRT] [info] [queue_elements.cpp:46] [~BaseQueueElement] Queue element UserBuffQEl3scrfd_2_5g/conv42 has 0 frames in his Queue on destruction
[2026-05-07 04:15:42.739] [34478] [HailoRT] [info] [queue_elements.cpp:734] [run_in_thread] Shutdown event was signaled in run_pull of queue element PullQEl_hw_read0scrfd_2_5g/conv43!
[2026-05-07 04:15:42.739] [34479] [HailoRT] [info] [queue_elements.cpp:855] [run_in_thread] Shutdown event was signaled in dequeue of UserBuffQEl0scrfd_2_5g/conv43!
[2026-05-07 04:15:42.740] [34478] [HailoRT] [info] [queue_elements.cpp:68] [operator()] Thread in element PullQEl_hw_read0scrfd_2_5g/conv43 is not running anymore, exiting..
[2026-05-07 04:15:42.740] [34475] [HailoRT] [info] [queue_elements.cpp:46] [~BaseQueueElement] Queue element PullQEl_hw_read0scrfd_2_5g/conv43 has 0 frames in his Queue on destruction
[2026-05-07 04:15:42.740] [34479] [HailoRT] [info] [queue_elements.cpp:68] [operator()] Thread in element UserBuffQEl0scrfd_2_5g/conv43 is not running anymore, exiting..
[2026-05-07 04:15:42.740] [34475] [HailoRT] [info] [queue_elements.cpp:46] [~BaseQueueElement] Queue element UserBuffQEl0scrfd_2_5g/conv43 has 0 frames in his Queue on destruction
[2026-05-07 04:15:42.740] [34480] [HailoRT] [info] [queue_elements.cpp:734] [run_in_thread] Shutdown event was signaled in run_pull of queue element PullQEl_hw_read2scrfd_2_5g/conv44!
[2026-05-07 04:15:42.740] [34481] [HailoRT] [info] [queue_elements.cpp:855] [run_in_thread] Shutdown event was signaled in dequeue of UserBuffQEl2scrfd_2_5g/conv44!
[2026-05-07 04:15:42.740] [34480] [HailoRT] [info] [queue_elements.cpp:68] [operator()] Thread in element PullQEl_hw_read2scrfd_2_5g/conv44 is not running anymore, exiting..
[2026-05-07 04:15:42.741] [34475] [HailoRT] [info] [queue_elements.cpp:46] [~BaseQueueElement] Queue element PullQEl_hw_read2scrfd_2_5g/conv44 has 0 frames in his Queue on destruction
[2026-05-07 04:15:42.741] [34481] [HailoRT] [info] [queue_elements.cpp:68] [operator()] Thread in element UserBuffQEl2scrfd_2_5g/conv44 is not running anymore, exiting..
[2026-05-07 04:15:42.741] [34475] [HailoRT] [info] [queue_elements.cpp:46] [~BaseQueueElement] Queue element UserBuffQEl2scrfd_2_5g/conv44 has 0 frames in his Queue on destruction
[2026-05-07 04:15:42.741] [34483] [HailoRT] [info] [queue_elements.cpp:855] [run_in_thread] Shutdown event was signaled in dequeue of UserBuffQEl14scrfd_2_5g/conv49!
[2026-05-07 04:15:42.741] [34482] [HailoRT] [info] [queue_elements.cpp:734] [run_in_thread] Shutdown event was signaled in run_pull of queue element PullQEl_hw_read14scrfd_2_5g/conv49!
[2026-05-07 04:15:42.741] [34482] [HailoRT] [info] [queue_elements.cpp:68] [operator()] Thread in element PullQEl_hw_read14scrfd_2_5g/conv49 is not running anymore, exiting..
[2026-05-07 04:15:42.742] [34475] [HailoRT] [info] [queue_elements.cpp:46] [~BaseQueueElement] Queue element PullQEl_hw_read14scrfd_2_5g/conv49 has 0 frames in his Queue on destruction
[2026-05-07 04:15:42.742] [34483] [HailoRT] [info] [queue_elements.cpp:68] [operator()] Thread in element UserBuffQEl14scrfd_2_5g/conv49 is not running anymore, exiting..
[2026-05-07 04:15:42.742] [34475] [HailoRT] [info] [queue_elements.cpp:46] [~BaseQueueElement] Queue element UserBuffQEl14scrfd_2_5g/conv49 has 0 frames in his Queue on destruction
[2026-05-07 04:15:42.742] [34485] [HailoRT] [info] [queue_elements.cpp:855] [run_in_thread] Shutdown event was signaled in dequeue of UserBuffQEl12scrfd_2_5g/conv50!
[2026-05-07 04:15:42.742] [34484] [HailoRT] [info] [queue_elements.cpp:734] [run_in_thread] Shutdown event was signaled in run_pull of queue element PullQEl_hw_read12scrfd_2_5g/conv50!
[2026-05-07 04:15:42.742] [34484] [HailoRT] [info] [queue_elements.cpp:68] [operator()] Thread in element PullQEl_hw_read12scrfd_2_5g/conv50 is not running anymore, exiting..
[2026-05-07 04:15:42.743] [34475] [HailoRT] [info] [queue_elements.cpp:46] [~BaseQueueElement] Queue element PullQEl_hw_read12scrfd_2_5g/conv50 has 0 frames in his Queue on destruction
[2026-05-07 04:15:42.743] [34485] [HailoRT] [info] [queue_elements.cpp:68] [operator()] Thread in element UserBuffQEl12scrfd_2_5g/conv50 is not running anymore, exiting..
[2026-05-07 04:15:42.743] [34475] [HailoRT] [info] [queue_elements.cpp:46] [~BaseQueueElement] Queue element UserBuffQEl12scrfd_2_5g/conv50 has 0 frames in his Queue on destruction
[2026-05-07 04:15:42.743] [34486] [HailoRT] [info] [queue_elements.cpp:734] [run_in_thread] Shutdown event was signaled in run_pull of queue element PullQEl_hw_read1scrfd_2_5g/conv51!
[2026-05-07 04:15:42.744] [34487] [HailoRT] [info] [queue_elements.cpp:855] [run_in_thread] Shutdown event was signaled in dequeue of UserBuffQEl1scrfd_2_5g/conv51!
[2026-05-07 04:15:42.745] [34486] [HailoRT] [info] [queue_elements.cpp:68] [operator()] Thread in element PullQEl_hw_read1scrfd_2_5g/conv51 is not running anymore, exiting..
[2026-05-07 04:15:42.745] [34475] [HailoRT] [info] [queue_elements.cpp:46] [~BaseQueueElement] Queue element PullQEl_hw_read1scrfd_2_5g/conv51 has 0 frames in his Queue on destruction
[2026-05-07 04:15:42.745] [34487] [HailoRT] [info] [queue_elements.cpp:68] [operator()] Thread in element UserBuffQEl1scrfd_2_5g/conv51 is not running anymore, exiting..
[2026-05-07 04:15:42.745] [34475] [HailoRT] [info] [queue_elements.cpp:46] [~BaseQueueElement] Queue element UserBuffQEl1scrfd_2_5g/conv51 has 0 frames in his Queue on destruction
[2026-05-07 04:15:42.746] [34488] [HailoRT] [info] [queue[2026-05-07 04:15:54.101] [38499] [HailoRT] [info] [vdevice.cpp:523] [create] Creating vdevice with params: device_count: 1, scheduling_algorithm: NONE, multi_process_service: false
[2026-05-07 04:15:54.113] [38499] [HailoRT] [info] [device.cpp:49] [Device] OS Version: Linux 6.12.75+rpt-rpi-2712 #1 SMP PREEMPT Debian 1:6.12.75-1+rpt1~bookworm (2026-03-11) aarch64
[2026-05-07 04:15:54.114] [38499] [HailoRT] [info] [control.cpp:108] [control__parse_identify_results] firmware_version is: 4.20.0
[2026-05-07 04:15:54.114] [38499] [HailoRT] [info] [vdevice.cpp:651] [create] VDevice Infos: 0001:01:00.0
[2026-05-07 04:15:54.120] [38499] [HailoRT] [info] [internal_buffer_manager.cpp:204] [print_execution_results] Planned internal buffer memory: CMA memory 0, user memory 462336. memory to edge layer usage factor is 1
[2026-05-07 04:15:54.120] [38499] [HailoRT] [info] [internal_buffer_manager.cpp:212] [print_execution_results] Default Internal buffer planner executed successfully
[2026-05-07 04:15:54.134] [38499] [HailoRT] [info] [device_internal.cpp:57] [configure] Configuring HEF took 19.583201 milliseconds
[2026-05-07 04:15:54.134] [38499] [HailoRT] [info] [vdevice.cpp:749] [configure] Configuring HEF on VDevice took 19.996841 milliseconds
[2026-05-07 04:15:54.136] [38499] [HailoRT] [info] [hef.cpp:1929] [get_network_group_and_network_name] No name was given. Addressing all networks of default network_group: scrfd_2_5g
[2026-05-07 04:15:54.254] [38527] [HailoRT] [info] [edge_elements.cpp:52] [create] Created (HwWriteEl3scrfd_2_5g/input_layer1 | hw_frame_size: 1228800)
[2026-05-07 04:15:54.254] [38527] [HailoRT] [info] [vstream.cpp:754] [InputVStreamImpl] Creating scrfd_2_5g/input_layer1...
[2026-05-07 04:15:54.254] [38527] [HailoRT] [info] [vstream_builder.cpp:102] [create_inputs] Input pipeline 'scrfd_2_5g/input_layer1': (HwWriteEl3scrfd_2_5g/input_layer1 | hw_frame_size: 1228800) >> HW
[2026-05-07 04:15:54.254] [38527] [HailoRT] [info] [edge_elements.cpp:287] [create] Created (HwReadEl3scrfd_2_5g/conv42 | hw_frame_size: 12800)
[2026-05-07 04:15:54.254] [38527] [HailoRT] [info] [queue_elements.cpp:657] [create] Created (PullQEl_hw_read3scrfd_2_5g/conv42)
[2026-05-07 04:15:54.254] [38527] [HailoRT] [info] [filter_elements.cpp:375] [create] Created (PostInferEl3scrfd_2_5g/conv42 | Quantization - src_type: UINT8, dst_type FLOAT32, limvals_min: 0, limvals_max: 1)
[2026-05-07 04:15:54.254] [38527] [HailoRT] [info] [queue_elements.cpp:800] [create] Created (UserBuffQEl3scrfd_2_5g/conv42 | timeout: 60s)
[2026-05-07 04:15:54.254] [38527] [HailoRT] [info] [vstream.cpp:1114] [OutputVStreamImpl] Creating scrfd_2_5g/conv42...
[2026-05-07 04:15:54.254] [38527] [HailoRT] [info] [vstream_builder.cpp:220] [create_outputs] Output pipeline 'scrfd_2_5g/conv42': HW >> (HwReadEl3scrfd_2_5g/conv42 | hw_frame_size: 12800) >> (PullQEl_hw_read3scrfd_2_5g/conv42) >> (PostInferEl3scrfd_2_5g/conv42 | Quantization - src_type: UINT8, dst_type FLOAT32, limvals_min: 0, limvals_max: 1) >> (UserBuffQEl3scrfd_2_5g/conv42 | timeout: 60s)
[2026-05-07 04:15:54.254] [38527] [HailoRT] [info] [edge_elements.cpp:287] [create] Created (HwReadEl0scrfd_2_5g/conv43 | hw_frame_size: 51200)
[2026-05-07 04:15:54.269] [38527] [HailoRT] [info] [queue_elements.cpp:657] [create] Created (PullQEl_hw_read0scrfd_2_5g/conv43)
[2026-05-07 04:15:54.269] [38527] [HailoRT] [info] [filter_elements.cpp:375] [create] Created (PostInferEl0scrfd_2_5g/conv43 | Quantization - src_type: UINT8, dst_type FLOAT32, limvals_min: -0.0793963, limvals_max: 4.98212)
[2026-05-07 04:15:54.269] [38527] [HailoRT] [info] [queue_elements.cpp:800] [create] Created (UserBuffQEl0scrfd_2_5g/conv43 | timeout: 60s)
[2026-05-07 04:15:54.269] [38527] [HailoRT] [info] [vstream.cpp:1114] [OutputVStreamImpl] Creating scrfd_2_5g/conv43...
[2026-05-07 04:15:54.269] [38527] [HailoRT] [info] [vstream_builder.cpp:220] [create_outputs] Output pipeline 'scrfd_2_5g/conv43': HW >> (HwReadEl0scrfd_2_5g/conv43 | hw_frame_size: 51200) >> (PullQEl_hw_read0scrfd_2_5g/conv43) >> (PostInferEl0scrfd_2_5g/conv43 | Quantization - src_type: UINT8, dst_type FLOAT32, limvals_min: -0.0793963, limvals_max: 4.98212) >> (UserBuffQEl0scrfd_2_5g/conv43 | timeout: 60s)
[2026-05-07 04:15:54.269] [38527] [HailoRT] [info] [edge_elements.cpp:287] [create] Created (HwReadEl2scrfd_2_5g/conv44 | hw_frame_size: 153600)
[2026-05-07 04:15:54.269] [38527] [HailoRT] [info] [queue_elements.cpp:657] [create] Created (PullQEl_hw_read2scrfd_2_5g/conv44)
[2026-05-07 04:15:54.269] [38527] [HailoRT] [info] [filter_elements.cpp:375] [create] Created (PostInferEl2scrfd_2_5g/conv44 | Quantization - src_type: UINT8, dst_type FLOAT32, limvals_min: -3.16292, limvals_max: 3.50274 | Reorder - src_order: FCR, src_shape: (80, 80, 24), dst_order: FCR, dst_shape: (80, 80, 20))
[2026-05-07 04:15:54.269] [38527] [HailoRT] [info] [queue_elements.cpp:800] [create] Created (UserBuffQEl2scrfd_2_5g/conv44 | timeout: 60s)
[2026-05-07 04:15:54.269] [38527] [HailoRT] [info] [vstream.cpp:1114] [OutputVStreamImpl] Creating scrfd_2_5g/conv44...
[2026-05-07 04:15:54.269] [38527] [HailoRT] [info] [vstream_builder.cpp:220] [create_outputs] Output pipeline 'scrfd_2_5g/conv44': HW >> (HwReadEl2scrfd_2_5g/conv44 | hw_frame_size: 153600) >> (PullQEl_hw_read2scrfd_2_5g/conv44) >> (PostInferEl2scrfd_2_5g/conv44 | Quantization - src_type: UINT8, dst_type FLOAT32, limvals_min: -3.16292, limvals_max: 3.50274 | Reorder - src_order: FCR, src_shape: (80, 80, 24), dst_order: FCR, dst_shape: (80, 80, 20)) >> (UserBuffQEl2scrfd_2_5g/conv44 | timeout: 60s)
[2026-05-07 04:15:54.269] [38527] [HailoRT] [info] [edge_elements.cpp:287] [create] Created (HwReadEl14scrfd_2_5g/conv49 | hw_frame_size: 3200)
[2026-05-07 04:15:54.269] [38527] [HailoRT] [info] [queue_elements.cpp:657] [create] Created (PullQEl_hw_read14scrfd_2_5g/conv49)
[2026-05-07 04:15:54.270] [38527] [HailoRT] [info] [filter_elements.cpp:375] [create] Created (PostInferEl14scrfd_2_5g/conv49 | Quantization - src_type: UINT8, dst_type FLOAT32, limvals_min: 0, limvals_max: 1)
[2026-05-07 04:15:54.270] [38527] [HailoRT] [info] [queue_elements.cpp:800] [create] Created (UserBuffQEl14scrfd_2_5g/conv49 | timeout: 60s)
[2026-05-07 04:15:54.270] [38527] [HailoRT] [info] [vstream.cpp:1114] [OutputVStreamImpl] Creating scrfd_2_5g/conv49...
[2026-05-07 04:15:54.270] [38527] [HailoRT] [info] [vstream_builder.cpp:220] [create_outputs] Output pipeline 'scrfd_2_5g/conv49': HW >> (HwReadEl14scrfd_2_5g/conv49 | hw_frame_size: 3200) >> (PullQEl_hw_read14scrfd_2_5g/conv49) >> (PostInferEl14scrfd_2_5g/conv49 | Quantization - src_type: UINT8, dst_type FLOAT32, limvals_min: 0, limvals_max: 1) >> (UserBuffQEl14scrfd_2_5g/conv49 | timeout: 60s)
[2026-05-07 04:15:54.270] [38527] [HailoRT] [info] [edge_elements.cpp:287] [create] Created (HwReadEl12scrfd_2_5g/conv50 | hw_frame_size: 12800)
[2026-05-07 04:15:54.270] [38527] [HailoRT] [info] [queue_elements.cpp:657] [create] Created (PullQEl_hw_read12scrfd_2_5g/conv50)
[2026-05-07 04:15:54.270] [38527] [HailoRT] [info] [filter_elements.cpp:375] [create] Created (PostInferEl12scrfd_2_5g/conv50 | Quantization - src_type: UINT8, dst_type FLOAT32, limvals_min: 0, limvals_max: 8.10626)
[2026-05-07 04:15:54.270] [38527] [HailoRT] [info] [queue_elements.cpp:800] [create] Created (UserBuffQEl12scrfd_2_5g/conv50 | timeout: 60s)
[2026-05-07 04:15:54.270] [38527] [HailoRT] [info] [vstream.cpp:1114] [OutputVStreamImpl] Creating scrfd_2_5g/conv50...
[2026-05-07 04:15:54.270] [38527] [HailoRT] [info] [vstream_builder.cpp:220] [create_outputs] Output pipeline 'scrfd_2_5g/conv50': HW >> (HwReadEl12scrfd_2_5g/conv50 | hw_frame_size: 12800) >> (PullQEl_hw_read12scrfd_2_5g/conv50) >> (PostInferEl12scrfd_2_5g/conv50 | Quantization - src_type: UINT8, dst_type FLOAT32, limvals_min: 0, limvals_max: 8.10626) >> (UserBuffQEl12scrfd_2_5g/conv50 | timeout: 60s)
[2026-05-07 04:15:54.270] [38527] [HailoRT] [info] [edge_elements.cpp:287] [create] Created (HwReadEl1scrfd_2_5g/conv51 | hw_frame_size: 38400)
[2026-05-07 04:15:54.270] [38527] [HailoRT] [info] [queue_elements.cpp:657] [create] Created (PullQEl_hw_read1scrfd_2_5g/conv51)
[2026-05-07 04:15:54.270] [38527] [HailoRT] [info] [filter_elements.cpp:375] [create] Created (PostInferEl1scrfd_2_5g/conv51 | Quantization - src_type: UINT8, dst_type FLOAT32, limvals_min: -4.24698, limvals_max: 5.17024 | Reorder - src_order: FCR, src_shape: (40, 40, 24), dst_order: FCR, dst_shape: (40, 40, 20))
[2026-05-07 04:15:54.270] [38527] [HailoRT] [info] [queue_elements.cpp:800] [create] Created (UserBuffQEl1scrfd_2_5g/conv51 | timeout: 60s)
[2026-05-07 04:15:54.270] [38527] [HailoRT] [info] [vstream.cpp:1114] [OutputVStreamImpl] Creating scrfd_2_5g/conv51...
[2026-05-07 04:15:54.270] [38527] [HailoRT] [info] [vstream_builder.cpp:220] [create_outputs] Output pipeline 'scrfd_2_5g/conv51': HW >> (HwReadEl1scrfd_2_5g/conv51 | hw_frame_size: 38400) >> (PullQEl_hw_read1scrfd_2_5g/conv51) >> (PostInferEl1scrfd_2_5g/conv51 | Quantization - src_type: UINT8, dst_type FLOAT32, limvals_min: -4.24698, limvals_max: 5.17024 | Reorder - src_order: FCR, src_shape: (40, 40, 24), dst_order: FCR, dst_shape: (40, 40, 20)) >> (UserBuffQEl1scrfd_2_5g/conv51 | timeout: 60s)
[2026-05-07 04:15:54.270] [38527] [HailoRT] [info] [edge_elements.cpp:287] [create] Created (HwReadEl10scrfd_2_5g/conv55 | hw_frame_size: 800)
[2026-05-07 04:15:54.270] [38527] [HailoRT] [info] [queue_elements.cpp:657] [create] Created (PullQEl_hw_read10scrfd_2_5g/conv55)
[2026-05-07 04:15:54.270] [38527] [HailoRT] [info] [filter_elements.cpp:375] [create] Created (PostInferEl10scrfd_2_5g/conv55 | Quantization - src_type: UINT8, dst_type FLOAT32, limvals_min: 0, limvals_max: 1 | Reorder - src_order: NHCW, src_shape: (20, 20, 2), dst_order: NHWC, dst_shape: (20, 20, 2))
[2026-05-07 04:15:54.270] [38527] [HailoRT] [info] [queue_elements.cpp:800] [create] Created (UserBuffQEl10scrfd_2_5g/conv55 | timeout: 60s)
[2026-05-07 04:15:54.270] [38527] [HailoRT] [info] [vstream.cpp:1114] [OutputVStreamImpl] Creating scrfd_2_5g/conv55...
[2026-05-07 04:15:54.270] [38527] [HailoRT] [info] [vstream_builder.cpp:220] [create_outputs] Output pipeline 'scrfd_2_5g/conv55': HW >> (HwReadEl10scrfd_2_5g/conv55 | hw_frame_size: 800) >> (PullQEl_hw_read10scrfd_2_5g/conv55) >> (PostInferEl10scrfd_2_5g/conv55 | Quantization - src_type: UINT8, dst_type FLOAT32, limvals_min: 0, limvals_max: 1 | Reorder - src_order: NHCW, src_shape: (20, 20, 2), dst_order: NHWC, dst_shape: (20, 20, 2)) >> (UserBuffQEl10scrfd_2_5g/conv55 | timeout: 60s)
[2026-05-07 04:15:54.270] [38527] [HailoRT] [info] [edge_elements.cpp:287] [create] Created (HwReadEl9scrfd_2_5g/conv56 | hw_frame_size: 3200)
[2026-05-07 04:15:54.270] [38527] [HailoRT] [info] [queue_elements.cpp:657] [create] Created (PullQEl_hw_read9scrfd_2_5g/conv56)
[2026-05-07 04:15:54.270] [38527] [HailoRT] [info] [filter_elements.cpp:375] [create] Created (PostInferEl9scrfd_2_5g/conv56 | Quantization - src_type: UINT8, dst_type FLOAT32, limvals_min: -0.0299247, limvals_max: 7.60086 | Reorder - src_order: NHCW, src_shape: (20, 20, 8), dst_order: NHWC, dst_shape: (20, 20, 8))
[2026-05-07 04:15:54.270] [38527] [HailoRT] [info] [queue_elements.cpp:800] [create] Created (UserBuffQEl9scrfd_2_5g/conv56 | timeout: 60s)
[2026-05-07 04:15:54.270] [38527] [HailoRT] [info] [vstream.cpp:1114] [OutputVStreamImpl] Creating scrfd_2_5g/conv56...
[2026-05-07 04:15:54.270] [38527] [HailoRT] [info] [vstream_builder.cpp:220] [create_outputs] Output pipeline 'scrfd_2_5g/conv56': HW >> (HwReadEl9scrfd_2_5g/conv56 | hw_frame_size: 3200) >> (PullQEl_hw_read9scrfd_2_5g/conv56) >> (PostInferEl9scrfd_2_5g/conv56 | Quantization - src_type: UINT8, dst_type FLOAT32, limvals_min: -0.0299247, limvals_max: 7.60086 | Reorder - src_order: NHCW, src_shape: (20, 20, 8), dst_order: NHWC, dst_shape: (20, 20, 8)) >> (UserBuffQEl9scrfd_2_5g/conv56 | timeout: 60s)
[2026-05-07 04:15:54.270] [38527] [HailoRT] [info] [edge_elements.cpp:287] [create] Created (HwReadEl13scrfd_2_5g/conv57 | hw_frame_size: 9600)
[2026-05-07 04:15:54.270] [38527] [HailoRT] [info] [queue_elements.cpp:657] [create] Created (PullQEl_hw_read13scrfd_2_5g/conv57)
[2026-05-07 04:15:54.270] [38527] [HailoRT] [info] [filter_elements.cpp:375] [create] Created (PostInferEl13scrfd_2_5g/conv57 | Quantization - src_type: UINT8, dst_type FLOAT32, limvals_min: -4.03285, limvals_max: 5.14908 | Reorder - src_order: FCR, src_shape: (20, 20, 24), dst_order: FCR, dst_shape: (20, 20, 20))
[2026-05-07 04:15:54.271] [38527] [HailoRT] [info] [queue_elements.cpp:800] [create] Created (UserBuffQEl13scrfd_2_5g/conv57 | timeout: 60s)
[2026-05-07 04:15:54.271] [38527] [HailoRT] [info] [vstream.cpp:1114] [OutputVStreamImpl] Creating scrfd_2_5g/conv57...
[2026-05-07 04:15:54.271] [38527] [HailoRT] [info] [vstream_builder.cpp:220] [create_outputs] Output pipeline 'scrfd_2_5g/conv57': HW >> (HwReadEl13scrfd_2_5g/conv57 | hw_frame_size: 9600) >> (PullQEl_hw_read13scrfd_2_5g/conv57) >> (PostInferEl13scrfd_2_5g/conv57 | Quantization - src_type: UINT8, dst_type FLOAT32, limvals_min: -4.03285, limvals_max: 5.14908 | Reorder - src_order: FCR, src_shape: (20, 20, 24), dst_order: FCR, dst_shape: (20, 20, 20)) >> (UserBuffQEl13scrfd_2_5g/conv57 | timeout: 60s)
[2026-05-07 04:15:54.271] [38527] [HailoRT] [info] [core_op.cpp:156] [activate] Activating scrfd_2_5g took 0.53312 milliseconds. Note that the function is asynchronous and thus the network is not fully activated yet.
[2026-05-07 04:15:54.271] [38527] [HailoRT] [info] [core_op.cpp:156] [activate] Activating scrfd_2_5g took 0.544824 milliseconds. Note that the function is asynchronous and thus the network is not fully activated yet.
[2026-05-07 04:16:18.417] [38544] [HailoRT] [info] [vdevice_native_stream.cpp:331] [read_impl] Failed read from stream HAILO_STREAM_NOT_ACTIVATED(72) (device: 0001:01:00.0)
[2026-05-07 04:16:18.417] [38530] [HailoRT] [info] [vdevice_native_stream.cpp:331] [read_impl] Failed read from stream HAILO_STREAM_NOT_ACTIVATED(72) (device: 0001:01:00.0)
[2026-05-07 04:16:18.417] [38534] [HailoRT] [info] [vdevice_native_stream.cpp:331] [read_impl] Failed read from stream HAILO_STREAM_NOT_ACTIVATED(72) (device: 0001:01:00.0)
[2026-05-07 04:16:18.417] [38540] [HailoRT] [info] [vdevice_native_stream.cpp:331] [read_impl] Failed read from stream HAILO_STREAM_NOT_ACTIVATED(72) (device: 0001:01:00.0)
[2026-05-07 04:16:18.417] [38536] [HailoRT] [info] [vdevice_native_stream.cpp:331] [read_impl] Failed read from stream HAILO_STREAM_NOT_ACTIVATED(72) (device: 0001:01:00.0)
[2026-05-07 04:16:18.417] [38538] [HailoRT] [info] [vdevice_native_stream.cpp:331] [read_impl] Failed read from stream HAILO_STREAM_NOT_ACTIVATED(72) (device: 0001:01:00.0)
[2026-05-07 04:16:18.417] [38532] [HailoRT] [info] [vdevice_native_stream.cpp:331] [read_impl] Failed read from stream HAILO_STREAM_NOT_ACTIVATED(72) (device: 0001:01:00.0)
[2026-05-07 04:16:18.417] [38542] [HailoRT] [info] [vdevice_native_stream.cpp:331] [read_impl] Failed read from stream HAILO_STREAM_NOT_ACTIVATED(72) (device: 0001:01:00.0)
[2026-05-07 04:16:18.418] [38527] [HailoRT] [info] [core_op.cpp:186] [deactivate] Deactivating took 0.81712 ms
[2026-05-07 04:16:18.418] [38527] [HailoRT] [info] [core_op.cpp:186] [deactivate] Deactivating took 0.871952 ms
[2026-05-07 04:16:18.418] [38529] [HailoRT] [info] [queue_elements.cpp:855] [run_in_thread] Shutdown event was signaled in dequeue of UserBuffQEl3scrfd_2_5g/conv42!
[2026-05-07 04:16:18.420] [38528] [HailoRT] [info] [vdevice_native_stream.cpp:331] [read_impl] Failed read from stream HAILO_STREAM_ABORT(63) (device: 0001:01:00.0)
[2026-05-07 04:16:18.421] [38528] [HailoRT] [info] [edge_elements.cpp:396] [run_pull] Reading from stream was aborted!
[2026-05-07 04:16:18.421] [38528] [HailoRT] [info] [queue_elements.cpp:738] [run_in_thread] run_pull of queue element PullQEl_hw_read3scrfd_2_5g/conv42 was aborted!
[2026-05-07 04:16:18.421] [38528] [HailoRT] [info] [queue_elements.cpp:68] [operator()] Thread in element PullQEl_hw_read3scrfd_2_5g/conv42 is not running anymore, exiting..
[2026-05-07 04:16:18.421] [38527] [HailoRT] [info] [queue_elements.cpp:46] [~BaseQueueElement] Queue element PullQEl_hw_read3scrfd_2_5g/conv42 has 0 frames in his Queue on destruction
[2026-05-07 04:16:18.421] [38529] [HailoRT] [info] [queue_elements.cpp:68] [operator()] Thread in element UserBuffQEl3scrfd_2_5g/conv42 is not running anymore, exiting..
[2026-05-07 04:16:18.421] [38527] [HailoRT] [info] [queue_elements.cpp:46] [~BaseQueueElement] Queue element UserBuffQEl3scrfd_2_5g/conv42 has 0 frames in his Queue on destruction
[2026-05-07 04:16:18.421] [38530] [HailoRT] [info] [queue_elements.cpp:734] [run_in_thread] Shutdown event was signaled in run_pull of queue element PullQEl_hw_read0scrfd_2_5g/conv43!
[2026-05-07 04:16:18.421] [38531] [HailoRT] [info] [queue_elements.cpp:855] [run_in_thread] Shutdown event was signaled in dequeue of UserBuffQEl0scrfd_2_5g/conv43!
[2026-05-07 04:16:18.421] [38530] [HailoRT] [info] [queue_elements.cpp:68] [operator()] Thread in element PullQEl_hw_read0scrfd_2_5g/conv43 is not running anymore, exiting..
[2026-05-07 04:16:18.421] [38527] [HailoRT] [info] [queue_elements.cpp:46] [~BaseQueueElement] Queue element PullQEl_hw_read0scrfd_2_5g/conv43 has 0 frames in his Queue on destruction
[2026-05-07 04:16:18.421] [38531] [HailoRT] [info] [queue_elements.cpp:68] [operator()] Thread in element UserBuffQEl0scrfd_2_5g/conv43 is not running anymore, exiting..
[2026-05-07 04:16:18.421] [38527] [HailoRT] [info] [queue_elements.cpp:46] [~BaseQueueElement] Queue element UserBuffQEl0scrfd_2_5g/conv43 has 0 frames in his Queue on destruction
[2026-05-07 04:16:18.421] [38532] [HailoRT] [info] [queue_elements.cpp:734] [run_in_thread] Shutdown event was signaled in run_pull of queue element PullQEl_hw_read2scrfd_2_5g/conv44!
[2026-05-07 04:16:18.421] [38533] [HailoRT] [info] [queue_elements.cpp:855] [run_in_thread] Shutdown event was signaled in dequeue of UserBuffQEl2scrfd_2_5g/conv44!
[2026-05-07 04:16:18.421] [38532] [HailoRT] [info] [queue_elements.cpp:68] [operator()] Thread in element PullQEl_hw_read2scrfd_2_5g/conv44 is not running anymore, exiting..
[2026-05-07 04:16:18.421] [38527] [HailoRT] [info] [queue_elements.cpp:46] [~BaseQueueElement] Queue element PullQEl_hw_read2scrfd_2_5g/conv44 has 0 frames in his Queue on destruction
[2026-05-07 04:16:18.422] [38533] [HailoRT] [info] [queue_elements.cpp:68] [operator()] Thread in element UserBuffQEl2scrfd_2_5g/conv44 is not running anymore, exiting..
[2026-05-07 04:16:18.422] [38527] [HailoRT] [info] [queue_elements.cpp:46] [~BaseQueueElement] Queue element UserBuffQEl2scrfd_2_5g/conv44 has 0 frames in his Queue on destruction
[2026-05-07 04:16:18.422] [38534] [HailoRT] [info] [queue_elements.cpp:734] [run_in_thread] Shutdown event was signaled in run_pull of queue element PullQEl_hw_read14scrfd_2_5g/conv49!
[2026-05-07 04:16:18.422] [38535] [HailoRT] [info] [queue_elements.cpp:855] [run_in_thread] Shutdown event was signaled in dequeue of UserBuffQEl14scrfd_2_5g/conv49!
[2026-05-07 04:16:18.422] [38534] [HailoRT] [info] [queue_elements.cpp:68] [operator()] Thread in element PullQEl_hw_read14scrfd_2_5g/conv49 is not running anymore, exiting..
[2026-05-07 04:16:18.422] [38527] [HailoRT] [info] [queue_elements.cpp:46] [~BaseQueueElement] Queue element PullQEl_hw_read14scrfd_2_5g/conv49 has 0 frames in his Queue on destruction
[2026-05-07 04:16:18.422] [38535] [HailoRT] [info] [queue_elements.cpp:68] [operator()] Thread in element UserBuffQEl14scrfd_2_5g/conv49 is not running anymore, exiting..
[2026-05-07 04:16:18.422] [38527] [HailoRT] [info] [queue_elements.cpp:46] [~BaseQueueElement] Queue element UserBuffQEl14scrfd_2_5g/conv49 has 0 frames in his Queue on destruction
[2026-05-07 04:16:18.422] [38537] [HailoRT] [info] [queue_elements.cpp:855] [run_in_thread] Shutdown event was signaled in dequeue of UserBuffQEl12scrfd_2_5g/conv50!
[2026-05-07 04:16:18.422] [38536] [HailoRT] [info] [queue_elements.cpp:734] [run_in_thread] Shutdown event was signaled in run_pull of queue element PullQEl_hw_read12scrfd_2_5g/conv50!
[2026-05-07 04:16:18.422] [38536] [HailoRT] [info] [queue_elements.cpp:68] [operator()] Thread in element PullQEl_hw_read12scrfd_2_5g/conv50 is not running anymore, exiting..
[2026-05-07 04:16:18.422] [38527] [HailoRT] [info] [queue_elements.cpp:46] [~BaseQueueElement] Queue element PullQEl_hw_read12scrfd_2_5g/conv50 has 0 frames in his Queue on destruction
[2026-05-07 04:16:18.422] [38537] [HailoRT] [info] [queue_elements.cpp:68] [operator()] Thread in element UserBuffQEl12scrfd_2_5g/conv50 is not running anymore, exiting..
[2026-05-07 04:16:18.422] [38527] [HailoRT] [info] [queue_elements.cpp:46] [~BaseQueueElement] Queue element UserBuffQEl12scrfd_2_5g/conv50 has 0 frames in his Queue on destruction
[2026-05-07 04:16:18.422] [38538] [HailoRT] [info] [queue_elements.cpp:734] [run_in_thread] Shutdown event was signaled in run_pull of queue element PullQEl_hw_read1scrfd_2_5g/conv51!
[2026-05-07 04:16:18.422] [38539] [HailoRT] [info] [queue_elements.cpp:855] [run_in_thread] Shutdown event was signaled in dequeue of UserBuffQEl1scrfd_2_5g/conv51!
[2026-05-07 04:16:18.422] [38538] [HailoRT] [info] [queue_elements.cpp:68] [operator()] Thread in element PullQEl_hw_read1scrfd_2_5g/conv51 is not running anymore, exiting..
[2026-05-07 04:16:18.423] [38527] [HailoRT] [info] [queue_elements.cpp:46] [~BaseQueueElement] Queue element PullQEl_hw_read1scrfd_2_5g/conv51 has 0 frames in his Queue on destruction
[2026-05-07 04:16:18.423] [38539] [HailoRT] [info] [queue_elements.cpp:68] [operator()] Thread in element UserBuffQEl1scrfd_2_5g/conv51 is not running anymore, exiting..
[2026-05-07 04:16:18.423] [38527] [HailoRT] [info] [queue_elements.cpp:46] [~BaseQueueElement] Queue element UserBuffQEl1scrfd_2_5g/conv51 has 0 frames in his Queue on destruction
[2026-05-07 04:16:18.423] [38540] [HailoRT] [info] [queue_elements.cpp:734] [run_in_thread] Shutdown event was signaled in run_pull of queue element PullQEl_hw_read10scrfd_2_5g/conv55!
[2026-05-07 04:16:18.423] [38541] [HailoRT] [info] [queue_elements.cpp:855] [run_in_thread] Shutdown event was signaled in dequeue of UserBuffQEl10scrfd_2_5g/conv55!
[2026-05-07 04:16:18.423] [38540] [HailoRT] [info] [queue_elements.cpp:68] [operator()] Thread in element PullQEl_hw_read10scrfd_2_5g/conv55 is not running anymore, exiting..
[2026-05-07 04:16:18.423] [38527] [HailoRT] [info] [queue_elements.cpp:46] [~BaseQueueElement] Queue element PullQEl_hw_read10scrfd_2_5g/conv55 has 0 frames in his Queue on destruction
[2026-05-07 04:16:18.423] [38541] [HailoRT] [info] [queue_elements.cpp:68] [operator()] Thread in element UserBuffQEl10scrfd_2_5g/conv55 is not running anymore, exiting..
[2026-05-07 04:16:18.423] [38527] [HailoRT] [info] [queue_elements.cpp:46] [~BaseQueueElement] Queue element UserBuffQEl10scrfd_2_5g/conv55 has 0 frames in his Queue on destruction
[2026-05-07 04:16:18.423] [38542] [HailoRT] [info] [queue_elements.cpp:734] [run_in_thread] Shutdown event was signaled in run_pull of queue element PullQEl_hw_read9scrfd_2_5g/conv56!
[2026-05-07 04:16:18.423] [38543] [HailoRT] [info] [queue_elements.cpp:855] [run_in_thread] Shutdown event was signaled in dequeue of UserBuffQEl9scrfd_2_5g/conv56!
[2026-05-07 04:16:18.423] [38542] [HailoRT] [info] [queue_elements.cpp:68] [operator()] Thread in element PullQEl_hw_read9scrfd_2_5g/conv56 is not running anymore, exiting..
[2026-05-07 04:16:18.423] [38527] [HailoRT] [info] [queue_elements.cpp:46] [~BaseQueueElement] Queue element PullQEl_hw_read9scrfd_2_5g/conv56 has 0 frames in his Queue on destruction
[2026-05-07 04:16:18.423] [38543] [HailoRT] [info] [queue_elements.cpp:68] [operator()] Thread in element UserBuffQEl9scrfd_2_5g/conv56 is not running anymore, exiting..
[2026-05-07 04:16:18.423] [38527] [HailoRT] [info] [queue_elements.cpp:46] [~BaseQueueElement] Queue element UserBuffQEl9scrfd_2_5g/conv56 has 0 frames in his Queue on destruction
[2026-05-07 04:16:18.423] [38544] [HailoRT] [info] [queue_elements.cpp:734] [run_in_thread] Shutdown event was signaled in run_pull of queue element PullQEl_hw_read13scrfd_2_5g/conv57!
[2026-05-07 04:16:18.423] [38545] [HailoRT] [info] [queue_elements.cpp:855] [run_in_thread] Shutdown event was signaled in dequeue of UserBuffQEl13scrfd_2_5g/conv57!
[2026-05-07 04:16:18.423] [38544] [HailoRT] [info] [queue_elements.cpp:68] [operator()] Thread in element PullQEl_hw_read13scrfd_2_5g/conv57 is not running anymore, exiting..
[2026-05-07 04:16:18.423] [38527] [HailoRT] [info] [queue_elements.cpp:46] [~BaseQueueElement] Queue element PullQEl_hw_read13scrfd_2_5g/conv57 has 0 frames in his Queue on destruction
[2026-05-07 04:16:18.423] [38545] [HailoRT] [info] [queue_elements.cpp:68] [operator()] Thread in element UserBuffQEl13scrfd_2_5g/conv57 is not running anymore, exiting..
[2026-05-07 04:16:18.423] [38527] [HailoRT] [info] [queue_elements.cpp:46] [~BaseQueueElement] Queue element UserBuffQEl13scrfd_2_5g/conv57 has 0 frames in his Queue on destruction
[2026-05-07 04:16:27.246] [42516] [HailoRT] [info] [vdevice.cpp:523] [create] Creating vdevice with params: device_count: 1, scheduling_algorithm: NONE, multi_process_service: false
[2026-05-07 04:16:27.257] [42516] [HailoRT] [info] [device.cpp:49] [Device] OS Version: Linux 6.12.75+rpt-rpi-2712 #1 SMP PREEMPT Debian 1:6.12.75-1+rpt1~bookworm (2026-03-11) aarch64
[2026-05-07 04:16:27.258] [42516] [HailoRT] [info] [control.cpp:108] [control__parse_identify_results] firmware_version is: 4.20.0
[2026-05-07 04:16:27.258] [42516] [HailoRT] [info] [vdevice.cpp:651] [create] VDevice Infos: 0001:01:00.0
[2026-05-07 04:16:27.264] [42516] [HailoRT] [info] [internal_buffer_manager.cpp:204] [print_execution_results] Planned internal buffer memory: CMA memory 0, user memory 462336. memory to edge layer usage factor is 1
[2026-05-07 04:16:27.264] [42516] [HailoRT] [info] [internal_buffer_manager.cpp:212] [print_execution_results] Default Internal buffer planner executed successfully
[2026-05-07 04:16:27.278] [42516] [HailoRT] [info] [device_internal.cpp:57] [configure] Configuring HEF took 19.639666 milliseconds
[2026-05-07 04:16:27.278] [42516] [HailoRT] [info] [vdevice.cpp:749] [configure] Configuring HEF on VDevice took 20.050475 milliseconds
[2026-05-07 04:16:27.278] [42516] [HailoRT] [info] [hef.cpp:1929] [get_network_group_and_network_name] No name was given. Addressing all networks of default network_group: scrfd_2_5g
[2026-05-07 04:16:27.397] [42544] [HailoRT] [info] [edge_elements.cpp:52] [create] Created (HwWriteEl3scrfd_2_5g/input_layer1 | hw_frame_size: 1228800)
[2026-05-07 04:16:27.397] [42544] [HailoRT] [info] [vstream.cpp:754] [InputVStreamImpl] Creating scrfd_2_5g/input_layer1...
[2026-05-07 04:16:27.397] [42544] [HailoRT] [info] [vstream_builder.cpp:102] [create_inputs] Input pipeline 'scrfd_2_5g/input_layer1': (HwWriteEl3scrfd_2_5g/input_layer1 | hw_frame_size: 1228800) >> HW
[2026-05-07 04:16:27.397] [42544] [HailoRT] [info] [edge_elements.cpp:287] [create] Created (HwReadEl3scrfd_2_5g/conv42 | hw_frame_size: 12800)
[2026-05-07 04:16:27.398] [42544] [HailoRT] [info] [queue_elements.cpp:657] [create] Created (PullQEl_hw_read3scrfd_2_5g/conv42)
[2026-05-07 04:16:27.398] [42544] [HailoRT] [info] [filter_elements.cpp:375] [create] Created (PostInferEl3scrfd_2_5g/conv42 | Quantization - src_type: UINT8, dst_type FLOAT32, limvals_min: 0, limvals_max: 1)
[2026-05-07 04:16:27.398] [42544] [HailoRT] [info] [queue_elements.cpp:800] [create] Created (UserBuffQEl3scrfd_2_5g/conv42 | timeout: 60s)
[2026-05-07 04:16:27.398] [42544] [HailoRT] [info] [vstream.cpp:1114] [OutputVStreamImpl] Creating scrfd_2_5g/conv42...
[2026-05-07 04:16:27.398] [42544] [HailoRT] [info] [vstream_builder.cpp:220] [create_outputs] Output pipeline 'scrfd_2_5g/conv42': HW >> (HwReadEl3scrfd_2_5g/conv42 | hw_frame_size: 12800) >> (PullQEl_hw_read3scrfd_2_5g/conv42) >> (PostInferEl3scrfd_2_5g/conv42 | Quantization - src_type: UINT8, dst_type FLOAT32, limvals_min: 0, limvals_max: 1) >> (UserBuffQEl3scrfd_2_5g/conv42 | timeout: 60s)
[2026-05-07 04:16:27.398] [42544] [HailoRT] [info] [edge_elements.cpp:287] [create] Created (HwReadEl0scrfd_2_5g/conv43 | hw_frame_size: 51200)
[2026-05-07 04:16:27.417] [42544] [HailoRT] [info] [queue_elements.cpp:657] [create] Created (PullQEl_hw_read0scrfd_2_5g/conv43)
[2026-05-07 04:16:27.417] [42544] [HailoRT] [info] [filter_elements.cpp:375] [create] Created (PostInferEl0scrfd_2_5g/conv43 | Quantization - src_type: UINT8, dst_type FLOAT32, limvals_min: -0.0793963, limvals_max: 4.98212)
[2026-05-07 04:16:27.417] [42544] [HailoRT] [info] [queue_elements.cpp:800] [create] Created (UserBuffQEl0scrfd_2_5g/conv43 | timeout: 60s)
[2026-05-07 04:16:27.417] [42544] [HailoRT] [info] [vstream.cpp:1114] [OutputVStreamImpl] Creating scrfd_2_5g/conv43...
[2026-05-07 04:16:27.417] [42544] [HailoRT] [info] [vstream_builder.cpp:220] [create_outputs] Output pipeline 'scrfd_2_5g/conv43': HW >> (HwReadEl0scrfd_2_5g/conv43 | hw_frame_size: 51200) >> (PullQEl_hw_read0scrfd_2_5g/conv43) >> (PostInferEl0scrfd_2_5g/conv43 | Quantization - src_type: UINT8, dst_type FLOAT32, limvals_min: -0.0793963, limvals_max: 4.98212) >> (UserBuffQEl0scrfd_2_5g/conv43 | timeout: 60s)
[2026-05-07 04:16:27.417] [42544] [HailoRT] [info] [edge_elements.cpp:287] [create] Created (HwReadEl2scrfd_2_5g/conv44 | hw_frame_size: 153600)
[2026-05-07 04:16:27.417] [42544] [HailoRT] [info] [queue_elements.cpp:657] [create] Created (PullQEl_hw_read2scrfd_2_5g/conv44)
[2026-05-07 04:16:27.417] [42544] [HailoRT] [info] [filter_elements.cpp:375] [create] Created (PostInferEl2scrfd_2_5g/conv44 | Quantization - src_type: UINT8, dst_type FLOAT32, limvals_min: -3.16292, limvals_max: 3.50274 | Reorder - src_order: FCR, src_shape: (80, 80, 24), dst_order: FCR, dst_shape: (80, 80, 20))
[2026-05-07 04:16:27.417] [42544] [HailoRT] [info] [queue_elements.cpp:800] [create] Created (UserBuffQEl2scrfd_2_5g/conv44 | timeout: 60s)
[2026-05-07 04:16:27.417] [42544] [HailoRT] [info] [vstream.cpp:1114] [OutputVStreamImpl] Creating scrfd_2_5g/conv44...
[2026-05-07 04:16:27.417] [42544] [HailoRT] [info] [vstream_builder.cpp:220] [create_outputs] Output pipeline 'scrfd_2_5g/conv44': HW >> (HwReadEl2scrfd_2_5g/conv44 | hw_frame_size: 153600) >> (PullQEl_hw_read2scrfd_2_5g/conv44) >> (PostInferEl2scrfd_2_5g/conv44 | Quantization - src_type: UINT8, dst_type FLOAT32, limvals_min: -3.16292, limvals_max: 3.50274 | Reorder - src_order: FCR, src_shape: (80, 80, 24), dst_order: FCR, dst_shape: (80, 80, 20)) >> (UserBuffQEl2scrfd_2_5g/conv44 | timeout: 60s)
[2026-05-07 04:16:27.417] [42544] [HailoRT] [info] [edge_elements.cpp:287] [create] Created (HwReadEl14scrfd_2_5g/conv49 | hw_frame_size: 3200)
[2026-05-07 04:16:27.417] [42544] [HailoRT] [info] [queue_elements.cpp:657] [create] Created (PullQEl_hw_read14scrfd_2_5g/conv49)
[2026-05-07 04:16:27.417] [42544] [HailoRT] [info] [filter_elements.cpp:375] [create] Created (PostInferEl14scrfd_2_5g/conv49 | Quantization - src_type: UINT8, dst_type FLOAT32, limvals_min: 0, limvals_max: 1)
[2026-05-07 04:16:27.417] [42544] [HailoRT] [info] [queue_elements.cpp:800] [create] Created (UserBuffQEl14scrfd_2_5g/conv49 | timeout: 60s)
[2026-05-07 04:16:27.417] [42544] [HailoRT] [info] [vstream.cpp:1114] [OutputVStreamImpl] Creating scrfd_2_5g/conv49...
[2026-05-07 04:16:27.418] [42544] [HailoRT] [info] [vstream_builder.cpp:220] [create_outputs] Output pipeline 'scrfd_2_5g/conv49': HW >> (HwReadEl14scrfd_2_5g/conv49 | hw_frame_size: 3200) >> (PullQEl_hw_read14scrfd_2_5g/conv49) >> (PostInferEl14scrfd_2_5g/conv49 | Quantization - src_type: UINT8, dst_type FLOAT32, limvals_min: 0, limvals_max: 1) >> (UserBuffQEl14scrfd_2_5g/conv49 | timeout: 60s)
[2026-05-07 04:16:27.418] [42544] [HailoRT] [info] [edge_elements.cpp:287] [create] Created (HwReadEl12scrfd_2_5g/conv50 | hw_frame_size: 12800)
[2026-05-07 04:16:27.418] [42544] [HailoRT] [info] [queue_elements.cpp:657] [create] Created (PullQEl_hw_read12scrfd_2_5g/conv50)
[2026-05-07 04:16:27.418] [42544] [HailoRT] [info] [filter_elements.cpp:375] [create] Created (PostInferEl12scrfd_2_5g/conv50 | Quantization - src_type: UINT8, dst_type FLOAT32, limvals_min: 0, limvals_max: 8.10626)
[2026-05-07 04:16:27.418] [42544] [HailoRT] [info] [queue_elements.cpp:800] [create] Created (UserBuffQEl12scrfd_2_5g/conv50 | timeout: 60s)
[2026-05-07 04:16:27.418] [42544] [HailoRT] [info] [vstream.cpp:1114] [OutputVStreamImpl] Creating scrfd_2_5g/conv50...
[2026-05-07 04:16:27.418] [42544] [HailoRT] [info] [vstream_builder.cpp:220] [create_outputs] Output pipeline 'scrfd_2_5g/conv50': HW >> (HwReadEl12scrfd_2_5g/conv50 | hw_frame_size: 12800) >> (PullQEl_hw_read12scrfd_2_5g/conv50) >> (PostInferEl12scrfd_2_5g/conv50 | Quantization - src_type: UINT8, dst_type FLOAT32, limvals_min: 0, limvals_max: 8.10626) >> (UserBuffQEl12scrfd_2_5g/conv50 | timeout: 60s)
[2026-05-07 04:16:27.418] [42544] [HailoRT] [info] [edge_elements.cpp:287] [create] Created (HwReadEl1scrfd_2_5g/conv51 | hw_frame_size: 38400)
[2026-05-07 04:16:27.418] [42544] [HailoRT] [info] [queue_elements.cpp:657] [create] Created (PullQEl_hw_read1scrfd_2_5g/conv51)
[2026-05-07 04:16:27.418] [42544] [HailoRT] [info] [filter_elements.cpp:375] [create] Created (PostInferEl1scrfd_2_5g/conv51 | Quantization - src_type: UINT8, dst_type FLOAT32, limvals_min: -4.24698, limvals_max: 5.17024 | Reorder - src_order: FCR, src_shape: (40, 40, 24), dst_order: FCR, dst_shape: (40, 40, 20))
[2026-05-07 04:16:27.418] [42544] [HailoRT] [info] [queue_elements.cpp:800] [create] Created (UserBuffQEl1scrfd_2_5g/conv51 | timeout: 60s)
[2026-05-07 04:16:27.418] [42544] [HailoRT] [info] [vstream.cpp:1114] [OutputVStreamImpl] Creating scrfd_2_5g/conv51...
[2026-05-07 04:16:27.418] [42544] [HailoRT] [info] [vstream_builder.cpp:220] [create_outputs] Output pipeline 'scrfd_2_5g/conv51': HW >> (HwReadEl1scrfd_2_5g/conv51 | hw_frame_size: 38400) >> (PullQEl_hw_read1scrfd_2_5g/conv51) >> (PostInferEl1scrfd_2_5g/conv51 | Quantization - src_type: UINT8, dst_type FLOAT32, limvals_min: -4.24698, limvals_max: 5.17024 | Reorder - src_order: FCR, src_shape: (40, 40, 24), dst_order: FCR, dst_shape: (40, 40, 20)) >> (UserBuffQEl1scrfd_2_5g/conv51 | timeout: 60s)
[2026-05-07 04:16:27.418] [42544] [HailoRT] [info] [edge_elements.cpp:287] [create] Created (HwReadEl10scrfd_2_5g/conv55 | hw_frame_size: 800)
[2026-05-07 04:16:27.418] [42544] [HailoRT] [info] [queue_elements.cpp:657] [create] Created (PullQEl_hw_read10scrfd_2_5g/conv55)
[2026-05-07 04:16:27.418] [42544] [HailoRT] [info] [filter_elements.cpp:375] [create] Created (PostInferEl10scrfd_2_5g/conv55 | Quantization - src_type: UINT8, dst_type FLOAT32, limvals_min: 0, limvals_max: 1 | Reorder - src_order: NHCW, src_shape: (20, 20, 2), dst_order: NHWC, dst_shape: (20, 20, 2))
[2026-05-07 04:16:27.418] [42544] [HailoRT] [info] [queue_elements.cpp:800] [create] Created (UserBuffQEl10scrfd_2_5g/conv55 | timeout: 60s)
[2026-05-07 04:16:27.418] [42544] [HailoRT] [info] [vstream.cpp:1114] [OutputVStreamImpl] Creating scrfd_2_5g/conv55...
[2026-05-07 04:16:27.418] [42544] [HailoRT] [info] [vstream_builder.cpp:220] [create_outputs] Output pipeline 'scrfd_2_5g/conv55': HW >> (HwReadEl10scrfd_2_5g/conv55 | hw_frame_size: 800) >> (PullQEl_hw_read10scrfd_2_5g/conv55) >> (PostInferEl10scrfd_2_5g/conv55 | Quantization - src_type: UINT8, dst_type FLOAT32, limvals_min: 0, limvals_max: 1 | Reorder - src_order: NHCW, src_shape: (20, 20, 2), dst_order: NHWC, dst_shape: (20, 20, 2)) >> (UserBuffQEl10scrfd_2_5g/conv55 | timeout: 60s)
[2026-05-07 04:16:27.418] [42544] [HailoRT] [info] [edge_elements.cpp:287] [create] Created (HwReadEl9scrfd_2_5g/conv56 | hw_frame_size: 3200)
[2026-05-07 04:16:27.418] [42544] [HailoRT] [info] [queue_elements.cpp:657] [create] Created (PullQEl_hw_read9scrfd_2_5g/conv56)
[2026-05-07 04:16:27.418] [42544] [HailoRT] [info] [filter_elements.cpp:375] [create] Created (PostInferEl9scrfd_2_5g/conv56 | Quantization - src_type: UINT8, dst_type FLOAT32, limvals_min: -0.0299247, limvals_max: 7.60086 | Reorder - src_order: NHCW, src_shape: (20, 20, 8), dst_order: NHWC, dst_shape: (20, 20, 8))
[2026-05-07 04:16:27.418] [42544] [HailoRT] [info] [queue_elements.cpp:800] [create] Created (UserBuffQEl9scrfd_2_5g/conv56 | timeout: 60s)
[2026-05-07 04:16:27.418] [42544] [HailoRT] [info] [vstream.cpp:1114] [OutputVStreamImpl] Creating scrfd_2_5g/conv56...
[2026-05-07 04:16:27.418] [42544] [HailoRT] [info] [vstream_builder.cpp:220] [create_outputs] Output pipeline 'scrfd_2_5g/conv56': HW >> (HwReadEl9scrfd_2_5g/conv56 | hw_frame_size: 3200) >> (PullQEl_hw_read9scrfd_2_5g/conv56) >> (PostInferEl9scrfd_2_5g/conv56 | Quantization - src_type: UINT8, dst_type FLOAT32, limvals_min: -0.0299247, limvals_max: 7.60086 | Reorder - src_order: NHCW, src_shape: (20, 20, 8), dst_order: NHWC, dst_shape: (20, 20, 8)) >> (UserBuffQEl9scrfd_2_5g/conv56 | timeout: 60s)
[2026-05-07 04:16:27.418] [42544] [HailoRT] [info] [edge_elements.cpp:287] [create] Created (HwReadEl13scrfd_2_5g/conv57 | hw_frame_size: 9600)
[2026-05-07 04:16:27.418] [42544] [HailoRT] [info] [queue_elements.cpp:657] [create] Created (PullQEl_hw_read13scrfd_2_5g/conv57)
[2026-05-07 04:16:27.418] [42544] [HailoRT] [info] [filter_elements.cpp:375] [create] Created (PostInferEl13scrfd_2_5g/conv57 | Quantization - src_type: UINT8, dst_type FLOAT32, limvals_min: -4.03285, limvals_max: 5.14908 | Reorder - src_order: FCR, src_shape: (20, 20, 24), dst_order: FCR, dst_shape: (20, 20, 20))
[2026-05-07 04:16:27.418] [42544] [HailoRT] [info] [queue_elements.cpp:800] [create] Created (UserBuffQEl13scrfd_2_5g/conv57 | timeout: 60s)
[2026-05-07 04:16:27.418] [42544] [HailoRT] [info] [vstream.cpp:1114] [OutputVStreamImpl] Creating scrfd_2_5g/conv57...
[2026-05-07 04:16:27.418] [42544] [HailoRT] [info] [vstream_builder.cpp:220] [create_outputs] Output pipeline 'scrfd_2_5g/conv57': HW >> (HwReadEl13scrfd_2_5g/conv57 | hw_frame_size: 9600) >> (PullQEl_hw_read13scrfd_2_5g/conv57) >> (PostInferEl13scrfd_2_5g/conv57 | Quantization - src_type: UINT8, dst_type FLOAT32, limvals_min: -4.03285, limvals_max: 5.14908 | Reorder - src_order: FCR, src_shape: (20, 20, 24), dst_order: FCR, dst_shape: (20, 20, 20)) >> (UserBuffQEl13scrfd_2_5g/conv57 | timeout: 60s)
[2026-05-07 04:16:27.419] [42544] [HailoRT] [info] [core_op.cpp:156] [activate] Activating scrfd_2_5g took 0.517679 milliseconds. Note that the function is asynchronous and thus the network is not fully activated yet.
[2026-05-07 04:16:27.419] [42544] [HailoRT] [info] [core_op.cpp:156] [activate] Activating scrfd_2_5g took 0.52805 milliseconds. Note that the function is asynchronous and thus the network is not fully activated yet.
[2026-05-07 04:16:40.898] [42557] [HailoRT] [info] [vdevice_native_stream.cpp:331] [read_impl] Failed read from stream HAILO_STREAM_NOT_ACTIVATED(72) (device: 0001:01:00.0)
[2026-05-07 04:16:40.898] [42555] [HailoRT] [info] [vdevice_native_stream.cpp:331] [read_impl] Failed read from stream HAILO_STREAM_NOT_ACTIVATED(72) (device: 0001:01:00.0)
[2026-05-07 04:16:40.898] [42549] [HailoRT] [info] [vdevice_native_stream.cpp:331] [read_impl] Failed read from stream HAILO_STREAM_NOT_ACTIVATED(72) (device: 0001:01:00.0)
[2026-05-07 04:16:40.898] [42553] [HailoRT] [info] [vdevice_native_stream.cpp:331] [read_impl] Failed read from stream HAILO_STREAM_NOT_ACTIVATED(72) (device: 0001:01:00.0)
[2026-05-07 04:16:40.898] [42547] [HailoRT] [info] [vdevice_native_stream.cpp:331] [read_impl] Failed read from stream HAILO_STREAM_NOT_ACTIVATED(72) (device: 0001:01:00.0)
[2026-05-07 04:16:40.898] [42559] [HailoRT] [info] [vdevice_native_stream.cpp:331] [read_impl] Failed read from stream HAILO_STREAM_NOT_ACTIVATED(72) (device: 0001:01:00.0)
[2026-05-07 04:16:40.898] [42545] [HailoRT] [info] [vdevice_native_stream.cpp:331] [read_impl] Failed read from stream HAILO_STREAM_NOT_ACTIVATED(72) (device: 0001:01:00.0)
[2026-05-07 04:16:40.898] [42561] [HailoRT] [info] [vdevice_native_stream.cpp:331] [read_impl] Failed read from stream HAILO_STREAM_NOT_ACTIVATED(72) (device: 0001:01:00.0)
[2026-05-07 04:16:40.898] [42551] [HailoRT] [info] [vdevice_native_stream.cpp:331] [read_impl] Failed read from stream HAILO_STREAM_NOT_ACTIVATED(72) (device: 0001:01:00.0)
[2026-05-07 04:16:40.898] [42544] [HailoRT] [info] [core_op.cpp:186] [deactivate] Deactivating took 0.819456 ms
[2026-05-07 04:16:40.898] [42544] [HailoRT] [info] [core_op.cpp:186] [deactivate] Deactivating took 0.863012 ms
[2026-05-07 04:16:40.899] [42545] [HailoRT] [info] [queue_elements.cpp:734] [run_in_thread] Shutdown event was signaled in run_pull of queue element PullQEl_hw_read3scrfd_2_5g/conv42!
[2026-05-07 04:16:40.899] [42546] [HailoRT] [info] [queue_elements.cpp:855] [run_in_thread] Shutdown event was signaled in dequeue of UserBuffQEl3scrfd_2_5g/conv42!
[2026-05-07 04:16:40.899] [42545] [HailoRT] [info] [queue_elements.cpp:68] [operator()] Thread in element PullQEl_hw_read3scrfd_2_5g/conv42 is not running anymore, exiting..
[2026-05-07 04:16:40.899] [42544] [HailoRT] [info] [queue_elements.cpp:46] [~BaseQueueElement] Queue element PullQEl_hw_read3scrfd_2_5g/conv42 has 0 frames in his Queue on destruction
[2026-05-07 04:16:40.899] [42546] [HailoRT] [info] [queue_elements.cpp:68] [operator()] Thread in element UserBuffQEl3scrfd_2_5g/conv42 is not running anymore, exiting..
[2026-05-07 04:16:40.899] [42544] [HailoRT] [info] [queue_elements.cpp:46] [~BaseQueueElement] Queue element UserBuffQEl3scrfd_2_5g/conv42 has 0 frames in his Queue on destruction
[2026-05-07 04:16:40.899] [42547] [HailoRT] [info] [queue_elements.cpp:734] [run_in_thread] Shutdown event was signaled in run_pull of queue element PullQEl_hw_read0scrfd_2_5g/conv43!
[2026-05-07 04:16:40.899] [42548] [HailoRT] [info] [queue_elements.cpp:855] [run_in_thread] Shutdown event was signaled in dequeue of UserBuffQEl0scrfd_2_5g/conv43!
[2026-05-07 04:16:40.899] [42547] [HailoRT] [info] [queue_elements.cpp:68] [operator()] Thread in element PullQEl_hw_read0scrfd_2_5g/conv43 is not running anymore, exiting..
[2026-05-07 04:16:40.899] [42544] [HailoRT] [info] [queue_elements.cpp:46] [~BaseQueueElement] Queue element PullQEl_hw_read0scrfd_2_5g/conv43 has 0 frames in his Queue on destruction
[2026-05-07 04:16:40.899] [42548] [HailoRT] [info] [queue_elements.cpp:68] [operator()] Thread in element UserBuffQEl0scrfd_2_5g/conv43 is not running anymore, exiting..
[2026-05-07 04:16:40.899] [42544] [HailoRT] [info] [queue_elements.cpp:46] [~BaseQueueElement] Queue element UserBuffQEl0scrfd_2_5g/conv43 has 0 frames in his Queue on destruction
[2026-05-07 04:16:40.899] [42550] [HailoRT] [info] [queue_elements.cpp:855] [run_in_thread] Shutdown event was signaled in dequeue of UserBuffQEl2scrfd_2_5g/conv44!
[2026-05-07 04:16:40.899] [42549] [HailoRT] [info] [queue_elements.cpp:734] [run_in_thread] Shutdown event was signaled in run_pull of queue element PullQEl_hw_read2scrfd_2_5g/conv44!
[2026-05-07 04:16:40.899] [42549] [HailoRT] [info] [queue_elements.cpp:68] [operator()] Thread in element PullQEl_hw_read2scrfd_2_5g/conv44 is not running anymore, exiting..
[2026-05-07 04:16:40.899] [42544] [HailoRT] [info] [queue_elements.cpp:46] [~BaseQueueElement] Queue element PullQEl_hw_read2scrfd_2_5g/conv44 has 0 frames in his Queue on destruction
[2026-05-07 04:16:40.899] [42550] [HailoRT] [info] [queue_elements.cpp:68] [operator()] Thread in element UserBuffQEl2scrfd_2_5g/conv44 is not running anymore, exiting..
[2026-05-07 04:16:40.899] [42544] [HailoRT] [info] [queue_elements.cpp:46] [~BaseQueueElement] Queue element UserBuffQEl2scrfd_2_5g/conv44 has 0 frames in his Queue on destruction
[2026-05-07 04:16:40.899] [42552] [HailoRT] [info] [queue_elements.cpp:855] [run_in_thread] Shutdown event was signaled in dequeue of UserBuffQEl14scrfd_2_5g/conv49!
[2026-05-07 04:16:40.900] [42551] [HailoRT] [info] [queue_elements.cpp:734] [run_in_thread] Shutdown event was signaled in run_pull of queue element PullQEl_hw_read14scrfd_2_5g/conv49!
[2026-05-07 04:16:40.900] [42551] [HailoRT] [info] [queue_elements.cpp:68] [operator()] Thread in element PullQEl_hw_read14scrfd_2_5g/conv49 is not running anymore, exiting..
[2026-05-07 04:16:40.900] [42544] [HailoRT] [info] [queue_elements.cpp:46] [~BaseQueueElement] Queue element PullQEl_hw_read14scrfd_2_5g/conv49 has 0 frames in his Queue on destruction
[2026-05-07 04:16:40.900] [42552] [HailoRT] [info] [queue_elements.cpp:68] [operator()] Thread in element UserBuffQEl14scrfd_2_5g/conv49 is not running anymore, exiting..
[2026-05-07 04:16:40.900] [42544] [HailoRT] [info] [queue_elements.cpp:46] [~BaseQueueElement] Queue element UserBuffQEl14scrfd_2_5g/conv49 has 0 frames in his Queue on destruction
[2026-05-07 04:16:40.900] [42553] [HailoRT] [info] [queue_elements.cpp:734] [run_in_thread] Shutdown event was signaled in run_pull of queue element PullQEl_hw_read12scrfd_2_5g/conv50!
[2026-05-07 04:16:40.900] [42554] [HailoRT] [info] [queue_elements.cpp:855] [run_in_thread] Shutdown event was signaled in dequeue of UserBuffQEl12scrfd_2_5g/conv50!
[2026-05-07 04:16:40.900] [42553] [HailoRT] [info] [queue_elements.cpp:68] [operator()] Thread in element PullQEl_hw_read12scrfd_2_5g/conv50 is not running anymore, exiting..
[2026-05-07 04:16:40.900] [42544] [HailoRT] [info] [queue_elements.cpp:46] [~BaseQueueElement] Queue element PullQEl_hw_read12scrfd_2_5g/conv50 has 0 frames in his Queue on destruction
[2026-05-07 04:16:40.900] [42554] [HailoRT] [info] [queue_elements.cpp:68] [operator()] Thread in element UserBuffQEl12scrfd_2_5g/conv50 is not running anymore, exiting..
[2026-05-07 04:16:40.900] [42544] [HailoRT] [info] [queue_elements.cpp:46] [~BaseQueueElement] Queue element UserBuffQEl12scrfd_2_5g/conv50 has 0 frames in his Queue on destruction
[2026-05-07 04:16:40.900] [42556] [HailoRT] [info] [queue_elements.cpp:855] [run_in_thread] Shutdown event was signaled in dequeue of UserBuffQEl1scrfd_2_5g/conv51!
[2026-05-07 04:16:40.900] [42555] [HailoRT] [info] [queue_elements.cpp:734] [run_in_thread] Shutdown event was signaled in run_pull of queue element PullQEl_hw_read1scrfd_2_5g/conv51!
[2026-05-07 04:16:40.900] [42555] [HailoRT] [info] [queue_elements.cpp:68] [operator()] Thread in element PullQEl_hw_read1scrfd_2_5g/conv51 is not running anymore, exiting..
[2026-05-07 04:16:40.900] [42544] [HailoRT] [info] [queue_elements.cpp:46] [~BaseQueueElement] Queue element PullQEl_hw_read1scrfd_2_5g/conv51 has 0 frames in his Queue on destruction
[2026-05-07 04:16:40.900] [42556] [HailoRT] [info] [queue_elements.cpp:68] [operator()] Thread in element UserBuffQEl1scrfd_2_5g/conv51 is not running anymore, exiting..
[2026-05-07 04:16:40.900] [42544] [HailoRT] [info] [queue_elements.cpp:46] [~BaseQueueElement] Queue element UserBuffQEl1scrfd_2_5g/conv51 has 0 frames in his Queue on destruction
[2026-05-07 04:16:40.900] [42558] [HailoRT] [info] [queue_elements.cpp:855] [run_in_thread] Shutdown event was signaled in dequeue of UserBuffQEl10scrfd_2_5g/conv55!
[2026-05-07 04:16:40.900] [42557] [HailoRT] [info] [queue_elements.cpp:734] [run_in_thread] Shutdown event was signaled in run_pull of queue element PullQEl_hw_read10scrfd_2_5g/conv55!
[2026-05-07 04:16:40.900] [42557] [HailoRT] [info] [queue_elements.cpp:68] [operator()] Thread in element PullQEl_hw_read10scrfd_2_5g/conv55 is not running anymore, exiting..
[2026-05-07 04:16:40.900] [42544] [HailoRT] [info] [queue_elements.cpp:46] [~BaseQueueElement] Queue element PullQEl_hw_read10scrfd_2_5g/conv55 has 0 frames in his Queue on destruction
[2026-05-07 04:16:40.901] [42558] [HailoRT] [info] [queue_elements.cpp:68] [operator()] Thread in element UserBuffQEl10scrfd_2_5g/conv55 is not running anymore, exiting..
[2026-05-07 04:16:40.901] [42544] [HailoRT] [info] [queue_elements.cpp:46] [~BaseQueueElement] Queue element UserBuffQEl10scrfd_2_5g/conv55 has 0 frames in his Queue on destruction
[2026-05-07 04:16:40.901] [42559] [HailoRT] [info] [queue_elements.cpp:734] [run_in_thread] Shutdown event was signaled in run_pull of queue element PullQEl_hw_read9scrfd_2_5g/conv56!
[2026-05-07 04:16:40.901] [42560] [HailoRT] [info] [queue_elements.cpp:855] [run_in_thread] Shutdown event was signaled in dequeue of UserBuffQEl9scrfd_2_5g/conv56!
[2026-05-07 04:16:40.901] [42559] [HailoRT] [info] [queue_elements.cpp:68] [operator()] Thread in element PullQEl_hw_read9scrfd_2_5g/conv56 is not running anymore, exiting..
[2026-05-07 04:16:40.901] [42544] [HailoRT] [info] [queue_elements.cpp:46] [~BaseQueueElement] Queue element PullQEl_hw_read9scrfd_2_5g/conv56 has 0 frames in his Queue on destruction
[2026-05-07 04:16:40.901] [42560] [HailoRT] [info] [queue_elements.cpp:68] [operator()] Thread in element UserBuffQEl9scrfd_2_5g/conv56 is not running anymore, exiting..
[2026-05-07 04:16:40.901] [42544] [HailoRT] [info] [queue_elements.cpp:46] [~BaseQueueElement] Queue element UserBuffQEl9scrfd_2_5g/conv56 has 0 frames in his Queue on destruction
[2026-05-07 04:16:40.901] [42561] [HailoRT] [info] [queue_elements.cpp:734] [run_in_thread] Shutdown event was signaled in run_pull of queue element PullQEl_hw_read13scrfd_2_5g/conv57!
[2026-05-07 04:16:40.901] [42562] [HailoRT] [info] [queue_elements.cpp:855] [run_in_thread] Shutdown event was signaled in dequeue of UserBuffQEl13scrfd_2_5g/conv57!
[2026-05-07 04:16:40.901] [42561] [HailoRT] [info] [queue_elements.cpp:68] [operator()] Thread in element PullQEl_hw_read13scrfd_2_5g/conv57 is not running anymore, exiting..
[2026-05-07 04:16:40.901] [42544] [HailoRT] [info] [queue_elements.cpp:46] [~BaseQueueElement] Queue element PullQEl_hw_read13scrfd_2_5g/conv57 has 0 frames in his Queue on destruction
[2026-05-07 04:16:40.901] [42562] [HailoRT] [info] [queue_elements.cpp:68] [operator()] Thread in element UserBuffQEl13scrfd_2_5g/conv57 is not running anymore, exiting..
[2026-05-07 04:16:40.901] [42544] [HailoRT] [info] [queue_elements.cpp:46] [~BaseQueueElement] Queue element UserBuffQEl13scrfd_2_5g/conv57 has 0 frames in his Queue on destruction
[2026-05-07 04:17:19.694] [44881] [HailoRT] [info] [vdevice.cpp:523] [create] Creating vdevice with params: device_count: 1, scheduling_algorithm: NONE, multi_process_service: false
[2026-05-07 04:17:19.705] [44881] [HailoRT] [info] [device.cpp:49] [Device] OS Version: Linux 6.12.75+rpt-rpi-2712 #1 SMP PREEMPT Debian 1:6.12.75-1+rpt1~bookworm (2026-03-11) aarch64
[2026-05-07 04:17:19.706] [44881] [HailoRT] [info] [control.cpp:108] [control__parse_identify_results] firmware_version is: 4.20.0
[2026-05-07 04:17:19.706] [44881] [HailoRT] [info] [vdevice.cpp:651] [create] VDevice Infos: 0001:01:00.0
[2026-05-07 04:17:19.712] [44881] [HailoRT] [info] [internal_buffer_manager.cpp:204] [print_execution_results] Planned internal buffer memory: CMA memory 0, user memory 462336. memory to edge layer usage factor is 1
[2026-05-07 04:17:19.712] [44881] [HailoRT] [info] [internal_buffer_manager.cpp:212] [print_execution_results] Default Internal buffer planner executed successfully
[2026-05-07 04:17:19.726] [44881] [HailoRT] [info] [device_internal.cpp:57] [configure] Configuring HEF took 19.747047 milliseconds
[2026-05-07 04:17:19.726] [44881] [HailoRT] [info] [vdevice.cpp:749] [configure] Configuring HEF on VDevice took 20.155657 milliseconds
[2026-05-07 04:17:19.726] [44881] [HailoRT] [info] [hef.cpp:1929] [get_network_group_and_network_name] No name was given. Addressing all networks of default network_group: scrfd_2_5g
[2026-05-07 04:17:19.850] [44909] [HailoRT] [info] [edge_elements.cpp:52] [create] Created (HwWriteEl3scrfd_2_5g/input_layer1 | hw_frame_size: 1228800)
[2026-05-07 04:17:19.850] [44909] [HailoRT] [info] [vstream.cpp:754] [InputVStreamImpl] Creating scrfd_2_5g/input_layer1...
[2026-05-07 04:17:19.850] [44909] [HailoRT] [info] [vstream_builder.cpp:102] [create_inputs] Input pipeline 'scrfd_2_5g/input_layer1': (HwWriteEl3scrfd_2_5g/input_layer1 | hw_frame_size: 1228800) >> HW
[2026-05-07 04:17:19.850] [44909] [HailoRT] [info] [edge_elements.cpp:287] [create] Created (HwReadEl3scrfd_2_5g/conv42 | hw_frame_size: 12800)
[2026-05-07 04:17:19.850] [44909] [HailoRT] [info] [queue_elements.cpp:657] [create] Created (PullQEl_hw_read3scrfd_2_5g/conv42)
[2026-05-07 04:17:19.851] [44909] [HailoRT] [info] [filter_elements.cpp:375] [create] Created (PostInferEl3scrfd_2_5g/conv42 | Quantization - src_type: UINT8, dst_type FLOAT32, limvals_min: 0, limvals_max: 1)
[2026-05-07 04:17:19.851] [44909] [HailoRT] [info] [queue_elements.cpp:800] [create] Created (UserBuffQEl3scrfd_2_5g/conv42 | timeout: 60s)
[2026-05-07 04:17:19.851] [44909] [HailoRT] [info] [vstream.cpp:1114] [OutputVStreamImpl] Creating scrfd_2_5g/conv42...
[2026-05-07 04:17:19.851] [44909] [HailoRT] [info] [vstream_builder.cpp:220] [create_outputs] Output pipeline 'scrfd_2_5g/conv42': HW >> (HwReadEl3scrfd_2_5g/conv42 | hw_frame_size: 12800) >> (PullQEl_hw_read3scrfd_2_5g/conv42) >> (PostInferEl3scrfd_2_5g/conv42 | Quantization - src_type: UINT8, dst_type FLOAT32, limvals_min: 0, limvals_max: 1) >> (UserBuffQEl3scrfd_2_5g/conv42 | timeout: 60s)
[2026-05-07 04:17:19.851] [44909] [HailoRT] [info] [edge_elements.cpp:287] [create] Created (HwReadEl0scrfd_2_5g/conv43 | hw_frame_size: 51200)
[2026-05-07 04:17:19.877] [44909] [HailoRT] [info] [queue_elements.cpp:657] [create] Created (PullQEl_hw_read0scrfd_2_5g/conv43)
[2026-05-07 04:17:19.877] [44909] [HailoRT] [info] [filter_elements.cpp:375] [create] Created (PostInferEl0scrfd_2_5g/conv43 | Quantization - src_type: UINT8, dst_type FLOAT32, limvals_min: -0.0793963, limvals_max: 4.98212)
[2026-05-07 04:17:19.877] [44909] [HailoRT] [info] [queue_elements.cpp:800] [create] Created (UserBuffQEl0scrfd_2_5g/conv43 | timeout: 60s)
[2026-05-07 04:17:19.877] [44909] [HailoRT] [info] [vstream.cpp:1114] [OutputVStreamImpl] Creating scrfd_2_5g/conv43...
[2026-05-07 04:17:19.877] [44909] [HailoRT] [info] [vstream_builder.cpp:220] [create_outputs] Output pipeline 'scrfd_2_5g/conv43': HW >> (HwReadEl0scrfd_2_5g/conv43 | hw_frame_size: 51200) >> (PullQEl_hw_read0scrfd_2_5g/conv43) >> (PostInferEl0scrfd_2_5g/conv43 | Quantization - src_type: UINT8, dst_type FLOAT32, limvals_min: -0.0793963, limvals_max: 4.98212) >> (UserBuffQEl0scrfd_2_5g/conv43 | timeout: 60s)
[2026-05-07 04:17:19.877] [44909] [HailoRT] [info] [edge_elements.cpp:287] [create] Created (HwReadEl2scrfd_2_5g/conv44 | hw_frame_size: 153600)
[2026-05-07 04:17:19.877] [44909] [HailoRT] [info] [queue_elements.cpp:657] [create] Created (PullQEl_hw_read2scrfd_2_5g/conv44)
[2026-05-07 04:17:19.877] [44909] [HailoRT] [info] [filter_elements.cpp:375] [create] Created (PostInferEl2scrfd_2_5g/conv44 | Quantization - src_type: UINT8, dst_type FLOAT32, limvals_min: -3.16292, limvals_max: 3.50274 | Reorder - src_order: FCR, src_shape: (80, 80, 24), dst_order: FCR, dst_shape: (80, 80, 20))
[2026-05-07 04:17:19.878] [44909] [HailoRT] [info] [queue_elements.cpp:800] [create] Created (UserBuffQEl2scrfd_2_5g/conv44 | timeout: 60s)
[2026-05-07 04:17:19.878] [44909] [HailoRT] [info] [vstream.cpp:1114] [OutputVStreamImpl] Creating scrfd_2_5g/conv44...
[2026-05-07 04:17:19.878] [44909] [HailoRT] [info] [vstream_builder.cpp:220] [create_outputs] Output pipeline 'scrfd_2_5g/conv44': HW >> (HwReadEl2scrfd_2_5g/conv44 | hw_frame_size: 153600) >> (PullQEl_hw_read2scrfd_2_5g/conv44) >> (PostInferEl2scrfd_2_5g/conv44 | Quantization - src_type: UINT8, dst_type FLOAT32, limvals_min: -3.16292, limvals_max: 3.50274 | Reorder - src_order: FCR, src_shape: (80, 80, 24), dst_order: FCR, dst_shape: (80, 80, 20)) >> (UserBuffQEl2scrfd_2_5g/conv44 | timeout: 60s)
[2026-05-07 04:17:19.878] [44909] [HailoRT] [info] [edge_elements.cpp:287] [create] Created (HwReadEl14scrfd_2_5g/conv49 | hw_frame_size: 3200)
[2026-05-07 04:17:19.878] [44909] [HailoRT] [info] [queue_elements.cpp:657] [create] Created (PullQEl_hw_read14scrfd_2_5g/conv49)
[2026-05-07 04:17:19.878] [44909] [HailoRT] [info] [filter_elements.cpp:375] [create] Created (PostInferEl14scrfd_2_5g/conv49 | Quantization - src_type: UINT8, dst_type FLOAT32, limvals_min: 0, limvals_max: 1)
[2026-05-07 04:17:19.878] [44909] [HailoRT] [info] [queue_elements.cpp:800] [create] Created (UserBuffQEl14scrfd_2_5g/conv49 | timeout: 60s)
[2026-05-07 04:17:19.878] [44909] [HailoRT] [info] [vstream.cpp:1114] [OutputVStreamImpl] Creating scrfd_2_5g/conv49...
[2026-05-07 04:17:19.878] [44909] [HailoRT] [info] [vstream_builder.cpp:220] [create_outputs] Output pipeline 'scrfd_2_5g/conv49': HW >> (HwReadEl14scrfd_2_5g/conv49 | hw_frame_size: 3200) >> (PullQEl_hw_read14scrfd_2_5g/conv49) >> (PostInferEl14scrfd_2_5g/conv49 | Quantization - src_type: UINT8, dst_type FLOAT32, limvals_min: 0, limvals_max: 1) >> (UserBuffQEl14scrfd_2_5g/conv49 | timeout: 60s)
[2026-05-07 04:17:19.878] [44909] [HailoRT] [info] [edge_elements.cpp:287] [create] Created (HwReadEl12scrfd_2_5g/conv50 | hw_frame_size: 12800)
[2026-05-07 04:17:19.878] [44909] [HailoRT] [info] [queue_elements.cpp:657] [create] Created (PullQEl_hw_read12scrfd_2_5g/conv50)
[2026-05-07 04:17:19.878] [44909] [HailoRT] [info] [filter_elements.cpp:375] [create] Created (PostInferEl12scrfd_2_5g/conv50 | Quantization - src_type: UINT8, dst_type FLOAT32, limvals_min: 0, limvals_max: 8.10626)
[2026-05-07 04:17:19.878] [44909] [HailoRT] [info] [queue_elements.cpp:800] [create] Created (UserBuffQEl12scrfd_2_5g/conv50 | timeout: 60s)
[2026-05-07 04:17:19.878] [44909] [HailoRT] [info] [vstream.cpp:1114] [OutputVStreamImpl] Creating scrfd_2_5g/conv50...
[2026-05-07 04:17:19.878] [44909] [HailoRT] [info] [vstream_builder.cpp:220] [create_outputs] Output pipeline 'scrfd_2_5g/conv50': HW >> (HwReadEl12scrfd_2_5g/conv50 | hw_frame_size: 12800) >> (PullQEl_hw_read12scrfd_2_5g/conv50) >> (PostInferEl12scrfd_2_5g/conv50 | Quantization - src_type: UINT8, dst_type FLOAT32, limvals_min: 0, limvals_max: 8.10626) >> (UserBuffQEl12scrfd_2_5g/conv50 | timeout: 60s)
[2026-05-07 04:17:19.878] [44909] [HailoRT] [info] [edge_elements.cpp:287] [create] Created (HwReadEl1scrfd_2_5g/conv51 | hw_frame_size: 38400)
[2026-05-07 04:17:19.879] [44909] [HailoRT] [info] [queue_elements.cpp:657] [create] Created (PullQEl_hw_read1scrfd_2_5g/conv51)
[2026-05-07 04:17:19.879] [44909] [HailoRT] [info] [filter_elements.cpp:375] [create] Created (PostInferEl1scrfd_2_5g/conv51 | Quantization - src_type: UINT8, dst_type FLOAT32, limvals_min: -4.24698, limvals_max: 5.17024 | Reorder - src_order: FCR, src_shape: (40, 40, 24), dst_order: FCR, dst_shape: (40, 40, 20))
[2026-05-07 04:17:19.879] [44909] [HailoRT] [info] [queue_elements.cpp:800] [create] Created (UserBuffQEl1scrfd_2_5g/conv51 | timeout: 60s)
[2026-05-07 04:17:19.879] [44909] [HailoRT] [info] [vstream.cpp:1114] [OutputVStreamImpl] Creating scrfd_2_5g/conv51...
[2026-05-07 04:17:19.879] [44909] [HailoRT] [info] [vstream_builder.cpp:220] [create_outputs] Output pipeline 'scrfd_2_5g/conv51': HW >> (HwReadEl1scrfd_2_5g/conv51 | hw_frame_size: 38400) >> (PullQEl_hw_read1scrfd_2_5g/conv51) >> (PostInferEl1scrfd_2_5g/conv51 | Quantization - src_type: UINT8, dst_type FLOAT32, limvals_min: -4.24698, limvals_max: 5.17024 | Reorder - src_order: FCR, src_shape: (40, 40, 24), dst_order: FCR, dst_shape: (40, 40, 20)) >> (UserBuffQEl1scrfd_2_5g/conv51 | timeout: 60s)
[2026-05-07 04:17:19.879] [44909] [HailoRT] [info] [edge_elements.cpp:287] [create] Created (HwReadEl10scrfd_2_5g/conv55 | hw_frame_size: 800)
[2026-05-07 04:17:19.879] [44909] [HailoRT] [info] [queue_elements.cpp:657] [create] Created (PullQEl_hw_read10scrfd_2_5g/conv55)
[2026-05-07 04:17:19.879] [44909] [HailoRT] [info] [filter_elements.cpp:375] [create] Created (PostInferEl10scrfd_2_5g/conv55 | Quantization - src_type: UINT8, dst_type FLOAT32, limvals_min: 0, limvals_max: 1 | Reorder - src_order: NHCW, src_shape: (20, 20, 2), dst_order: NHWC, dst_shape: (20, 20, 2))
[2026-05-07 04:17:19.879] [44909] [HailoRT] [info] [queue_elements.cpp:800] [create] Created (UserBuffQEl10scrfd_2_5g/conv55 | timeout: 60s)
[2026-05-07 04:17:19.879] [44909] [HailoRT] [info] [vstream.cpp:1114] [OutputVStreamImpl] Creating scrfd_2_5g/conv55...
[2026-05-07 04:17:19.879] [44909] [HailoRT] [info] [vstream_builder.cpp:220] [create_outputs] Output pipeline 'scrfd_2_5g/conv55': HW >> (HwReadEl10scrfd_2_5g/conv55 | hw_frame_size: 800) >> (PullQEl_hw_read10scrfd_2_5g/conv55) >> (PostInferEl10scrfd_2_5g/conv55 | Quantization - src_type: UINT8, dst_type FLOAT32, limvals_min: 0, limvals_max: 1 | Reorder - src_order: NHCW, src_shape: (20, 20, 2), dst_order: NHWC, dst_shape: (20, 20, 2)) >> (UserBuffQEl10scrfd_2_5g/conv55 | timeout: 60s)
[2026-05-07 04:17:19.879] [44909] [HailoRT] [info] [edge_elements.cpp:287] [create] Created (HwReadEl9scrfd_2_5g/conv56 | hw_frame_size: 3200)
[2026-05-07 04:17:19.879] [44909] [HailoRT] [info] [queue_elements.cpp:657] [create] Created (PullQEl_hw_read9scrfd_2_5g/conv56)
[2026-05-07 04:17:19.879] [44909] [HailoRT] [info] [filter_elements.cpp:375] [create] Created (PostInferEl9scrfd_2_5g/conv56 | Quantization - src_type: UINT8, dst_type FLOAT32, limvals_min: -0.0299247, limvals_max: 7.60086 | Reorder - src_order: NHCW, src_shape: (20, 20, 8), dst_order: NHWC, dst_shape: (20, 20, 8))
[2026-05-07 04:17:19.880] [44909] [HailoRT] [info] [queue_elements.cpp:800] [create] Created (UserBuffQEl9scrfd_2_5g/conv56 | timeout: 60s)
[2026-05-07 04:17:19.880] [44909] [HailoRT] [info] [vstream.cpp:1114] [OutputVStreamImpl] Creating scrfd_2_5g/conv56...
[2026-05-07 04:17:19.880] [44909] [HailoRT] [info] [vstream_builder.cpp:220] [create_outputs] Output pipeline 'scrfd_2_5g/conv56': HW >> (HwReadEl9scrfd_2_5g/conv56 | hw_frame_size: 3200) >> (PullQEl_hw_read9scrfd_2_5g/conv56) >> (PostInferEl9scrfd_2_5g/conv56 | Quantization - src_type: UINT8, dst_type FLOAT32, limvals_min: -0.0299247, limvals_max: 7.60086 | Reorder - src_order: NHCW, src_shape: (20, 20, 8), dst_order: NHWC, dst_shape: (20, 20, 8)) >> (UserBuffQEl9scrfd_2_5g/conv56 | timeout: 60s)
[2026-05-07 04:17:19.880] [44909] [HailoRT] [info] [edge_elements.cpp:287] [create] Created (HwReadEl13scrfd_2_5g/conv57 | hw_frame_size: 9600)
[2026-05-07 04:17:19.880] [44909] [HailoRT] [info] [queue_elements.cpp:657] [create] Created (PullQEl_hw_read13scrfd_2_5g/conv57)
[2026-05-07 04:17:19.880] [44909] [HailoRT] [info] [filter_elements.cpp:375] [create] Created (PostInferEl13scrfd_2_5g/conv57 | Quantization - src_type: UINT8, dst_type FLOAT32, limvals_min: -4.03285, limvals_max: 5.14908 | Reorder - src_order: FCR, src_shape: (20, 20, 24), dst_order: FCR, dst_shape: (20, 20, 20))
[2026-05-07 04:17:19.880] [44909] [HailoRT] [info] [queue_elements.cpp:800] [create] Created (UserBuffQEl13scrfd_2_5g/conv57 | timeout: 60s)
[2026-05-07 04:17:19.880] [44909] [HailoRT] [info] [vstream.cpp:1114] [OutputVStreamImpl] Creating scrfd_2_5g/conv57...
[2026-05-07 04:17:19.880] [44909] [HailoRT] [info] [vstream_builder.cpp:220] [create_outputs] Output pipeline 'scrfd_2_5g/conv57': HW >> (HwReadEl13scrfd_2_5g/conv57 | hw_frame_size: 9600) >> (PullQEl_hw_read13scrfd_2_5g/conv57) >> (PostInferEl13scrfd_2_5g/conv57 | Quantization - src_type: UINT8, dst_type FLOAT32, limvals_min: -4.03285, limvals_max: 5.14908 | Reorder - src_order: FCR, src_shape: (20, 20, 24), dst_order: FCR, dst_shape: (20, 20, 20)) >> (UserBuffQEl13scrfd_2_5g/conv57 | timeout: 60s)
[2026-05-07 04:17:19.881] [44909] [HailoRT] [info] [core_op.cpp:156] [activate] Activating scrfd_2_5g took 0.621997 milliseconds. Note that the function is asynchronous and thus the network is not fully activated yet.
[2026-05-07 04:17:19.881] [44909] [HailoRT] [info] [core_op.cpp:156] [activate] Activating scrfd_2_5g took 0.63596 milliseconds. Note that the function is asynchronous and thus the network is not fully activated yet.
[2026-05-07 04:17:33.817] [44910] [HailoRT] [info] [vdevice_native_stream.cpp:331] [read_impl] Failed read from stream HAILO_STREAM_NOT_ACTIVATED(72) (device: 0001:01:00.0)
[2026-05-07 04:17:33.818] [44918] [HailoRT] [info] [vdevice_native_stream.cpp:331] [read_impl] Failed read from stream HAILO_STREAM_NOT_ACTIVATED(72) (device: 0001:01:00.0)
[2026-05-07 04:17:33.818] [44914] [HailoRT] [info] [vdevice_native_stream.cpp:331] [read_impl] Failed read from stream HAILO_STREAM_NOT_ACTIVATED(72) (device: 0001:01:00.0)
[2026-05-07 04:17:33.818] [44916] [HailoRT] [info] [vdevice_native_stream.cpp:331] [read_impl] Failed read from stream HAILO_STREAM_NOT_ACTIVATED(72) (device: 0001:01:00.0)
[2026-05-07 04:17:33.818] [44922] [HailoRT] [info] [vdevice_native_stream.cpp:331] [read_impl] Failed read from stream HAILO_STREAM_NOT_ACTIVATED(72) (device: 0001:01:00.0)
[2026-05-07 04:17:33.818] [44920] [HailoRT] [info] [vdevice_native_stream.cpp:331] [read_impl] Failed read from stream HAILO_STREAM_NOT_ACTIVATED(72) (device: 0001:01:00.0)
[2026-05-07 04:17:33.818] [44924] [HailoRT] [info] [vdevice_native_stream.cpp:331] [read_impl] Failed read from stream HAILO_STREAM_NOT_ACTIVATED(72) (device: 0001:01:00.0)
[2026-05-07 04:17:33.817] [44912] [HailoRT] [info] [vdevice_native_stream.cpp:331] [read_impl] Failed read from stream HAILO_STREAM_NOT_ACTIVATED(72) (device: 0001:01:00.0)
[2026-05-07 04:17:33.818] [44926] [HailoRT] [info] [vdevice_native_stream.cpp:331] [read_impl] Failed read from stream HAILO_STREAM_NOT_ACTIVATED(72) (device: 0001:01:00.0)
[2026-05-07 04:17:33.818] [44909] [HailoRT] [info] [core_op.cpp:186] [deactivate] Deactivating took 0.84259 ms
[2026-05-07 04:17:33.818] [44909] [HailoRT] [info] [core_op.cpp:186] [deactivate] Deactivating took 0.899386 ms
[2026-05-07 04:17:33.818] [44911] [HailoRT] [info] [queue_elements.cpp:855] [run_in_thread] Shutdown event was signaled in dequeue of UserBuffQEl3scrfd_2_5g/conv42!
[2026-05-07 04:17:33.818] [44910] [HailoRT] [info] [queue_elements.cpp:734] [run_in_thread] Shutdown event was signaled in run_pull of queue element PullQEl_hw_read3scrfd_2_5g/conv42!
[2026-05-07 04:17:33.818] [44910] [HailoRT] [info] [queue_elements.cpp:68] [operator()] Thread in element PullQEl_hw_read3scrfd_2_5g/conv42 is not running anymore, exiting..
[2026-05-07 04:17:33.819] [44909] [HailoRT] [info] [queue_elements.cpp:46] [~BaseQueueElement] Queue element PullQEl_hw_read3scrfd_2_5g/conv42 has 0 frames in his Queue on destruction
[2026-05-07 04:17:33.819] [44911] [HailoRT] [info] [queue_elements.cpp:68] [operator()] Thread in element UserBuffQEl3scrfd_2_5g/conv42 is not running anymore, exiting..
[2026-05-07 04:17:33.819] [44909] [HailoRT] [info] [queue_elements.cpp:46] [~BaseQueueElement] Queue element UserBuffQEl3scrfd_2_5g/conv42 has 0 frames in his Queue on destruction
[2026-05-07 04:17:33.819] [44912] [HailoRT] [info] [queue_elements.cpp:734] [run_in_thread] Shutdown event was signaled in run_pull of queue element PullQEl_hw_read0scrfd_2_5g/conv43!
[2026-05-07 04:17:33.819] [44913] [HailoRT] [info] [queue_elements.cpp:855] [run_in_thread] Shutdown event was signaled in dequeue of UserBuffQEl0scrfd_2_5g/conv43!
[2026-05-07 04:17:33.819] [44912] [HailoRT] [info] [queue_elements.cpp:68] [operator()] Thread in element PullQEl_hw_read0scrfd_2_5g/conv43 is not running anymore, exiting..
[2026-05-07 04:17:33.819] [44909] [HailoRT] [info] [queue_elements.cpp:46] [~BaseQueueElement] Queue element PullQEl_hw_read0scrfd_2_5g/conv43 has 0 frames in his Queue on destruction
[2026-05-07 04:17:33.819] [44913] [HailoRT] [info] [queue_elements.cpp:68] [operator()] Thread in element UserBuffQEl0scrfd_2_5g/conv43 is not running anymore, exiting..
[2026-05-07 04:17:33.819] [44909] [HailoRT] [info] [queue_elements.cpp:46] [~BaseQueueElement] Queue element UserBuffQEl0scrfd_2_5g/conv43 has 0 frames in his Queue on destruction
[2026-05-07 04:17:33.819] [44915] [HailoRT] [info] [queue_elements.cpp:855] [run_in_thread] Shutdown event was signaled in dequeue of UserBuffQEl2scrfd_2_5g/conv44!
[2026-05-07 04:17:33.819] [44914] [HailoRT] [info] [queue_elements.cpp:734] [run_in_thread] Shutdown event was signaled in run_pull of queue element PullQEl_hw_read2scrfd_2_5g/conv44!
[2026-05-07 04:17:33.821] [44914] [HailoRT] [info] [queue_elements.cpp:68] [operator()] Thread in element PullQEl_hw_read2scrfd_2_5g/conv44 is not running anymore, exiting..
[2026-05-07 04:17:33.821] [44909] [HailoRT] [info] [queue_elements.cpp:46] [~BaseQueueElement] Queue element PullQEl_hw_read2scrfd_2_5g/conv44 has 0 frames in his Queue on destruction
[2026-05-07 04:17:33.821] [44915] [HailoRT] [info] [queue_elements.cpp:68] [operator()] Thread in element UserBuffQEl2scrfd_2_5g/conv44 is not running anymore, exiting..
[2026-05-07 04:17:33.821] [44909] [HailoRT] [info] [queue_elements.cpp:46] [~BaseQueueElement] Queue element UserBuffQEl2scrfd_2_5g/conv44 has 0 frames in his Queue on destruction
[2026-05-07 04:17:33.821] [44916] [HailoRT] [info] [queue_elements.cpp:734] [run_in_thread] Shutdown event was signaled in run_pull of queue element PullQEl_hw_read14scrfd_2_5g/conv49!
[2026-05-07 04:17:33.821] [44917] [HailoRT] [info] [queue_elements.cpp:855] [run_in_thread] Shutdown event was signaled in dequeue of UserBuffQEl14scrfd_2_5g/conv49!
[2026-05-07 04:17:33.821] [44916] [HailoRT] [info] [queue_elements.cpp:68] [operator()] Thread in element PullQEl_hw_read14scrfd_2_5g/conv49 is not running anymore, exiting..
[2026-05-07 04:17:33.821] [44909] [HailoRT] [info] [queue_elements.cpp:46] [~BaseQueueElement] Queue element PullQEl_hw_read14scrfd_2_5g/conv49 has 0 frames in his Queue on destruction
[2026-05-07 04:17:33.821] [44917] [HailoRT] [info] [queue_elements.cpp:68] [operator()] Thread in element UserBuffQEl14scrfd_2_5g/conv49 is not running anymore, exiting..
[2026-05-07 04:17:33.821] [44909] [HailoRT] [info] [queue_elements.cpp:46] [~BaseQueueElement] Queue element UserBuffQEl14scrfd_2_5g/conv49 has 0 frames in his Queue on destruction
[2026-05-07 04:17:33.821] [44919] [HailoRT] [info] [queue_elements.cpp:855] [run_in_thread] Shutdown event was signaled in dequeue of UserBuffQEl12scrfd_2_5g/conv50!
[2026-05-07 04:17:33.821] [44918] [HailoRT] [info] [queue_elements.cpp:734] [run_in_thread] Shutdown event was signaled in run_pull of queue element PullQEl_hw_read12scrfd_2_5g/conv50!
[2026-05-07 04:17:33.821] [44918] [HailoRT] [info] [queue_elements.cpp:68] [operator()] Thread in element PullQEl_hw_read12scrfd_2_5g/conv50 is not running anymore, exiting..
[2026-05-07 04:17:33.821] [44909] [HailoRT] [info] [queue_elements.cpp:46] [~BaseQueueElement] Queue element PullQEl_hw_read12scrfd_2_5g/conv50 has 0 frames in his Queue on destruction
[2026-05-07 04:17:33.821] [44919] [HailoRT] [info] [queue_elements.cpp:68] [operator()] Thread in element UserBuffQEl12scrfd_2_5g/conv50 is not running anymore, exiting..
[2026-05-07 04:17:33.821] [44909] [HailoRT] [info] [queue_elements.cpp:46] [~BaseQueueElement] Queue element UserBuffQEl12scrfd_2_5g/conv50 has 0 frames in his Queue on destruction
[2026-05-07 04:17:33.821] [44921] [HailoRT] [info] [queue_elements.cpp:855] [run_in_thread] Shutdown event was signaled in dequeue of UserBuffQEl1scrfd_2_5g/conv51!
[2026-05-07 04:17:33.821] [44920] [HailoRT] [info] [queue_elements.cpp:734] [run_in_thread] Shutdown event was signaled in run_pull of queue element PullQEl_hw_read1scrfd_2_5g/conv51!
[2026-05-07 04:17:33.821] [44920] [HailoRT] [info] [queue_elements.cpp:68] [operator()] Thread in element PullQEl_hw_read1scrfd_2_5g/conv51 is not running anymore, exiting..
[2026-05-07 04:17:33.822] [44909] [HailoRT] [info] [queue_elements.cpp:46] [~BaseQueueElement] Queue element PullQEl_hw_read1scrfd_2_5g/conv51 has 0 frames in his Queue on destruction
[2026-05-07 04:17:33.822] [44921] [HailoRT] [info] [queue_elements.cpp:68] [operator()] Thread in element UserBuffQEl1scrfd_2_5g/conv51 is not running anymore, exiting..
[2026-05-07 04:17:33.822] [44909] [HailoRT] [info] [queue_elements.cpp:46] [~BaseQueueElement] Queue element UserBuffQEl1scrfd_2_5g/conv51 has 0 frames in his Queue on destruction
[2026-05-07 04:17:33.822] [44923] [HailoRT] [info] [queue_elements.cpp:855] [run_in_thread] Shutdown event was signaled in dequeue of UserBuffQEl10scrfd_2_5g/conv55!
[2026-05-07 04:17:33.822] [44922] [HailoRT] [info] [queue_elements.cpp:734] [run_in_thread] Shutdown event was signaled in run_pull of queue element PullQEl_hw_read10scrfd_2_5g/conv55!
[2026-05-07 04:17:33.822] [44922] [HailoRT] [info] [queue_elements.cpp:68] [operator()] Thread in element PullQEl_hw_read10scrfd_2_5g/conv55 is not running anymore, exiting..
[2026-05-07 04:17:33.822] [44909] [HailoRT] [info] [queue_elements.cpp:46] [~BaseQueueElement] Queue element PullQEl_hw_read10scrfd_2_5g/conv55 has 0 frames in his Queue on destruction
[2026-05-07 04:17:33.822] [44923] [HailoRT] [info] [queue_elements.cpp:68] [operator()] Thread in element UserBuffQEl10scrfd_2_5g/conv55 is not running anymore, exiting..
[2026-05-07 04:17:33.822] [44909] [HailoRT] [info] [queue_elements.cpp:46] [~BaseQueueElement] Queue element UserBuffQEl10scrfd_2_5g/conv55 has 0 frames in his Queue on destruction
[2026-05-07 04:17:33.822] [44924] [HailoRT] [info] [queue_elements.cpp:734] [run_in_thread] Shutdown event was signaled in run_pull of queue element PullQEl_hw_read9scrfd_2_5g/conv56!
[2026-05-07 04:17:33.822] [44925] [HailoRT] [info] [queue_elements.cpp:855] [run_in_thread] Shutdown event was signaled in dequeue of UserBuffQEl9scrfd_2_5g/conv56!
[2026-05-07 04:17:33.822] [44924] [HailoRT] [info] [queue_elements.cpp:68] [operator()] Thread in element PullQEl_hw_read9scrfd_2_5g/conv56 is not running anymore, exiting..
[2026-05-07 04:17:33.822] [44909] [HailoRT] [info] [queue_elements.cpp:46] [~BaseQueueElement] Queue element PullQEl_hw_read9scrfd_2_5g/conv56 has 0 frames in his Queue on destruction
[2026-05-07 04:17:33.822] [44909] [HailoRT] [info] [queue_elements.cpp:46] [~BaseQueueElement] Queue element UserBuffQEl9scrfd_2_5g/conv56 has 0 frames in his Queue on destruction
[2026-05-07 04:17:33.822] [44926] [HailoRT] [info] [queue_elements.cpp:734] [run_in_thread] Shutdown event was signaled in run_pull of queue element PullQEl_hw_read13scrfd_2_5g/conv57!
[2026-05-07 04:17:33.822] [44927] [HailoRT] [info] [queue_elements.cpp:855] [run_in_thread] Shutdown event was signaled in dequeue of UserBuffQEl13scrfd_2_5g/conv57!
[2026-05-07 04:17:33.822] [44926] [HailoRT] [info] [queue_elements.cpp:68] [operator()] Thread in element PullQEl_hw_read13scrfd_2_5g/conv57 is not running anymore, exiting..
[2026-05-07 04:17:33.822] [44909] [HailoRT] [info] [queue_elements.cpp:46] [~BaseQueueElement] Queue element PullQEl_hw_read13scrfd_2_5g/conv57 has 0 frames in his Queue on destruction
[2026-05-07 04:17:33.822] [44927] [HailoRT] [info] [queue_elements.cpp:68] [operator()] Thread in element UserBuffQEl13scrfd_2_5g/conv57 is not running anymore, exiting..
[2026-05-07 04:17:33.822] [44909] [HailoRT] [info] [queue_elements.cpp:46] [~BaseQueueElement] Queue element UserBuffQEl13scrfd_2_5g/conv57 has 0 frames in his Queue on destruction
[2026-05-07 04:17:46.117] [47189] [HailoRT] [info] [vdevice.cpp:523] [create] Creating vdevice with params: device_count: 1, scheduling_algorithm: NONE, multi_process_service: false
[2026-05-07 04:17:46.129] [47189] [HailoRT] [info] [device.cpp:49] [Device] OS Version: Linux 6.12.75+rpt-rpi-2712 #1 SMP PREEMPT Debian 1:6.12.75-1+rpt1~bookworm (2026-03-11) aarch64
[2026-05-07 04:17:46.130] [47189] [HailoRT] [info] [control.cpp:108] [control__parse_identify_results] firmware_version is: 4.20.0
[2026-05-07 04:17:46.130] [47189] [HailoRT] [info] [vdevice.cpp:651] [create] VDevice Infos: 0001:01:00.0
[2026-05-07 04:17:46.136] [47189] [HailoRT] [info] [internal_buffer_manager.cpp:204] [print_execution_results] Planned internal buffer memory: CMA memory 0, user memory 462336. memory to edge layer usage factor is 1
[2026-05-07 04:17:46.136] [47189] [HailoRT] [info] [internal_buffer_manager.cpp:212] [print_execution_results] Default Internal buffer planner executed successfully
[2026-05-07 04:17:46.149] [47189] [HailoRT] [info] [device_internal.cpp:57] [configure] Configuring HEF took 18.654585 milliseconds
[2026-05-07 04:17:46.149] [47189] [HailoRT] [info] [vdevice.cpp:749] [configure] Configuring HEF on VDevice took 19.06638 milliseconds
[2026-05-07 04:17:46.149] [47189] [HailoRT] [info] [hef.cpp:1929] [get_network_group_and_network_name] No name was given. Addressing all networks of default network_group: scrfd_2_5g
[2026-05-07 04:17:46.264] [47205] [HailoRT] [info] [edge_elements.cpp:52] [create] Created (HwWriteEl3scrfd_2_5g/input_layer1 | hw_frame_size: 1228800)
[2026-05-07 04:17:46.264] [47205] [HailoRT] [info] [vstream.cpp:754] [InputVStreamImpl] Creating scrfd_2_5g/input_layer1...
[2026-05-07 04:17:46.264] [47205] [HailoRT] [info] [vstream_builder.cpp:102] [create_inputs] Input pipeline 'scrfd_2_5g/input_layer1': (HwWriteEl3scrfd_2_5g/input_layer1 | hw_frame_size: 1228800) >> HW
[2026-05-07 04:17:46.264] [47205] [HailoRT] [info] [edge_elements.cpp:287] [create] Created (HwReadEl3scrfd_2_5g/conv42 | hw_frame_size: 12800)
[2026-05-07 04:17:46.264] [47205] [HailoRT] [info] [queue_elements.cpp:657] [create] Created (PullQEl_hw_read3scrfd_2_5g/conv42)
[2026-05-07 04:17:46.264] [47205] [HailoRT] [info] [filter_elements.cpp:375] [create] Created (PostInferEl3scrfd_2_5g/conv42 | Quantization - src_type: UINT8, dst_type FLOAT32, limvals_min: 0, limvals_max: 1)
[2026-05-07 04:17:46.264] [47205] [HailoRT] [info] [queue_elements.cpp:800] [create] Created (UserBuffQEl3scrfd_2_5g/conv42 | timeout: 60s)
[2026-05-07 04:17:46.264] [47205] [HailoRT] [info] [vstream.cpp:1114] [OutputVStreamImpl] Creating scrfd_2_5g/conv42...
[2026-05-07 04:17:46.264] [47205] [HailoRT] [info] [vstream_builder.cpp:220] [create_outputs] Output pipeline 'scrfd_2_5g/conv42': HW >> (HwReadEl3scrfd_2_5g/conv42 | hw_frame_size: 12800) >> (PullQEl_hw_read3scrfd_2_5g/conv42) >> (PostInferEl3scrfd_2_5g/conv42 | Quantization - src_type: UINT8, dst_type FLOAT32, limvals_min: 0, limvals_max: 1) >> (UserBuffQEl3scrfd_2_5g/conv42 | timeout: 60s)
[2026-05-07 04:17:46.264] [47205] [HailoRT] [info] [edge_elements.cpp:287] [create] Created (HwReadEl0scrfd_2_5g/conv43 | hw_frame_size: 51200)
[2026-05-07 04:17:46.289] [47205] [HailoRT] [info] [queue_elements.cpp:657] [create] Created (PullQEl_hw_read0scrfd_2_5g/conv43)
[2026-05-07 04:17:46.289] [47205] [HailoRT] [info] [filter_elements.cpp:375] [create] Created (PostInferEl0scrfd_2_5g/conv43 | Quantization - src_type: UINT8, dst_type FLOAT32, limvals_min: -0.0793963, limvals_max: 4.98212)
[2026-05-07 04:17:46.289] [47205] [HailoRT] [info] [queue_elements.cpp:800] [create] Created (UserBuffQEl0scrfd_2_5g/conv43 | timeout: 60s)
[2026-05-07 04:17:46.289] [47205] [HailoRT] [info] [vstream.cpp:1114] [OutputVStreamImpl] Creating scrfd_2_5g/conv43...
[2026-05-07 04:17:46.289] [47205] [HailoRT] [info] [vstream_builder.cpp:220] [create_outputs] Output pipeline 'scrfd_2_5g/conv43': HW >> (HwReadEl0scrfd_2_5g/conv43 | hw_frame_size: 51200) >> (PullQEl_hw_read0scrfd_2_5g/conv43) >> (PostInferEl0scrfd_2_5g/conv43 | Quantization - src_type: UINT8, dst_type FLOAT32, limvals_min: -0.0793963, limvals_max: 4.98212) >> (UserBuffQEl0scrfd_2_5g/conv43 | timeout: 60s)
[2026-05-07 04:17:46.289] [47205] [HailoRT] [info] [edge_elements.cpp:287] [create] Created (HwReadEl2scrfd_2_5g/conv44 | hw_frame_size: 153600)
[2026-05-07 04:17:46.289] [47205] [HailoRT] [info] [queue_elements.cpp:657] [create] Created (PullQEl_hw_read2scrfd_2_5g/conv44)
[2026-05-07 04:17:46.289] [47205] [HailoRT] [info] [filter_elements.cpp:375] [create] Created (PostInferEl2scrfd_2_5g/conv44 | Quantization - src_type: UINT8, dst_type FLOAT32, limvals_min: -3.16292, limvals_max: 3.50274 | Reorder - src_order: FCR, src_shape: (80, 80, 24), dst_order: FCR, dst_shape: (80, 80, 20))
[2026-05-07 04:17:46.289] [47205] [HailoRT] [info] [queue_elements.cpp:800] [create] Created (UserBuffQEl2scrfd_2_5g/conv44 | timeout: 60s)
[2026-05-07 04:17:46.289] [47205] [HailoRT] [info] [vstream.cpp:1114] [OutputVStreamImpl] Creating scrfd_2_5g/conv44...
[2026-05-07 04:17:46.289] [47205] [HailoRT] [info] [vstream_builder.cpp:220] [create_outputs] Output pipeline 'scrfd_2_5g/conv44': HW >> (HwReadEl2scrfd_2_5g/conv44 | hw_frame_size: 153600) >> (PullQEl_hw_read2scrfd_2_5g/conv44) >> (PostInferEl2scrfd_2_5g/conv44 | Quantization - src_type: UINT8, dst_type FLOAT32, limvals_min: -3.16292, limvals_max: 3.50274 | Reorder - src_order: FCR, src_shape: (80, 80, 24), dst_order: FCR, dst_shape: (80, 80, 20)) >> (UserBuffQEl2scrfd_2_5g/conv44 | timeout: 60s)
[2026-05-07 04:17:46.289] [47205] [HailoRT] [info] [edge_elements.cpp:287] [create] Created (HwReadEl14scrfd_2_5g/conv49 | hw_frame_size: 3200)
[2026-05-07 04:17:46.289] [47205] [HailoRT] [info] [queue_elements.cpp:657] [create] Created (PullQEl_hw_read14scrfd_2_5g/conv49)
[2026-05-07 04:17:46.289] [47205] [HailoRT] [info] [filter_elements.cpp:375] [create] Created (PostInferEl14scrfd_2_5g/conv49 | Quantization - src_type: UINT8, dst_type FLOAT32, limvals_min: 0, limvals_max: 1)
[2026-05-07 04:17:46.289] [47205] [HailoRT] [info] [queue_elements.cpp:800] [create] Created (UserBuffQEl14scrfd_2_5g/conv49 | timeout: 60s)
[2026-05-07 04:17:46.289] [47205] [HailoRT] [info] [vstream.cpp:1114] [OutputVStreamImpl] Creating scrfd_2_5g/conv49...
[2026-05-07 04:17:46.289] [47205] [HailoRT] [info] [vstream_builder.cpp:220] [create_outputs] Output pipeline 'scrfd_2_5g/conv49': HW >> (HwReadEl14scrfd_2_5g/conv49 | hw_frame_size: 3200) >> (PullQEl_hw_read14scrfd_2_5g/conv49) >> (PostInferEl14scrfd_2_5g/conv49 | Quantization - src_type: UINT8, dst_type FLOAT32, limvals_min: 0, limvals_max: 1) >> (UserBuffQEl14scrfd_2_5g/conv49 | timeout: 60s)
[2026-05-07 04:17:46.289] [47205] [HailoRT] [info] [edge_elements.cpp:287] [create] Created (HwReadEl12scrfd_2_5g/conv50 | hw_frame_size: 12800)
[2026-05-07 04:17:46.289] [47205] [HailoRT] [info] [queue_elements.cpp:657] [create] Created (PullQEl_hw_read12scrfd_2_5g/conv50)
[2026-05-07 04:17:46.289] [47205] [HailoRT] [info] [filter_elements.cpp:375] [create] Created (PostInferEl12scrfd_2_5g/conv50 | Quantization - src_type: UINT8, dst_type FLOAT32, limvals_min: 0, limvals_max: 8.10626)
[2026-05-07 04:17:46.289] [47205] [HailoRT] [info] [queue_elements.cpp:800] [create] Created (UserBuffQEl12scrfd_2_5g/conv50 | timeout: 60s)
[2026-05-07 04:17:46.289] [47205] [HailoRT] [info] [vstream.cpp:1114] [OutputVStreamImpl] Creating scrfd_2_5g/conv50...
[2026-05-07 04:17:46.289] [47205] [HailoRT] [info] [vstream_builder.cpp:220] [create_outputs] Output pipeline 'scrfd_2_5g/conv50': HW >> (HwReadEl12scrfd_2_5g/conv50 | hw_frame_size: 12800) >> (PullQEl_hw_read12scrfd_2_5g/conv50) >> (PostInferEl12scrfd_2_5g/conv50 | Quantization - src_type: UINT8, dst_type FLOAT32, limvals_min: 0, limvals_max: 8.10626) >> (UserBuffQEl12scrfd_2_5g/conv50 | timeout: 60s)
[2026-05-07 04:17:46.289] [47205] [HailoRT] [info] [edge_elements.cpp:287] [create] Created (HwReadEl1scrfd_2_5g/conv51 | hw_frame_size: 38400)
[2026-05-07 04:17:46.290] [47205] [HailoRT] [info] [queue_elements.cpp:657] [create] Created (PullQEl_hw_read1scrfd_2_5g/conv51)
[2026-05-07 04:17:46.290] [47205] [HailoRT] [info] [filter_elements.cpp:375] [create] Created (PostInferEl1scrfd_2_5g/conv51 | Quantization - src_type: UINT8, dst_type FLOAT32, limvals_min: -4.24698, limvals_max: 5.17024 | Reorder - src_order: FCR, src_shape: (40, 40, 24), dst_order: FCR, dst_shape: (40, 40, 20))
[2026-05-07 04:17:46.290] [47205] [HailoRT] [info] [queue_elements.cpp:800] [create] Created (UserBuffQEl1scrfd_2_5g/conv51 | timeout: 60s)
[2026-05-07 04:17:46.290] [47205] [HailoRT] [info] [vstream.cpp:1114] [OutputVStreamImpl] Creating scrfd_2_5g/conv51...
[2026-05-07 04:17:46.290] [47205] [HailoRT] [info] [vstream_builder.cpp:220] [create_outputs] Output pipeline 'scrfd_2_5g/conv51': HW >> (HwReadEl1scrfd_2_5g/conv51 | hw_frame_size: 38400) >> (PullQEl_hw_read1scrfd_2_5g/conv51) >> (PostInferEl1scrfd_2_5g/conv51 | Quantization - src_type: UINT8, dst_type FLOAT32, limvals_min: -4.24698, limvals_max: 5.17024 | Reorder - src_order: FCR, src_shape: (40, 40, 24), dst_order: FCR, dst_shape: (40, 40, 20)) >> (UserBuffQEl1scrfd_2_5g/conv51 | timeout: 60s)
[2026-05-07 04:17:46.290] [47205] [HailoRT] [info] [edge_elements.cpp:287] [create] Created (HwReadEl10scrfd_2_5g/conv55 | hw_frame_size: 800)
[2026-05-07 04:17:46.290] [47205] [HailoRT] [info] [queue_elements.cpp:657] [create] Created (PullQEl_hw_read10scrfd_2_5g/conv55)
[2026-05-07 04:17:46.290] [47205] [HailoRT] [info] [filter_elements.cpp:375] [create] Created (PostInferEl10scrfd_2_5g/conv55 | Quantization - src_type: UINT8, dst_type FLOAT32, limvals_min: 0, limvals_max: 1 | Reorder - src_order: NHCW, src_shape: (20, 20, 2), dst_order: NHWC, dst_shape: (20, 20, 2))
[2026-05-07 04:17:46.290] [47205] [HailoRT] [info] [queue_elements.cpp:800] [create] Created (UserBuffQEl10scrfd_2_5g/conv55 | timeout: 60s)
[2026-05-07 04:17:46.290] [47205] [HailoRT] [info] [vstream.cpp:1114] [OutputVStreamImpl] Creating scrfd_2_5g/conv55...
[2026-05-07 04:17:46.290] [47205] [HailoRT] [info] [vstream_builder.cpp:220] [create_outputs] Output pipeline 'scrfd_2_5g/conv55': HW >> (HwReadEl10scrfd_2_5g/conv55 | hw_frame_size: 800) >> (PullQEl_hw_read10scrfd_2_5g/conv55) >> (PostInferEl10scrfd_2_5g/conv55 | Quantization - src_type: UINT8, dst_type FLOAT32, limvals_min: 0, limvals_max: 1 | Reorder - src_order: NHCW, src_shape: (20, 20, 2), dst_order: NHWC, dst_shape: (20, 20, 2)) >> (UserBuffQEl10scrfd_2_5g/conv55 | timeout: 60s)
[2026-05-07 04:17:46.290] [47205] [HailoRT] [info] [edge_elements.cpp:287] [create] Created (HwReadEl9scrfd_2_5g/conv56 | hw_frame_size: 3200)
[2026-05-07 04:17:46.290] [47205] [HailoRT] [info] [queue_elements.cpp:657] [create] Created (PullQEl_hw_read9scrfd_2_5g/conv56)
[2026-05-07 04:17:46.290] [47205] [HailoRT] [info] [filter_elements.cpp:375] [create] Created (PostInferEl9scrfd_2_5g/conv56 | Quantization - src_type: UINT8, dst_type FLOAT32, limvals_min: -0.0299247, limvals_max: 7.60086 | Reorder - src_order: NHCW, src_shape: (20, 20, 8), dst_order: NHWC, dst_shape: (20, 20, 8))
[2026-05-07 04:17:46.290] [47205] [HailoRT] [info] [queue_elements.cpp:800] [create] Created (UserBuffQEl9scrfd_2_5g/conv56 | timeout: 60s)
[2026-05-07 04:17:46.290] [47205] [HailoRT] [info] [vstream.cpp:1114] [OutputVStreamImpl] Creating scrfd_2_5g/conv56...
[2026-05-07 04:17:46.290] [47205] [HailoRT] [info] [vstream_builder.cpp:220] [create_outputs] Output pipeline 'scrfd_2_5g/conv56': HW >> (HwReadEl9scrfd_2_5g/conv56 | hw_frame_size: 3200) >> (PullQEl_hw_read9scrfd_2_5g/conv56) >> (PostInferEl9scrfd_2_5g/conv56 | Quantization - src_type: UINT8, dst_type FLOAT32, limvals_min: -0.0299247, limvals_max: 7.60086 | Reorder - src_order: NHCW, src_shape: (20, 20, 8), dst_order: NHWC, dst_shape: (20, 20, 8)) >> (UserBuffQEl9scrfd_2_5g/conv56 | timeout: 60s)
[2026-05-07 04:17:46.290] [47205] [HailoRT] [info] [edge_elements.cpp:287] [create] Created (HwReadEl13scrfd_2_5g/conv57 | hw_frame_size: 9600)
[2026-05-07 04:17:46.290] [47205] [HailoRT] [info] [queue_elements.cpp:657] [create] Created (PullQEl_hw_read13scrfd_2_5g/conv57)
[2026-05-07 04:17:46.290] [47205] [HailoRT] [info] [filter_elements.cpp:375] [create] Created (PostInferEl13scrfd_2_5g/conv57 | Quantization - src_type: UINT8, dst_type FLOAT32, limvals_min: -4.03285, limvals_max: 5.14908 | Reorder - src_order: FCR, src_shape: (20, 20, 24), dst_order: FCR, dst_shape: (20, 20, 20))
[2026-05-07 04:17:46.290] [47205] [HailoRT] [info] [queue_elements.cpp:800] [create] Created (UserBuffQEl13scrfd_2_5g/conv57 | timeout: 60s)
[2026-05-07 04:17:46.290] [47205] [HailoRT] [info] [vstream.cpp:1114] [OutputVStreamImpl] Creating scrfd_2_5g/conv57...
[2026-05-07 04:17:46.290] [47205] [HailoRT] [info] [vstream_builder.cpp:220] [create_outputs] Output pipeline 'scrfd_2_5g/conv57': HW >> (HwReadEl13scrfd_2_5g/conv57 | hw_frame_size: 9600) >> (PullQEl_hw_read13scrfd_2_5g/conv57) >> (PostInferEl13scrfd_2_5g/conv57 | Quantization - src_type: UINT8, dst_type FLOAT32, limvals_min: -4.03285, limvals_max: 5.14908 | Reorder - src_order: FCR, src_shape: (20, 20, 24), dst_order: FCR, dst_shape: (20, 20, 20)) >> (UserBuffQEl13scrfd_2_5g/conv57 | timeout: 60s)
[2026-05-07 04:17:46.291] [47205] [HailoRT] [info] [core_op.cpp:156] [activate] Activating scrfd_2_5g took 0.51148 milliseconds. Note that the function is asynchronous and thus the network is not fully activated yet.
[2026-05-07 04:17:46.291] [47205] [HailoRT] [info] [core_op.cpp:156] [activate] Activating scrfd_2_5g took 0.521203 milliseconds. Note that the function is asynchronous and thus the network is not fully activated yet.
[2026-05-07 04:17:51.684] [47206] [HailoRT] [info] [vdevice_native_stream.cpp:331] [read_impl] Failed read from stream HAILO_STREAM_NOT_ACTIVATED(72) (device: 0001:01:00.0)
[2026-05-07 04:17:51.684] [47212] [HailoRT] [info] [vdevice_native_stream.cpp:331] [read_impl] Failed read from stream HAILO_STREAM_NOT_ACTIVATED(72) (device: 0001:01:00.0)
[2026-05-07 04:17:51.684] [47210] [HailoRT] [info] [vdevice_native_stream.cpp:331] [read_impl] Failed read from stream HAILO_STREAM_NOT_ACTIVATED(72) (device: 0001:01:00.0)
[2026-05-07 04:17:51.684] [47208] [HailoRT] [info] [vdevice_native_stream.cpp:331] [read_impl] Failed read from stream HAILO_STREAM_NOT_ACTIVATED(72) (device: 0001:01:00.0)
[2026-05-07 04:17:51.684] [47214] [HailoRT] [info] [vdevice_native_stream.cpp:331] [read_impl] Failed read from stream HAILO_STREAM_NOT_ACTIVATED(72) (device: 0001:01:00.0)
[2026-05-07 04:17:51.684] [47222] [HailoRT] [info] [vdevice_native_stream.cpp:331] [read_impl] Failed read from stream HAILO_STREAM_NOT_ACTIVATED(72) (device: 0001:01:00.0)
[2026-05-07 04:17:51.684] [47216] [HailoRT] [info] [vdevice_native_stream.cpp:331] [read_impl] Failed read from stream HAILO_STREAM_NOT_ACTIVATED(72) (device: 0001:01:00.0)
[2026-05-07 04:17:51.684] [47218] [HailoRT] [info] [vdevice_native_stream.cpp:331] [read_impl] Failed read from stream HAILO_STREAM_NOT_ACTIVATED(72) (device: 0001:01:00.0)
[2026-05-07 04:17:51.684] [47220] [HailoRT] [info] [vdevice_native_stream.cpp:331] [read_impl] Failed read from stream HAILO_STREAM_NOT_ACTIVATED(72) (device: 0001:01:00.0)
[2026-05-07 04:17:51.685] [47205] [HailoRT] [info] [core_op.cpp:186] [deactivate] Deactivating took 0.779999 ms
[2026-05-07 04:17:51.685] [47205] [HailoRT] [info] [core_op.cpp:186] [deactivate] Deactivating took 0.822276 ms
[2026-05-07 04:17:51.685] [47206] [HailoRT] [info] [queue_elements.cpp:734] [run_in_thread] Shutdown event was signaled in run_pull of queue element PullQEl_hw_read3scrfd_2_5g/conv42!
[2026-05-07 04:17:51.685] [47207] [HailoRT] [info] [queue_elements.cpp:855] [run_in_thread] Shutdown event was signaled in dequeue of UserBuffQEl3scrfd_2_5g/conv42!
[2026-05-07 04:17:51.685] [47206] [HailoRT] [info] [queue_elements.cpp:68] [operator()] Thread in element PullQEl_hw_read3scrfd_2_5g/conv42 is not running anymore, exiting..
[2026-05-07 04:17:51.685] [47205] [HailoRT] [info] [queue_elements.cpp:46] [~BaseQueueElement] Queue element PullQEl_hw_read3scrfd_2_5g/conv42 has 0 frames in his Queue on destruction
[2026-05-07 04:17:51.685] [47207] [HailoRT] [info] [queue_elements.cpp:68] [operator()] Thread in element UserBuffQEl3scrfd_2_5g/conv42 is not running anymore, exiting..
[2026-05-07 04:17:51.685] [47205] [HailoRT] [info] [queue_elements.cpp:46] [~BaseQueueElement] Queue element UserBuffQEl3scrfd_2_5g/conv42 has 0 frames in his Queue on destruction
[2026-05-07 04:17:51.685] [47208] [HailoRT] [info] [queue_elements.cpp:734] [run_in_thread] Shutdown event was signaled in run_pull of queue element PullQEl_hw_read0scrfd_2_5g/conv43!
[2026-05-07 04:17:51.685] [47209] [HailoRT] [info] [queue_elements.cpp:855] [run_in_thread] Shutdown event was signaled in dequeue of UserBuffQEl0scrfd_2_5g/conv43!
[2026-05-07 04:17:51.685] [47208] [HailoRT] [info] [queue_elements.cpp:68] [operator()] Thread in element PullQEl_hw_read0scrfd_2_5g/conv43 is not running anymore, exiting..
[2026-05-07 04:17:51.685] [47205] [HailoRT] [info] [queue_elements.cpp:46] [~BaseQueueElement] Queue element PullQEl_hw_read0scrfd_2_5g/conv43 has 0 frames in his Queue on destruction
[2026-05-07 04:17:51.685] [47209] [HailoRT] [info] [queue_elements.cpp:68] [operator()] Thread in element UserBuffQEl0scrfd_2_5g/conv43 is not running anymore, exiting..
[2026-05-07 04:17:51.685] [47205] [HailoRT] [info] [queue_elements.cpp:46] [~BaseQueueElement] Queue element UserBuffQEl0scrfd_2_5g/conv43 has 0 frames in his Queue on destruction
[2026-05-07 04:17:51.685] [47210] [HailoRT] [info] [queue_elements.cpp:734] [run_in_thread] Shutdown event was signaled in run_pull of queue element PullQEl_hw_read2scrfd_2_5g/conv44!
[2026-05-07 04:17:51.685] [47211] [HailoRT] [info] [queue_elements.cpp:855] [run_in_thread] Shutdown event was signaled in dequeue of UserBuffQEl2scrfd_2_5g/conv44!
[2026-05-07 04:17:51.686] [47210] [HailoRT] [info] [queue_elements.cpp:68] [operator()] Thread in element PullQEl_hw_read2scrfd_2_5g/conv44 is not running anymore, exiting..
[2026-05-07 04:17:51.686] [47205] [HailoRT] [info] [queue_elements.cpp:46] [~BaseQueueElement] Queue element PullQEl_hw_read2scrfd_2_5g/conv44 has 0 frames in his Queue on destruction
[2026-05-07 04:17:51.686] [47211] [HailoRT] [info] [queue_elements.cpp:68] [operator()] Thread in element UserBuffQEl2scrfd_2_5g/conv44 is not running anymore, exiting..
[2026-05-07 04:17:51.686] [47205] [HailoRT] [info] [queue_elements.cpp:46] [~BaseQueueElement] Queue element UserBuffQEl2scrfd_2_5g/conv44 has 0 frames in his Queue on destruction
[2026-05-07 04:17:51.686] [47212] [HailoRT] [info] [queue_elements.cpp:734] [run_in_thread] Shutdown event was signaled in run_pull of queue element PullQEl_hw_read14scrfd_2_5g/conv49!
[2026-05-07 04:17:51.686] [47213] [HailoRT] [info] [queue_elements.cpp:855] [run_in_thread] Shutdown event was signaled in dequeue of UserBuffQEl14scrfd_2_5g/conv49!
[2026-05-07 04:17:51.686] [47212] [HailoRT] [info] [queue_elements.cpp:68] [operator()] Thread in element PullQEl_hw_read14scrfd_2_5g/conv49 is not running anymore, exiting..
[2026-05-07 04:17:51.686] [47205] [HailoRT] [info] [queue_elements.cpp:46] [~BaseQueueElement] Queue element PullQEl_hw_read14scrfd_2_5g/conv49 has 0 frames in his Queue on destruction
[2026-05-07 04:17:51.686] [47213] [HailoRT] [info] [queue_elements.cpp:68] [operator()] Thread in element UserBuffQEl14scrfd_2_5g/conv49 is not running anymore, exiting..
[2026-05-07 04:17:51.686] [47205] [HailoRT] [info] [queue_elements.cpp:46] [~BaseQueueElement] Queue element UserBuffQEl14scrfd_2_5g/conv49 has 0 frames in his Queue on destruction
[2026-05-07 04:17:51.686] [47214] [HailoRT] [info] [queue_elements.cpp:734] [run_in_thread] Shutdown event was signaled in run_pull of queue element PullQEl_hw_read12scrfd_2_5g/conv50!
[2026-05-07 04:17:51.686] [47215] [HailoRT] [info] [queue_elements.cpp:855] [run_in_thread] Shutdown event was signaled in dequeue of UserBuffQEl12scrfd_2_5g/conv50!
[2026-05-07 04:17:51.686] [47214] [HailoRT] [info] [queue_elements.cpp:68] [operator()] Thread in element PullQEl_hw_read12scrfd_2_5g/conv50 is not running anymore, exiting..
[2026-05-07 04:17:51.686] [47205] [HailoRT] [info] [queue_elements.cpp:46] [~BaseQueueElement] Queue element PullQEl_hw_read12scrfd_2_5g/conv50 has 0 frames in his Queue on destruction
[2026-05-07 04:17:51.686] [47215] [HailoRT] [info] [queue_elements.cpp:68] [operator()] Thread in element UserBuffQEl12scrfd_2_5g/conv50 is not running anymore, exiting..
[2026-05-07 04:17:51.686] [47205] [HailoRT] [info] [queue_elements.cpp:46] [~BaseQueueElement] Queue element UserBuffQEl12scrfd_2_5g/conv50 has 0 frames in his Queue on destruction
[2026-05-07 04:17:51.686] [47216] [HailoRT] [info] [queue_elements.cpp:734] [run_in_thread] Shutdown event was signaled in run_pull of queue element PullQEl_hw_read1scrfd_2_5g/conv51!
[2026-05-07 04:17:51.686] [47217] [HailoRT] [info] [queue_elements.cpp:855] [run_in_thread] Shutdown event was signaled in dequeue of UserBuffQEl1scrfd_2_5g/conv51!
[2026-05-07 04:17:51.686] [47216] [HailoRT] [info] [queue_elements.cpp:68] [operator()] Thread in element PullQEl_hw_read1scrfd_2_5g/conv51 is not running anymore, exiting..
[2026-05-07 04:17:51.686] [47205] [HailoRT] [info] [queue_elements.cpp:46] [~BaseQueueElement] Queue element PullQEl_hw_read1scrfd_2_5g/conv51 has 0 frames in his Queue on destruction
[2026-05-07 04:17:51.687] [47205] [HailoRT] [info] [queue_elements.cpp:46] [~BaseQueueElement] Queue element UserBuffQEl1scrfd_2_5g/conv51 has 0 frames in his Queue on destruction
[2026-05-07 04:17:51.687] [47218] [HailoRT] [info] [queue_elements.cpp:734] [run_in_thread] Shutdown event was signaled in run_pull of queue element PullQEl_hw_read10scrfd_2_5g/conv55!
[2026-05-07 04:17:51.687] [47219] [HailoRT[2026-05-07 04:18:06.637] [48086] [HailoRT] [info] [vdevice.cpp:523] [create] Creating vdevice with params: device_count: 1, scheduling_algorithm: NONE, multi_process_service: false
[2026-05-07 04:18:06.649] [48086] [HailoRT] [info] [device.cpp:49] [Device] OS Version: Linux 6.12.75+rpt-rpi-2712 #1 SMP PREEMPT Debian 1:6.12.75-1+rpt1~bookworm (2026-03-11) aarch64
[2026-05-07 04:18:06.650] [48086] [HailoRT] [info] [control.cpp:108] [control__parse_identify_results] firmware_version is: 4.20.0
[2026-05-07 04:18:06.650] [48086] [HailoRT] [info] [vdevice.cpp:651] [create] VDevice Infos: 0001:01:00.0
[2026-05-07 04:18:06.656] [48086] [HailoRT] [info] [internal_buffer_manager.cpp:204] [print_execution_results] Planned internal buffer memory: CMA memory 0, user memory 462336. memory to edge layer usage factor is 1
[2026-05-07 04:18:06.656] [48086] [HailoRT] [info] [internal_buffer_manager.cpp:212] [print_execution_results] Default Internal buffer planner executed successfully
[2026-05-07 04:18:06.673] [48086] [HailoRT] [info] [device_internal.cpp:57] [configure] Configuring HEF took 23.220582 milliseconds
[2026-05-07 04:18:06.673] [48086] [HailoRT] [info] [vdevice.cpp:749] [configure] Configuring HEF on VDevice took 23.637022 milliseconds
[2026-05-07 04:18:06.674] [48086] [HailoRT] [info] [hef.cpp:1929] [get_network_group_and_network_name] No name was given. Addressing all networks of default network_group: scrfd_2_5g
[2026-05-07 04:18:06.797] [48114] [HailoRT] [info] [edge_elements.cpp:52] [create] Created (HwWriteEl3scrfd_2_5g/input_layer1 | hw_frame_size: 1228800)
[2026-05-07 04:18:06.797] [48114] [HailoRT] [info] [vstream.cpp:754] [InputVStreamImpl] Creating scrfd_2_5g/input_layer1...
[2026-05-07 04:18:06.797] [48114] [HailoRT] [info] [vstream_builder.cpp:102] [create_inputs] Input pipeline 'scrfd_2_5g/input_layer1': (HwWriteEl3scrfd_2_5g/input_layer1 | hw_frame_size: 1228800) >> HW
[2026-05-07 04:18:06.797] [48114] [HailoRT] [info] [edge_elements.cpp:287] [create] Created (HwReadEl3scrfd_2_5g/conv42 | hw_frame_size: 12800)
[2026-05-07 04:18:06.797] [48114] [HailoRT] [info] [queue_elements.cpp:657] [create] Created (PullQEl_hw_read3scrfd_2_5g/conv42)
[2026-05-07 04:18:06.797] [48114] [HailoRT] [info] [filter_elements.cpp:375] [create] Created (PostInferEl3scrfd_2_5g/conv42 | Quantization - src_type: UINT8, dst_type FLOAT32, limvals_min: 0, limvals_max: 1)
[2026-05-07 04:18:06.797] [48114] [HailoRT] [info] [queue_elements.cpp:800] [create] Created (UserBuffQEl3scrfd_2_5g/conv42 | timeout: 60s)
[2026-05-07 04:18:06.797] [48114] [HailoRT] [info] [vstream.cpp:1114] [OutputVStreamImpl] Creating scrfd_2_5g/conv42...
[2026-05-07 04:18:06.798] [48114] [HailoRT] [info] [vstream_builder.cpp:220] [create_outputs] Output pipeline 'scrfd_2_5g/conv42': HW >> (HwReadEl3scrfd_2_5g/conv42 | hw_frame_size: 12800) >> (PullQEl_hw_read3scrfd_2_5g/conv42) >> (PostInferEl3scrfd_2_5g/conv42 | Quantization - src_type: UINT8, dst_type FLOAT32, limvals_min: 0, limvals_max: 1) >> (UserBuffQEl3scrfd_2_5g/conv42 | timeout: 60s)
[2026-05-07 04:18:06.798] [48114] [HailoRT] [info] [edge_elements.cpp:287] [create] Created (HwReadEl0scrfd_2_5g/conv43 | hw_frame_size: 51200)
[2026-05-07 04:18:06.825] [48114] [HailoRT] [info] [queue_elements.cpp:657] [create] Created (PullQEl_hw_read0scrfd_2_5g/conv43)
[2026-05-07 04:18:06.825] [48114] [HailoRT] [info] [filter_elements.cpp:375] [create] Created (PostInferEl0scrfd_2_5g/conv43 | Quantization - src_type: UINT8, dst_type FLOAT32, limvals_min: -0.0793963, limvals_max: 4.98212)
[2026-05-07 04:18:06.825] [48114] [HailoRT] [info] [queue_elements.cpp:800] [create] Created (UserBuffQEl0scrfd_2_5g/conv43 | timeout: 60s)
[2026-05-07 04:18:06.825] [48114] [HailoRT] [info] [vstream.cpp:1114] [OutputVStreamImpl] Creating scrfd_2_5g/conv43...
[2026-05-07 04:18:06.825] [48114] [HailoRT] [info] [vstream_builder.cpp:220] [create_outputs] Output pipeline 'scrfd_2_5g/conv43': HW >> (HwReadEl0scrfd_2_5g/conv43 | hw_frame_size: 51200) >> (PullQEl_hw_read0scrfd_2_5g/conv43) >> (PostInferEl0scrfd_2_5g/conv43 | Quantization - src_type: UINT8, dst_type FLOAT32, limvals_min: -0.0793963, limvals_max: 4.98212) >> (UserBuffQEl0scrfd_2_5g/conv43 | timeout: 60s)
[2026-05-07 04:18:06.825] [48114] [HailoRT] [info] [edge_elements.cpp:287] [create] Created (HwReadEl2scrfd_2_5g/conv44 | hw_frame_size: 153600)
[2026-05-07 04:18:06.825] [48114] [HailoRT] [info] [queue_elements.cpp:657] [create] Created (PullQEl_hw_read2scrfd_2_5g/conv44)
[2026-05-07 04:18:06.825] [48114] [HailoRT] [info] [filter_elements.cpp:375] [create] Created (PostInferEl2scrfd_2_5g/conv44 | Quantization - src_type: UINT8, dst_type FLOAT32, limvals_min: -3.16292, limvals_max: 3.50274 | Reorder - src_order: FCR, src_shape: (80, 80, 24), dst_order: FCR, dst_shape: (80, 80, 20))
[2026-05-07 04:18:06.825] [48114] [HailoRT] [info] [queue_elements.cpp:800] [create] Created (UserBuffQEl2scrfd_2_5g/conv44 | timeout: 60s)
[2026-05-07 04:18:06.825] [48114] [HailoRT] [info] [vstream.cpp:1114] [OutputVStreamImpl] Creating scrfd_2_5g/conv44...
[2026-05-07 04:18:06.825] [48114] [HailoRT] [info] [vstream_builder.cpp:220] [create_outputs] Output pipeline 'scrfd_2_5g/conv44': HW >> (HwReadEl2scrfd_2_5g/conv44 | hw_frame_size: 153600) >> (PullQEl_hw_read2scrfd_2_5g/conv44) >> (PostInferEl2scrfd_2_5g/conv44 | Quantization - src_type: UINT8, dst_type FLOAT32, limvals_min: -3.16292, limvals_max: 3.50274 | Reorder - src_order: FCR, src_shape: (80, 80, 24), dst_order: FCR, dst_shape: (80, 80, 20)) >> (UserBuffQEl2scrfd_2_5g/conv44 | timeout: 60s)
[2026-05-07 04:18:06.825] [48114] [HailoRT] [info] [edge_elements.cpp:287] [create] Created (HwReadEl14scrfd_2_5g/conv49 | hw_frame_size: 3200)
[2026-05-07 04:18:06.825] [48114] [HailoRT] [info] [queue_elements.cpp:657] [create] Created (PullQEl_hw_read14scrfd_2_5g/conv49)
[2026-05-07 04:18:06.825] [48114] [HailoRT] [info] [filter_elements.cpp:375] [create] Created (PostInferEl14scrfd_2_5g/conv49 | Quantization - src_type: UINT8, dst_type FLOAT32, limvals_min: 0, limvals_max: 1)
[2026-05-07 04:18:06.825] [48114] [HailoRT] [info] [queue_elements.cpp:800] [create] Created (UserBuffQEl14scrfd_2_5g/conv49 | timeout: 60s)
[2026-05-07 04:18:06.825] [48114] [HailoRT] [info] [vstream.cpp:1114] [OutputVStreamImpl] Creating scrfd_2_5g/conv49...
[2026-05-07 04:18:06.825] [48114] [HailoRT] [info] [vstream_builder.cpp:220] [create_outputs] Output pipeline 'scrfd_2_5g/conv49': HW >> (HwReadEl14scrfd_2_5g/conv49 | hw_frame_size: 3200) >> (PullQEl_hw_read14scrfd_2_5g/conv49) >> (PostInferEl14scrfd_2_5g/conv49 | Quantization - src_type: UINT8, dst_type FLOAT32, limvals_min: 0, limvals_max: 1) >> (UserBuffQEl14scrfd_2_5g/conv49 | timeout: 60s)
[2026-05-07 04:18:06.825] [48114] [HailoRT] [info] [edge_elements.cpp:287] [create] Created (HwReadEl12scrfd_2_5g/conv50 | hw_frame_size: 12800)
[2026-05-07 04:18:06.825] [48114] [HailoRT] [info] [queue_elements.cpp:657] [create] Created (PullQEl_hw_read12scrfd_2_5g/conv50)
[2026-05-07 04:18:06.825] [48114] [HailoRT] [info] [filter_elements.cpp:375] [create] Created (PostInferEl12scrfd_2_5g/conv50 | Quantization - src_type: UINT8, dst_type FLOAT32, limvals_min: 0, limvals_max: 8.10626)
[2026-05-07 04:18:06.826] [48114] [HailoRT] [info] [queue_elements.cpp:800] [create] Created (UserBuffQEl12scrfd_2_5g/conv50 | timeout: 60s)
[2026-05-07 04:18:06.826] [48114] [HailoRT] [info] [vstream.cpp:1114] [OutputVStreamImpl] Creating scrfd_2_5g/conv50...
[2026-05-07 04:18:06.826] [48114] [HailoRT] [info] [vstream_builder.cpp:220] [create_outputs] Output pipeline 'scrfd_2_5g/conv50': HW >> (HwReadEl12scrfd_2_5g/conv50 | hw_frame_size: 12800) >> (PullQEl_hw_read12scrfd_2_5g/conv50) >> (PostInferEl12scrfd_2_5g/conv50 | Quantization - src_type: UINT8, dst_type FLOAT32, limvals_min: 0, limvals_max: 8.10626) >> (UserBuffQEl12scrfd_2_5g/conv50 | timeout: 60s)
[2026-05-07 04:18:06.826] [48114] [HailoRT] [info] [edge_elements.cpp:287] [create] Created (HwReadEl1scrfd_2_5g/conv51 | hw_frame_size: 38400)
[2026-05-07 04:18:06.826] [48114] [HailoRT] [info] [queue_elements.cpp:657] [create] Created (PullQEl_hw_read1scrfd_2_5g/conv51)
[2026-05-07 04:18:06.826] [48114] [HailoRT] [info] [filter_elements.cpp:375] [create] Created (PostInferEl1scrfd_2_5g/conv51 | Quantization - src_type: UINT8, dst_type FLOAT32, limvals_min: -4.24698, limvals_max: 5.17024 | Reorder - src_order: FCR, src_shape: (40, 40, 24), dst_order: FCR, dst_shape: (40, 40, 20))
[2026-05-07 04:18:06.826] [48114] [HailoRT] [info] [queue_elements.cpp:800] [create] Created (UserBuffQEl1scrfd_2_5g/conv51 | timeout: 60s)
[2026-05-07 04:18:06.826] [48114] [HailoRT] [info] [vstream.cpp:1114] [OutputVStreamImpl] Creating scrfd_2_5g/conv51...
[2026-05-07 04:18:06.826] [48114] [HailoRT] [info] [vstream_builder.cpp:220] [create_outputs] Output pipeline 'scrfd_2_5g/conv51': HW >> (HwReadEl1scrfd_2_5g/conv51 | hw_frame_size: 38400) >> (PullQEl_hw_read1scrfd_2_5g/conv51) >> (PostInferEl1scrfd_2_5g/conv51 | Quantization - src_type: UINT8, dst_type FLOAT32, limvals_min: -4.24698, limvals_max: 5.17024 | Reorder - src_order: FCR, src_shape: (40, 40, 24), dst_order: FCR, dst_shape: (40, 40, 20)) >> (UserBuffQEl1scrfd_2_5g/conv51 | timeout: 60s)
[2026-05-07 04:18:06.826] [48114] [HailoRT] [info] [edge_elements.cpp:287] [create] Created (HwReadEl10scrfd_2_5g/conv55 | hw_frame_size: 800)
[2026-05-07 04:18:06.826] [48114] [HailoRT] [info] [queue_elements.cpp:657] [create] Created (PullQEl_hw_read10scrfd_2_5g/conv55)
[2026-05-07 04:18:06.826] [48114] [HailoRT] [info] [filter_elements.cpp:375] [create] Created (PostInferEl10scrfd_2_5g/conv55 | Quantization - src_type: UINT8, dst_type FLOAT32, limvals_min: 0, limvals_max: 1 | Reorder - src_order: NHCW, src_shape: (20, 20, 2), dst_order: NHWC, dst_shape: (20, 20, 2))
[2026-05-07 04:18:06.826] [48114] [HailoRT] [info] [queue_elements.cpp:800] [create] Created (UserBuffQEl10scrfd_2_5g/conv55 | timeout: 60s)
[2026-05-07 04:18:06.826] [48114] [HailoRT] [info] [vstream.cpp:1114] [OutputVStreamImpl] Creating scrfd_2_5g/conv55...
[2026-05-07 04:18:06.826] [48114] [HailoRT] [info] [vstream_builder.cpp:220] [create_outputs] Output pipeline 'scrfd_2_5g/conv55': HW >> (HwReadEl10scrfd_2_5g/conv55 | hw_frame_size: 800) >> (PullQEl_hw_read10scrfd_2_5g/conv55) >> (PostInferEl10scrfd_2_5g/conv55 | Quantization - src_type: UINT8, dst_type FLOAT32, limvals_min: 0, limvals_max: 1 | Reorder - src_order: NHCW, src_shape: (20, 20, 2), dst_order: NHWC, dst_shape: (20, 20, 2)) >> (UserBuffQEl10scrfd_2_5g/conv55 | timeout: 60s)
[2026-05-07 04:18:06.826] [48114] [HailoRT] [info] [edge_elements.cpp:287] [create] Created (HwReadEl9scrfd_2_5g/conv56 | hw_frame_size: 3200)
[2026-05-07 04:18:06.826] [48114] [HailoRT] [info] [queue_elements.cpp:657] [create] Created (PullQEl_hw_read9scrfd_2_5g/conv56)
[2026-05-07 04:18:06.826] [48114] [HailoRT] [info] [filter_elements.cpp:375] [create] Created (PostInferEl9scrfd_2_5g/conv56 | Quantization - src_type: UINT8, dst_type FLOAT32, limvals_min: -0.0299247, limvals_max: 7.60086 | Reorder - src_order: NHCW, src_shape: (20, 20, 8), dst_order: NHWC, dst_shape: (20, 20, 8))
[2026-05-07 04:18:06.826] [48114] [HailoRT] [info] [queue_elements.cpp:800] [create] Created (UserBuffQEl9scrfd_2_5g/conv56 | timeout: 60s)
[2026-05-07 04:18:06.826] [48114] [HailoRT] [info] [vstream.cpp:1114] [OutputVStreamImpl] Creating scrfd_2_5g/conv56...
[2026-05-07 04:18:06.826] [48114] [HailoRT] [info] [vstream_builder.cpp:220] [create_outputs] Output pipeline 'scrfd_2_5g/conv56': HW >> (HwReadEl9scrfd_2_5g/conv56 | hw_frame_size: 3200) >> (PullQEl_hw_read9scrfd_2_5g/conv56) >> (PostInferEl9scrfd_2_5g/conv56 | Quantization - src_type: UINT8, dst_type FLOAT32, limvals_min: -0.0299247, limvals_max: 7.60086 | Reorder - src_order: NHCW, src_shape: (20, 20, 8), dst_order: NHWC, dst_shape: (20, 20, 8)) >> (UserBuffQEl9scrfd_2_5g/conv56 | timeout: 60s)
[2026-05-07 04:18:06.826] [48114] [HailoRT] [info] [edge_elements.cpp:287] [create] Created (HwReadEl13scrfd_2_5g/conv57 | hw_frame_size: 9600)
[2026-05-07 04:18:06.826] [48114] [HailoRT] [info] [queue_elements.cpp:657] [create] Created (PullQEl_hw_read13scrfd_2_5g/conv57)
[2026-05-07 04:18:06.826] [48114] [HailoRT] [info] [filter_elements.cpp:375] [create] Created (PostInferEl13scrfd_2_5g/conv57 | Quantization - src_type: UINT8, dst_type FLOAT32, limvals_min: -4.03285, limvals_max: 5.14908 | Reorder - src_order: FCR, src_shape: (20, 20, 24), dst_order: FCR, dst_shape: (20, 20, 20))
[2026-05-07 04:18:06.826] [48114] [HailoRT] [info] [queue_elements.cpp:800] [create] Created (UserBuffQEl13scrfd_2_5g/conv57 | timeout: 60s)
[2026-05-07 04:18:06.826] [48114] [HailoRT] [info] [vstream.cpp:1114] [OutputVStreamImpl] Creating scrfd_2_5g/conv57...
[2026-05-07 04:18:06.826] [48114] [HailoRT] [info] [vstream_builder.cpp:220] [create_outputs] Output pipeline 'scrfd_2_5g/conv57': HW >> (HwReadEl13scrfd_2_5g/conv57 | hw_frame_size: 9600) >> (PullQEl_hw_read13scrfd_2_5g/conv57) >> (PostInferEl13scrfd_2_5g/conv57 | Quantization - src_type: UINT8, dst_type FLOAT32, limvals_min: -4.03285, limvals_max: 5.14908 | Reorder - src_order: FCR, src_shape: (20, 20, 24), dst_order: FCR, dst_shape: (20, 20, 20)) >> (UserBuffQEl13scrfd_2_5g/conv57 | timeout: 60s)
[2026-05-07 04:18:06.827] [48114] [HailoRT] [info] [core_op.cpp:156] [activate] Activating scrfd_2_5g took 0.578435 milliseconds. Note that the function is asynchronous and thus the network is not fully activated yet.
[2026-05-07 04:18:06.827] [48114] [HailoRT] [info] [core_op.cpp:156] [activate] Activating scrfd_2_5g took 0.589287 milliseconds. Note that the function is asynchronous and thus the network is not fully activated yet.
[2026-05-07 04:18:49.649] [48115] [HailoRT] [info] [vdevice_native_stream.cpp:331] [read_impl] Failed read from stream HAILO_STREAM_NOT_ACTIVATED(72) (device: 0001:01:00.0)
[2026-05-07 04:18:49.649] [48117] [HailoRT] [info] [vdevice_native_stream.cpp:331] [read_impl] Failed read from stream HAILO_STREAM_NOT_ACTIVATED(72) (device: 0001:01:00.0)
[2026-05-07 04:18:49.649] [48123] [HailoRT] [info] [vdevice_native_stream.cpp:331] [read_impl] Failed read from stream HAILO_STREAM_NOT_ACTIVATED(72) (device: 0001:01:00.0)
[2026-05-07 04:18:49.649] [48119] [HailoRT] [info] [vdevice_native_stream.cpp:331] [read_impl] Failed read from stream HAILO_STREAM_NOT_ACTIVATED(72) (device: 0001:01:00.0)
[2026-05-07 04:18:49.649] [48125] [HailoRT] [info] [vdevice_native_stream.cpp:331] [read_impl] Failed read from stream HAILO_STREAM_NOT_ACTIVATED(72) (device: 0001:01:00.0)
[2026-05-07 04:18:49.649] [48121] [HailoRT] [info] [vdevice_native_stream.cpp:331] [read_impl] Failed read from stream HAILO_STREAM_NOT_ACTIVATED(72) (device: 0001:01:00.0)
[2026-05-07 04:18:49.649] [48127] [HailoRT] [info] [vdevice_native_stream.cpp:331] [read_impl] Failed read from stream HAILO_STREAM_NOT_ACTIVATED(72) (device: 0001:01:00.0)
[2026-05-07 04:18:49.649] [48131] [HailoRT] [info] [vdevice_native_stream.cpp:331] [read_impl] Failed read from stream HAILO_STREAM_NOT_ACTIVATED(72) (device: 0001:01:00.0)
[2026-05-07 04:18:49.649] [48129] [HailoRT] [info] [vdevice_native_stream.cpp:331] [read_impl] Failed read from stream HAILO_STREAM_NOT_ACTIVATED(72) (device: 0001:01:00.0)
[2026-05-07 04:18:49.649] [48114] [HailoRT] [info] [core_op.cpp:186] [deactivate] Deactivating took 0.838772 ms
[2026-05-07 04:18:49.649] [48114] [HailoRT] [info] [core_op.cpp:186] [deactivate] Deactivating took 0.897719 ms
[2026-05-07 04:18:49.650] [48116] [HailoRT] [info] [queue_elements.cpp:855] [run_in_thread] Shutdown event was signaled in dequeue of UserBuffQEl3scrfd_2_5g/conv42!
[2026-05-07 04:18:49.650] [48115] [HailoRT] [info] [queue_elements.cpp:734] [run_in_thread] Shutdown event was signaled in run_pull of queue element PullQEl_hw_read3scrfd_2_5g/conv42!
[2026-05-07 04:18:49.650] [48115] [HailoRT] [info] [queue_elements.cpp:68] [operator()] Thread in element PullQEl_hw_read3scrfd_2_5g/conv42 is not running anymore, exiting..
[2026-05-07 04:18:49.650] [48114] [HailoRT] [info] [queue_elements.cpp:46] [~BaseQueueElement] Queue element PullQEl_hw_read3scrfd_2_5g/conv42 has 0 frames in his Queue on destruction
[2026-05-07 04:18:49.650] [48116] [HailoRT] [info] [queue_elements.cpp:68] [operator()] Thread in element UserBuffQEl3scrfd_2_5g/conv42 is not running anymore, exiting..
[2026-05-07 04:18:49.650] [48114] [HailoRT] [info] [queue_elements.cpp:46] [~BaseQueueElement] Queue element UserBuffQEl3scrfd_2_5g/conv42 has 0 frames in his Queue on destruction
[2026-05-07 04:18:49.650] [48117] [HailoRT] [info] [queue_elements.cpp:734] [run_in_thread] Shutdown event was signaled in run_pull of queue element PullQEl_hw_read0scrfd_2_5g/conv43!
[2026-05-07 04:18:49.650] [48118] [HailoRT] [info] [queue_elements.cpp:855] [run_in_thread] Shutdown event was signaled in dequeue of UserBuffQEl0scrfd_2_5g/conv43!
[2026-05-07 04:18:49.650] [48117] [HailoRT] [info] [queue_elements.cpp:68] [operator()] Thread in element PullQEl_hw_read0scrfd_2_5g/conv43 is not running anymore, exiting..
[2026-05-07 04:18:49.650] [48114] [HailoRT] [info] [queue_elements.cpp:46] [~BaseQueueElement] Queue element PullQEl_hw_read0scrfd_2_5g/conv43 has 0 frames in his Queue on destruction
[2026-05-07 04:18:49.650] [48118] [HailoRT] [info] [queue_elements.cpp:68] [operator()] Thread in element UserBuffQEl0scrfd_2_5g/conv43 is not running anymore, exiting..
[2026-05-07 04:18:49.651] [48114] [HailoRT] [info] [queue_elements.cpp:46] [~BaseQueueElement] Queue element UserBuffQEl0scrfd_2_5g/conv43 has 0 frames in his Queue on destruction
[2026-05-07 04:18:49.651] [48119] [HailoRT] [info] [queue_elements.cpp:734] [run_in_thread] Shutdown event was signaled in run_pull of queue element PullQEl_hw_read2scrfd_2_5g/conv44!
[2026-05-07 04:18:49.651] [48120] [HailoRT] [info] [queue_elements.cpp:855] [run_in_thread] Shutdown event was signaled in dequeue of UserBuffQEl2scrfd_2_5g/conv44!
[2026-05-07 04:18:49.651] [48119] [HailoRT] [info] [queue_elements.cpp:68] [operator()] Thread in element PullQEl_hw_read2scrfd_2_5g/conv44 is not running anymore, exiting..
[2026-05-07 04:18:49.651] [48114] [HailoRT] [info] [queue_elements.cpp:46] [~BaseQueueElement] Queue element PullQEl_hw_read2scrfd_2_5g/conv44 has 0 frames in his Queue on destruction
[2026-05-07 04:18:49.651] [48120] [HailoRT] [info] [queue_elements.cpp:68] [operator()] Thread in element UserBuffQEl2scrfd_2_5g/conv44 is not running anymore, exiting..
[2026-05-07 04:18:49.651] [48114] [HailoRT] [info] [queue_elements.cpp:46] [~BaseQueueElement] Queue element UserBuffQEl2scrfd_2_5g/conv44 has 0 frames in his Queue on destruction
[2026-05-07 04:18:49.651] [48122] [HailoRT] [info] [queue_elements.cpp:855] [run_in_thread] Shutdown event was signaled in dequeue of UserBuffQEl14scrfd_2_5g/conv49!
[2026-05-07 04:18:49.651] [48121] [HailoRT] [info] [queue_elements.cpp:734] [run_in_thread] Shutdown event was signaled in run_pull of queue element PullQEl_hw_read14scrfd_2_5g/conv49!
[2026-05-07 04:18:49.651] [48121] [HailoRT] [info] [queue_elements.cpp:68] [operator()] Thread in element PullQEl_hw_read14scrfd_2_5g/conv49 is not running anymore, exiting..
[2026-05-07 04:18:49.651] [48114] [HailoRT] [info] [queue_elements.cpp:46] [~BaseQueueElement] Queue element PullQEl_hw_read14scrfd_2_5g/conv49 has 0 frames in his Queue on destruction
[2026-05-07 04:18:49.651] [48122] [HailoRT] [info] [queue_elements.cpp:68] [operator()] Thread in element UserBuffQEl14scrfd_2_5g/conv49 is not running anymore, exiting..
[2026-05-07 04:18:49.651] [48114] [HailoRT] [info] [queue_elements.cpp:46] [~BaseQueueElement] Queue element UserBuffQEl14scrfd_2_5g/conv49 has 0 frames in his Queue on destruction
[2026-05-07 04:18:49.652] [48123] [HailoRT] [info] [queue_elements.cpp:734] [run_in_thread] Shutdown event was signaled in run_pull of queue element PullQEl_hw_read12scrfd_2_5g/conv50!
[2026-05-07 04:18:49.652] [48124] [HailoRT] [info] [queue_elements.cpp:855] [run_in_thread] Shutdown event was signaled in dequeue of UserBuffQEl12scrfd_2_5g/conv50!
[2026-05-07 04:18:49.652] [48123] [HailoRT] [info] [queue_elements.cpp:68] [operator()] Thread in element PullQEl_hw_read12scrfd_2_5g/conv50 is not running anymore, exiting..
[2026-05-07 04:18:49.652] [48114] [HailoRT] [info] [queue_elements.cpp:46] [~BaseQueueElement] Queue element PullQEl_hw_read12scrfd_2_5g/conv50 has 0 frames in his Queue on destruction
[2026-05-07 04:18:49.652] [48124] [HailoRT] [info] [queue_elements.cpp:68] [operator()] Thread in element UserBuffQEl12scrfd_2_5g/conv50 is not running anymore, exiting..
[2026-05-07 04:18:49.652] [48114] [HailoRT] [info] [queue_elements.cpp:46] [~BaseQueueElement] Queue element UserBuffQEl12scrfd_2_5g/conv50 has 0 frames in his Queue on destruction
[2026-05-07 04:18:49.652] [48125] [HailoRT] [info] [queue_elements.cpp:734] [run_in_thread] Shutdown event was signaled in run_pull of queue element PullQEl_hw_read1scrfd_2_5g/conv51!
[2026-05-07 04:18:49.652] [48126] [HailoRT] [info] [queue_elements.cpp:855] [run_in_thread] Shutdown event was signaled in dequeue of UserBuffQEl1scrfd_2_5g/conv51!
[2026-05-07 04:18:49.652] [48125] [HailoRT] [info] [queue_elements.cpp:68] [operator()] Thread in element PullQEl_hw_read1scrfd_2_5g/conv51 is not running anymore, exiting..
[2026-05-07 04:18:49.652] [48114] [HailoRT] [info] [queue_elements.cpp:46] [~BaseQueueElement] Queue element PullQEl_hw_read1scrfd_2_5g/conv51 has 0 frames in his Queue on destruction
[2026-05-07 04:18:49.652] [48126] [HailoRT] [info] [queue_elements.cpp:68] [operator()] Thread in element UserBuffQEl1scrfd_2_5g/conv51 is not running anymore, exiting..
[2026-05-07 04:18:49.652] [48114] [HailoRT] [info] [queue_elements.cpp:46] [~BaseQueueElement] Queue element UserBuffQEl1scrfd_2_5g/conv51 has 0 frames in his Queue on destruction
[2026-05-07 04:18:49.652] [48128] [HailoRT] [info] [queue[2026-05-07 04:19:01.454] [55129] [HailoRT] [info] [vdevice.cpp:523] [create] Creating vdevice with params: device_count: 1, scheduling_algorithm: NONE, multi_process_service: false
[2026-05-07 04:19:01.467] [55129] [HailoRT] [info] [device.cpp:49] [Device] OS Version: Linux 6.12.75+rpt-rpi-2712 #1 SMP PREEMPT Debian 1:6.12.75-1+rpt1~bookworm (2026-03-11) aarch64
[2026-05-07 04:19:01.468] [55129] [HailoRT] [info] [control.cpp:108] [control__parse_identify_results] firmware_version is: 4.20.0
[2026-05-07 04:19:01.468] [55129] [HailoRT] [info] [vdevice.cpp:651] [create] VDevice Infos: 0001:01:00.0
[2026-05-07 04:19:01.474] [55129] [HailoRT] [info] [internal_buffer_manager.cpp:204] [print_execution_results] Planned internal buffer memory: CMA memory 0, user memory 462336. memory to edge layer usage factor is 1
[2026-05-07 04:19:01.474] [55129] [HailoRT] [info] [internal_buffer_manager.cpp:212] [print_execution_results] Default Internal buffer planner executed successfully
[2026-05-07 04:19:01.487] [55129] [HailoRT] [info] [device_internal.cpp:57] [configure] Configuring HEF took 18.535233 milliseconds
[2026-05-07 04:19:01.487] [55129] [HailoRT] [info] [vdevice.cpp:749] [configure] Configuring HEF on VDevice took 18.948403 milliseconds
[2026-05-07 04:19:01.489] [55129] [HailoRT] [info] [hef.cpp:1929] [get_network_group_and_network_name] No name was given. Addressing all networks of default network_group: scrfd_2_5g
[2026-05-07 04:19:01.605] [55157] [HailoRT] [info] [edge_elements.cpp:52] [create] Created (HwWriteEl3scrfd_2_5g/input_layer1 | hw_frame_size: 1228800)
[2026-05-07 04:19:01.605] [55157] [HailoRT] [info] [vstream.cpp:754] [InputVStreamImpl] Creating scrfd_2_5g/input_layer1...
[2026-05-07 04:19:01.605] [55157] [HailoRT] [info] [vstream_builder.cpp:102] [create_inputs] Input pipeline 'scrfd_2_5g/input_layer1': (HwWriteEl3scrfd_2_5g/input_layer1 | hw_frame_size: 1228800) >> HW
[2026-05-07 04:19:01.605] [55157] [HailoRT] [info] [edge_elements.cpp:287] [create] Created (HwReadEl3scrfd_2_5g/conv42 | hw_frame_size: 12800)
[2026-05-07 04:19:01.605] [55157] [HailoRT] [info] [queue_elements.cpp:657] [create] Created (PullQEl_hw_read3scrfd_2_5g/conv42)
[2026-05-07 04:19:01.605] [55157] [HailoRT] [info] [filter_elements.cpp:375] [create] Created (PostInferEl3scrfd_2_5g/conv42 | Quantization - src_type: UINT8, dst_type FLOAT32, limvals_min: 0, limvals_max: 1)
[2026-05-07 04:19:01.605] [55157] [HailoRT] [info] [queue_elements.cpp:800] [create] Created (UserBuffQEl3scrfd_2_5g/conv42 | timeout: 60s)
[2026-05-07 04:19:01.605] [55157] [HailoRT] [info] [vstream.cpp:1114] [OutputVStreamImpl] Creating scrfd_2_5g/conv42...
[2026-05-07 04:19:01.605] [55157] [HailoRT] [info] [vstream_builder.cpp:220] [create_outputs] Output pipeline 'scrfd_2_5g/conv42': HW >> (HwReadEl3scrfd_2_5g/conv42 | hw_frame_size: 12800) >> (PullQEl_hw_read3scrfd_2_5g/conv42) >> (PostInferEl3scrfd_2_5g/conv42 | Quantization - src_type: UINT8, dst_type FLOAT32, limvals_min: 0, limvals_max: 1) >> (UserBuffQEl3scrfd_2_5g/conv42 | timeout: 60s)
[2026-05-07 04:19:01.605] [55157] [HailoRT] [info] [edge_elements.cpp:287] [create] Created (HwReadEl0scrfd_2_5g/conv43 | hw_frame_size: 51200)
[2026-05-07 04:19:01.625] [55157] [HailoRT] [info] [queue_elements.cpp:657] [create] Created (PullQEl_hw_read0scrfd_2_5g/conv43)
[2026-05-07 04:19:01.625] [55157] [HailoRT] [info] [filter_elements.cpp:375] [create] Created (PostInferEl0scrfd_2_5g/conv43 | Quantization - src_type: UINT8, dst_type FLOAT32, limvals_min: -0.0793963, limvals_max: 4.98212)
[2026-05-07 04:19:01.625] [55157] [HailoRT] [info] [queue_elements.cpp:800] [create] Created (UserBuffQEl0scrfd_2_5g/conv43 | timeout: 60s)
[2026-05-07 04:19:01.625] [55157] [HailoRT] [info] [vstream.cpp:1114] [OutputVStreamImpl] Creating scrfd_2_5g/conv43...
[2026-05-07 04:19:01.625] [55157] [HailoRT] [info] [vstream_builder.cpp:220] [create_outputs] Output pipeline 'scrfd_2_5g/conv43': HW >> (HwReadEl0scrfd_2_5g/conv43 | hw_frame_size: 51200) >> (PullQEl_hw_read0scrfd_2_5g/conv43) >> (PostInferEl0scrfd_2_5g/conv43 | Quantization - src_type: UINT8, dst_type FLOAT32, limvals_min: -0.0793963, limvals_max: 4.98212) >> (UserBuffQEl0scrfd_2_5g/conv43 | timeout: 60s)
[2026-05-07 04:19:01.625] [55157] [HailoRT] [info] [edge_elements.cpp:287] [create] Created (HwReadEl2scrfd_2_5g/conv44 | hw_frame_size: 153600)
[2026-05-07 04:19:01.625] [55157] [HailoRT] [info] [queue_elements.cpp:657] [create] Created (PullQEl_hw_read2scrfd_2_5g/conv44)
[2026-05-07 04:19:01.625] [55157] [HailoRT] [info] [filter_elements.cpp:375] [create] Created (PostInferEl2scrfd_2_5g/conv44 | Quantization - src_type: UINT8, dst_type FLOAT32, limvals_min: -3.16292, limvals_max: 3.50274 | Reorder - src_order: FCR, src_shape: (80, 80, 24), dst_order: FCR, dst_shape: (80, 80, 20))
[2026-05-07 04:19:01.625] [55157] [HailoRT] [info] [queue_elements.cpp:800] [create] Created (UserBuffQEl2scrfd_2_5g/conv44 | timeout: 60s)
[2026-05-07 04:19:01.625] [55157] [HailoRT] [info] [vstream.cpp:1114] [OutputVStreamImpl] Creating scrfd_2_5g/conv44...
[2026-05-07 04:19:01.625] [55157] [HailoRT] [info] [vstream_builder.cpp:220] [create_outputs] Output pipeline 'scrfd_2_5g/conv44': HW >> (HwReadEl2scrfd_2_5g/conv44 | hw_frame_size: 153600) >> (PullQEl_hw_read2scrfd_2_5g/conv44) >> (PostInferEl2scrfd_2_5g/conv44 | Quantization - src_type: UINT8, dst_type FLOAT32, limvals_min: -3.16292, limvals_max: 3.50274 | Reorder - src_order: FCR, src_shape: (80, 80, 24), dst_order: FCR, dst_shape: (80, 80, 20)) >> (UserBuffQEl2scrfd_2_5g/conv44 | timeout: 60s)
[2026-05-07 04:19:01.625] [55157] [HailoRT] [info] [edge_elements.cpp:287] [create] Created (HwReadEl14scrfd_2_5g/conv49 | hw_frame_size: 3200)
[2026-05-07 04:19:01.625] [55157] [HailoRT] [info] [queue_elements.cpp:657] [create] Created (PullQEl_hw_read14scrfd_2_5g/conv49)
[2026-05-07 04:19:01.625] [55157] [HailoRT] [info] [filter_elements.cpp:375] [create] Created (PostInferEl14scrfd_2_5g/conv49 | Quantization - src_type: UINT8, dst_type FLOAT32, limvals_min: 0, limvals_max: 1)
[2026-05-07 04:19:01.625] [55157] [HailoRT] [info] [queue_elements.cpp:800] [create] Created (UserBuffQEl14scrfd_2_5g/conv49 | timeout: 60s)
[2026-05-07 04:19:01.625] [55157] [HailoRT] [info] [vstream.cpp:1114] [OutputVStreamImpl] Creating scrfd_2_5g/conv49...
[2026-05-07 04:19:01.625] [55157] [HailoRT] [info] [vstream_builder.cpp:220] [create_outputs] Output pipeline 'scrfd_2_5g/conv49': HW >> (HwReadEl14scrfd_2_5g/conv49 | hw_frame_size: 3200) >> (PullQEl_hw_read14scrfd_2_5g/conv49) >> (PostInferEl14scrfd_2_5g/conv49 | Quantization - src_type: UINT8, dst_type FLOAT32, limvals_min: 0, limvals_max: 1) >> (UserBuffQEl14scrfd_2_5g/conv49 | timeout: 60s)
[2026-05-07 04:19:01.625] [55157] [HailoRT] [info] [edge_elements.cpp:287] [create] Created (HwReadEl12scrfd_2_5g/conv50 | hw_frame_size: 12800)
[2026-05-07 04:19:01.625] [55157] [HailoRT] [info] [queue_elements.cpp:657] [create] Created (PullQEl_hw_read12scrfd_2_5g/conv50)
[2026-05-07 04:19:01.625] [55157] [HailoRT] [info] [filter_elements.cpp:375] [create] Created (PostInferEl12scrfd_2_5g/conv50 | Quantization - src_type: UINT8, dst_type FLOAT32, limvals_min: 0, limvals_max: 8.10626)
[2026-05-07 04:19:01.625] [55157] [HailoRT] [info] [queue_elements.cpp:800] [create] Created (UserBuffQEl12scrfd_2_5g/conv50 | timeout: 60s)
[2026-05-07 04:19:01.625] [55157] [HailoRT] [info] [vstream.cpp:1114] [OutputVStreamImpl] Creating scrfd_2_5g/conv50...
[2026-05-07 04:19:01.625] [55157] [HailoRT] [info] [vstream_builder.cpp:220] [create_outputs] Output pipeline 'scrfd_2_5g/conv50': HW >> (HwReadEl12scrfd_2_5g/conv50 | hw_frame_size: 12800) >> (PullQEl_hw_read12scrfd_2_5g/conv50) >> (PostInferEl12scrfd_2_5g/conv50 | Quantization - src_type: UINT8, dst_type FLOAT32, limvals_min: 0, limvals_max: 8.10626) >> (UserBuffQEl12scrfd_2_5g/conv50 | timeout: 60s)
[2026-05-07 04:19:01.625] [55157] [HailoRT] [info] [edge_elements.cpp:287] [create] Created (HwReadEl1scrfd_2_5g/conv51 | hw_frame_size: 38400)
[2026-05-07 04:19:01.625] [55157] [HailoRT] [info] [queue_elements.cpp:657] [create] Created (PullQEl_hw_read1scrfd_2_5g/conv51)
[2026-05-07 04:19:01.625] [55157] [HailoRT] [info] [filter_elements.cpp:375] [create] Created (PostInferEl1scrfd_2_5g/conv51 | Quantization - src_type: UINT8, dst_type FLOAT32, limvals_min: -4.24698, limvals_max: 5.17024 | Reorder - src_order: FCR, src_shape: (40, 40, 24), dst_order: FCR, dst_shape: (40, 40, 20))
[2026-05-07 04:19:01.626] [55157] [HailoRT] [info] [queue_elements.cpp:800] [create] Created (UserBuffQEl1scrfd_2_5g/conv51 | timeout: 60s)
[2026-05-07 04:19:01.626] [55157] [HailoRT] [info] [vstream.cpp:1114] [OutputVStreamImpl] Creating scrfd_2_5g/conv51...
[2026-05-07 04:19:01.626] [55157] [HailoRT] [info] [vstream_builder.cpp:220] [create_outputs] Output pipeline 'scrfd_2_5g/conv51': HW >> (HwReadEl1scrfd_2_5g/conv51 | hw_frame_size: 38400) >> (PullQEl_hw_read1scrfd_2_5g/conv51) >> (PostInferEl1scrfd_2_5g/conv51 | Quantization - src_type: UINT8, dst_type FLOAT32, limvals_min: -4.24698, limvals_max: 5.17024 | Reorder - src_order: FCR, src_shape: (40, 40, 24), dst_order: FCR, dst_shape: (40, 40, 20)) >> (UserBuffQEl1scrfd_2_5g/conv51 | timeout: 60s)
[2026-05-07 04:19:01.626] [55157] [HailoRT] [info] [edge_elements.cpp:287] [create] Created (HwReadEl10scrfd_2_5g/conv55 | hw_frame_size: 800)
[2026-05-07 04:19:01.626] [55157] [HailoRT] [info] [queue_elements.cpp:657] [create] Created (PullQEl_hw_read10scrfd_2_5g/conv55)
[2026-05-07 04:19:01.626] [55157] [HailoRT] [info] [filter_elements.cpp:375] [create] Created (PostInferEl10scrfd_2_5g/conv55 | Quantization - src_type: UINT8, dst_type FLOAT32, limvals_min: 0, limvals_max: 1 | Reorder - src_order: NHCW, src_shape: (20, 20, 2), dst_order: NHWC, dst_shape: (20, 20, 2))
[2026-05-07 04:19:01.626] [55157] [HailoRT] [info] [queue_elements.cpp:800] [create] Created (UserBuffQEl10scrfd_2_5g/conv55 | timeout: 60s)
[2026-05-07 04:19:01.626] [55157] [HailoRT] [info] [vstream.cpp:1114] [OutputVStreamImpl] Creating scrfd_2_5g/conv55...
[2026-05-07 04:19:01.626] [55157] [HailoRT] [info] [vstream_builder.cpp:220] [create_outputs] Output pipeline 'scrfd_2_5g/conv55': HW >> (HwReadEl10scrfd_2_5g/conv55 | hw_frame_size: 800) >> (PullQEl_hw_read10scrfd_2_5g/conv55) >> (PostInferEl10scrfd_2_5g/conv55 | Quantization - src_type: UINT8, dst_type FLOAT32, limvals_min: 0, limvals_max: 1 | Reorder - src_order: NHCW, src_shape: (20, 20, 2), dst_order: NHWC, dst_shape: (20, 20, 2)) >> (UserBuffQEl10scrfd_2_5g/conv55 | timeout: 60s)
[2026-05-07 04:19:01.626] [55157] [HailoRT] [info] [edge_elements.cpp:287] [create] Created (HwReadEl9scrfd_2_5g/conv56 | hw_frame_size: 3200)
[2026-05-07 04:19:01.626] [55157] [HailoRT] [info] [queue_elements.cpp:657] [create] Created (PullQEl_hw_read9scrfd_2_5g/conv56)
[2026-05-07 04:19:01.626] [55157] [HailoRT] [info] [filter_elements.cpp:375] [create] Created (PostInferEl9scrfd_2_5g/conv56 | Quantization - src_type: UINT8, dst_type FLOAT32, limvals_min: -0.0299247, limvals_max: 7.60086 | Reorder - src_order: NHCW, src_shape: (20, 20, 8), dst_order: NHWC, dst_shape: (20, 20, 8))
[2026-05-07 04:19:01.626] [55157] [HailoRT] [info] [queue_elements.cpp:800] [create] Created (UserBuffQEl9scrfd_2_5g/conv56 | timeout: 60s)
[2026-05-07 04:19:01.626] [55157] [HailoRT] [info] [vstream.cpp:1114] [OutputVStreamImpl] Creating scrfd_2_5g/conv56...
[2026-05-07 04:19:01.626] [55157] [HailoRT] [info] [vstream_builder.cpp:220] [create_outputs] Output pipeline 'scrfd_2_5g/conv56': HW >> (HwReadEl9scrfd_2_5g/conv56 | hw_frame_size: 3200) >> (PullQEl_hw_read9scrfd_2_5g/conv56) >> (PostInferEl9scrfd_2_5g/conv56 | Quantization - src_type: UINT8, dst_type FLOAT32, limvals_min: -0.0299247, limvals_max: 7.60086 | Reorder - src_order: NHCW, src_shape: (20, 20, 8), dst_order: NHWC, dst_shape: (20, 20, 8)) >> (UserBuffQEl9scrfd_2_5g/conv56 | timeout: 60s)
[2026-05-07 04:19:01.626] [55157] [HailoRT] [info] [edge_elements.cpp:287] [create] Created (HwReadEl13scrfd_2_5g/conv57 | hw_frame_size: 9600)
[2026-05-07 04:19:01.626] [55157] [HailoRT] [info] [queue_elements.cpp:657] [create] Created (PullQEl_hw_read13scrfd_2_5g/conv57)
[2026-05-07 04:19:01.626] [55157] [HailoRT] [info] [filter_elements.cpp:375] [create] Created (PostInferEl13scrfd_2_5g/conv57 | Quantization - src_type: UINT8, dst_type FLOAT32, limvals_min: -4.03285, limvals_max: 5.14908 | Reorder - src_order: FCR, src_shape: (20, 20, 24), dst_order: FCR, dst_shape: (20, 20, 20))
[2026-05-07 04:19:01.626] [55157] [HailoRT] [info] [queue_elements.cpp:800] [create] Created (UserBuffQEl13scrfd_2_5g/conv57 | timeout: 60s)
[2026-05-07 04:19:01.626] [55157] [HailoRT] [info] [vstream.cpp:1114] [OutputVStreamImpl] Creating scrfd_2_5g/conv57...
[2026-05-07 04:19:01.626] [55157] [HailoRT] [info] [vstream_builder.cpp:220] [create_outputs] Output pipeline 'scrfd_2_5g/conv57': HW >> (HwReadEl13scrfd_2_5g/conv57 | hw_frame_size: 9600) >> (PullQEl_hw_read13scrfd_2_5g/conv57) >> (PostInferEl13scrfd_2_5g/conv57 | Quantization - src_type: UINT8, dst_type FLOAT32, limvals_min: -4.03285, limvals_max: 5.14908 | Reorder - src_order: FCR, src_shape: (20, 20, 24), dst_order: FCR, dst_shape: (20, 20, 20)) >> (UserBuffQEl13scrfd_2_5g/conv57 | timeout: 60s)
[2026-05-07 04:19:01.627] [55157] [HailoRT] [info] [core_op.cpp:156] [activate] Activating scrfd_2_5g took 0.505787 milliseconds. Note that the function is asynchronous and thus the network is not fully activated yet.
[2026-05-07 04:19:01.627] [55157] [HailoRT] [info] [core_op.cpp:156] [activate] Activating scrfd_2_5g took 0.515991 milliseconds. Note that the function is asynchronous and thus the network is not fully activated yet.
[2026-05-07 04:19:18.363] [55160] [HailoRT] [info] [vdevice_native_stream.cpp:331] [read_impl] Failed read from stream HAILO_STREAM_NOT_ACTIVATED(72) (device: 0001:01:00.0)
[2026-05-07 04:19:18.363] [55158] [HailoRT] [info] [vdevice_native_stream.cpp:331] [read_impl] Failed read from stream HAILO_STREAM_NOT_ACTIVATED(72) (device: 0001:01:00.0)
[2026-05-07 04:19:18.363] [55168] [HailoRT] [info] [vdevice_native_stream.cpp:331] [read_impl] Failed read from stream HAILO_STREAM_NOT_ACTIVATED(72) (device: 0001:01:00.0)
[2026-05-07 04:19:18.363] [55164] [HailoRT] [info] [vdevice_native_stream.cpp:331] [read_impl] Failed read from stream HAILO_STREAM_NOT_ACTIVATED(72) (device: 0001:01:00.0)
[2026-05-07 04:19:18.363] [55172] [HailoRT] [info] [vdevice_native_stream.cpp:331] [read_impl] Failed read from stream HAILO_STREAM_NOT_ACTIVATED(72) (device: 0001:01:00.0)
[2026-05-07 04:19:18.363] [55170] [HailoRT] [info] [vdevice_native_stream.cpp:331] [read_impl] Failed read from stream HAILO_STREAM_NOT_ACTIVATED(72) (device: 0001:01:00.0)
[2026-05-07 04:19:18.363] [55174] [HailoRT] [info] [vdevice_native_stream.cpp:331] [read_impl] Failed read from stream HAILO_STREAM_NOT_ACTIVATED(72) (device: 0001:01:00.0)
[2026-05-07 04:19:18.363] [55166] [HailoRT] [info] [vdevice_native_stream.cpp:331] [read_impl] Failed read from stream HAILO_STREAM_NOT_ACTIVATED(72) (device: 0001:01:00.0)
[2026-05-07 04:19:18.364] [55157] [HailoRT] [info] [core_op.cpp:186] [deactivate] Deactivating took 0.854542 ms
[2026-05-07 04:19:18.364] [55157] [HailoRT] [info] [core_op.cpp:186] [deactivate] Deactivating took 0.903433 ms
[2026-05-07 04:19:18.364] [55158] [HailoRT] [info] [queue_elements.cpp:734] [run_in_thread] Shutdown event was signaled in run_pull of queue element PullQEl_hw_read3scrfd_2_5g/conv42!
[2026-05-07 04:19:18.364] [55162] [HailoRT] [info] [vdevice_native_stream.cpp:331] [read_impl] Failed read from stream HAILO_STREAM_NOT_ACTIVATED(72) (device: 0001:01:00.0)
[2026-05-07 04:19:18.364] [55159] [HailoRT] [info] [queue_elements.cpp:855] [run_in_thread] Shutdown event was signaled in dequeue of UserBuffQEl3scrfd_2_5g/conv42!
[2026-05-07 04:19:18.364] [55158] [HailoRT] [info] [queue_elements.cpp:68] [operator()] Thread in element PullQEl_hw_read3scrfd_2_5g/conv42 is not running anymore, exiting..
[2026-05-07 04:19:18.364] [55157] [HailoRT] [info] [queue_elements.cpp:46] [~BaseQueueElement] Queue element PullQEl_hw_read3scrfd_2_5g/conv42 has 0 frames in his Queue on destruction
[2026-05-07 04:19:18.364] [55159] [HailoRT] [info] [queue_elements.cpp:68] [operator()] Thread in element UserBuffQEl3scrfd_2_5g/conv42 is not running anymore, exiting..
[2026-05-07 04:19:18.364] [55157] [HailoRT] [info] [queue_elements.cpp:46] [~BaseQueueElement] Queue element UserBuffQEl3scrfd_2_5g/conv42 has 0 frames in his Queue on destruction
[2026-05-07 04:19:18.364] [55160] [HailoRT] [info] [queue_elements.cpp:734] [run_in_thread] Shutdown event was signaled in run_pull of queue element PullQEl_hw_read0scrfd_2_5g/conv43!
[2026-05-07 04:19:18.364] [55161] [HailoRT] [info] [queue_elements.cpp:855] [run_in_thread] Shutdown event was signaled in dequeue of UserBuffQEl0scrfd_2_5g/conv43!
[2026-05-07 04:19:18.364] [55160] [HailoRT] [info] [queue_elements.cpp:68] [operator()] Thread in element PullQEl_hw_read0scrfd_2_5g/conv43 is not running anymore, exiting..
[2026-05-07 04:19:18.364] [55157] [HailoRT] [info] [queue_elements.cpp:46] [~BaseQueueElement] Queue element PullQEl_hw_read0scrfd_2_5g/conv43 has 0 frames in his Queue on destruction
[2026-05-07 04:19:18.364] [55161] [HailoRT] [info] [queue_elements.cpp:68] [operator()] Thread in element UserBuffQEl0scrfd_2_5g/conv43 is not running anymore, exiting..
[2026-05-07 04:19:18.365] [55157] [HailoRT] [info] [queue_elements.cpp:46] [~BaseQueueElement] Queue element UserBuffQEl0scrfd_2_5g/conv43 has 0 frames in his Queue on destruction
[2026-05-07 04:19:18.365] [55163] [HailoRT] [info] [queue_elements.cpp:855] [run_in_thread] Shutdown event was signaled in dequeue of UserBuffQEl2scrfd_2_5g/conv44!
[2026-05-07 04:19:18.365] [55162] [HailoRT] [info] [queue_elements.cpp:734] [run_in_thread] Shutdown event was signaled in run_pull of queue element PullQEl_hw_read2scrfd_2_5g/conv44!
[2026-05-07 04:19:18.365] [55162] [HailoRT] [info] [queue_elements.cpp:68] [operator()] Thread in element PullQEl_hw_read2scrfd_2_5g/conv44 is not running anymore, exiting..
[2026-05-07 04:19:18.365] [55157] [HailoRT] [info] [queue_elements.cpp:46] [~BaseQueueElement] Queue element PullQEl_hw_read2scrfd_2_5g/conv44 has 0 frames in his Queue on destruction
[2026-05-07 04:19:18.365] [55163] [HailoRT] [info] [queue_elements.cpp:68] [operator()] Thread in element UserBuffQEl2scrfd_2_5g/conv44 is not running anymore, exiting..
[2026-05-07 04:19:18.365] [55157] [HailoRT] [info] [queue_elements.cpp:46] [~BaseQueueElement] Queue element UserBuffQEl2scrfd_2_5g/conv44 has 0 frames in his Queue on destruction
[2026-05-07 04:19:18.365] [55164] [HailoRT] [info] [queue_elements.cpp:734] [run_in_thread] Shutdown event was signaled in run_pull of queue element PullQEl_hw_read14scrfd_2_5g/conv49!
[2026-05-07 04:19:18.365] [55165] [HailoRT] [info] [queue_elements.cpp:855] [run_in_thread] Shutdown event was signaled in dequeue of UserBuffQEl14scrfd_2_5g/conv49!
[2026-05-07 04:19:18.365] [55164] [HailoRT] [info] [queue_elements.cpp:68] [operator()] Thread in element PullQEl_hw_read14scrfd_2_5g/conv49 is not running anymore, exiting..
[2026-05-07 04:19:18.365] [55157] [HailoRT] [info] [queue_elements.cpp:46] [~BaseQueueElement] Queue element PullQEl_hw_read14scrfd_2_5g/conv49 has 0 frames in his Queue on destruction
[2026-05-07 04:19:18.365] [55165] [HailoRT] [info] [queue_elements.cpp:68] [operator()] Thread in element UserBuffQEl14scrfd_2_5g/conv49 is not running anymore, exiting..
[2026-05-07 04:19:18.365] [55157] [HailoRT] [info] [queue_elements.cpp:46] [~BaseQueueElement] Queue element UserBuffQEl14scrfd_2_5g/conv49 has 0 frames in his Queue on destruction
[2026-05-07 04:19:18.365] [55166] [HailoRT] [info] [queue_elements.cpp:734] [run_in_thread] Shutdown event was signaled in run_pull of queue element PullQEl_hw_read12scrfd_2_5g/conv50!
[2026-05-07 04:19:18.365] [55167] [HailoRT] [info] [queue_elements.cpp:855] [run_in_thread] Shutdown event was signaled in dequeue of UserBuffQEl12scrfd_2_5g/conv50!
[2026-05-07 04:19:18.365] [55166] [HailoRT] [info] [queue_elements.cpp:68] [operator()] Thread in element PullQEl_hw_read12scrfd_2_5g/conv50 is not running anymore, exiting..
[2026-05-07 04:19:18.365] [55157] [HailoRT] [info] [queue_elements.cpp:46] [~BaseQueueElement] Queue element PullQEl_hw_read12scrfd_2_5g/conv50 has 0 frames in his Queue on destruction
[2026-05-07 04:19:18.365] [55167] [HailoRT] [info] [queue_elements.cpp:68] [operator()] Thread in element UserBuffQEl12scrfd_2_5g/conv50 is not running anymore, exiting..
[2026-05-07 04:19:18.365] [55157] [HailoRT] [info] [queue_elements.cpp:46] [~BaseQueueElement] Queue element UserBuffQEl12scrfd_2_5g/conv50 has 0 frames in his Queue on destruction
[2026-05-07 04:19:18.365] [55168] [HailoRT] [info] [queue_elements.cpp:734] [run_in_thread] Shutdown event was signaled in run_pull of queue element PullQEl_hw_read1scrfd_2_5g/conv51!
[2026-05-07 04:19:18.365] [55169] [HailoRT] [info] [queue_elements.cpp:855] [run_in_thread] Shutdown event was signaled in dequeue of UserBuffQEl1scrfd_2_5g/conv51!
[2026-05-07 04:19:18.365] [55168] [HailoRT] [info] [queue_elements.cpp:68] [operator()] Thread in element PullQEl_hw_read1scrfd_2_5g/conv51 is not running anymore, exiting..
[2026-05-07 04:19:18.365] [55157] [HailoRT] [info] [queue_elements.cpp:46] [~BaseQueueElement] Queue element PullQEl_hw_read1scrfd_2_5g/conv51 has 0 frames in his Queue on destruction
[2026-05-07 04:19:18.365] [55169] [HailoRT] [info] [queue_elements.cpp:68] [operator()] Thread in element UserBuffQEl1scrfd_2_5g/conv51 is not running anymore, exiting..
[2026-05-07 04:19:18.366] [55157] [HailoRT] [info] [queue_elements.cpp:46] [~BaseQueueElement] Queue element UserBuffQEl1scrfd_2_5g/conv51 has 0 frames in his Queue on destruction
[2026-05-07 04:19:18.366] [55170] [HailoRT] [info] [queue[2026-05-07 04:22:09.857] [58207] [HailoRT] [info] [vdevice.cpp:523] [create] Creating vdevice with params: device_count: 1, scheduling_algorithm: NONE, multi_process_service: false
[2026-05-07 04:22:09.869] [58207] [HailoRT] [info] [device.cpp:49] [Device] OS Version: Linux 6.12.75+rpt-rpi-2712 #1 SMP PREEMPT Debian 1:6.12.75-1+rpt1~bookworm (2026-03-11) aarch64
[2026-05-07 04:22:09.870] [58207] [HailoRT] [info] [control.cpp:108] [control__parse_identify_results] firmware_version is: 4.20.0
[2026-05-07 04:22:09.870] [58207] [HailoRT] [info] [vdevice.cpp:651] [create] VDevice Infos: 0001:01:00.0
[2026-05-07 04:22:09.876] [58207] [HailoRT] [info] [internal_buffer_manager.cpp:204] [print_execution_results] Planned internal buffer memory: CMA memory 0, user memory 462336. memory to edge layer usage factor is 1
[2026-05-07 04:22:09.876] [58207] [HailoRT] [info] [internal_buffer_manager.cpp:212] [print_execution_results] Default Internal buffer planner executed successfully
[2026-05-07 04:22:09.889] [58207] [HailoRT] [info] [device_internal.cpp:57] [configure] Configuring HEF took 18.690621 milliseconds
[2026-05-07 04:22:09.889] [58207] [HailoRT] [info] [vdevice.cpp:749] [configure] Configuring HEF on VDevice took 19.101721 milliseconds
[2026-05-07 04:22:09.889] [58207] [HailoRT] [info] [hef.cpp:1929] [get_network_group_and_network_name] No name was given. Addressing all networks of default network_group: scrfd_2_5g
[2026-05-07 04:22:10.008] [58240] [HailoRT] [info] [edge_elements.cpp:52] [create] Created (HwWriteEl3scrfd_2_5g/input_layer1 | hw_frame_size: 1228800)
[2026-05-07 04:22:10.008] [58240] [HailoRT] [info] [vstream.cpp:754] [InputVStreamImpl] Creating scrfd_2_5g/input_layer1...
[2026-05-07 04:22:10.008] [58240] [HailoRT] [info] [vstream_builder.cpp:102] [create_inputs] Input pipeline 'scrfd_2_5g/input_layer1': (HwWriteEl3scrfd_2_5g/input_layer1 | hw_frame_size: 1228800) >> HW
[2026-05-07 04:22:10.008] [58240] [HailoRT] [info] [edge_elements.cpp:287] [create] Created (HwReadEl3scrfd_2_5g/conv42 | hw_frame_size: 12800)
[2026-05-07 04:22:10.008] [58240] [HailoRT] [info] [queue_elements.cpp:657] [create] Created (PullQEl_hw_read3scrfd_2_5g/conv42)
[2026-05-07 04:22:10.008] [58240] [HailoRT] [info] [filter_elements.cpp:375] [create] Created (PostInferEl3scrfd_2_5g/conv42 | Quantization - src_type: UINT8, dst_type FLOAT32, limvals_min: 0, limvals_max: 1)
[2026-05-07 04:22:10.008] [58240] [HailoRT] [info] [queue_elements.cpp:800] [create] Created (UserBuffQEl3scrfd_2_5g/conv42 | timeout: 60s)
[2026-05-07 04:22:10.008] [58240] [HailoRT] [info] [vstream.cpp:1114] [OutputVStreamImpl] Creating scrfd_2_5g/conv42...
[2026-05-07 04:22:10.009] [58240] [HailoRT] [info] [vstream_builder.cpp:220] [create_outputs] Output pipeline 'scrfd_2_5g/conv42': HW >> (HwReadEl3scrfd_2_5g/conv42 | hw_frame_size: 12800) >> (PullQEl_hw_read3scrfd_2_5g/conv42) >> (PostInferEl3scrfd_2_5g/conv42 | Quantization - src_type: UINT8, dst_type FLOAT32, limvals_min: 0, limvals_max: 1) >> (UserBuffQEl3scrfd_2_5g/conv42 | timeout: 60s)
[2026-05-07 04:22:10.009] [58240] [HailoRT] [info] [edge_elements.cpp:287] [create] Created (HwReadEl0scrfd_2_5g/conv43 | hw_frame_size: 51200)
[2026-05-07 04:22:10.029] [58240] [HailoRT] [info] [queue_elements.cpp:657] [create] Created (PullQEl_hw_read0scrfd_2_5g/conv43)
[2026-05-07 04:22:10.029] [58240] [HailoRT] [info] [filter_elements.cpp:375] [create] Created (PostInferEl0scrfd_2_5g/conv43 | Quantization - src_type: UINT8, dst_type FLOAT32, limvals_min: -0.0793963, limvals_max: 4.98212)
[2026-05-07 04:22:10.029] [58240] [HailoRT] [info] [queue_elements.cpp:800] [create] Created (UserBuffQEl0scrfd_2_5g/conv43 | timeout: 60s)
[2026-05-07 04:22:10.029] [58240] [HailoRT] [info] [vstream.cpp:1114] [OutputVStreamImpl] Creating scrfd_2_5g/conv43...
[2026-05-07 04:22:10.029] [58240] [HailoRT] [info] [vstream_builder.cpp:220] [create_outputs] Output pipeline 'scrfd_2_5g/conv43': HW >> (HwReadEl0scrfd_2_5g/conv43 | hw_frame_size: 51200) >> (PullQEl_hw_read0scrfd_2_5g/conv43) >> (PostInferEl0scrfd_2_5g/conv43 | Quantization - src_type: UINT8, dst_type FLOAT32, limvals_min: -0.0793963, limvals_max: 4.98212) >> (UserBuffQEl0scrfd_2_5g/conv43 | timeout: 60s)
[2026-05-07 04:22:10.030] [58240] [HailoRT] [info] [edge_elements.cpp:287] [create] Created (HwReadEl2scrfd_2_5g/conv44 | hw_frame_size: 153600)
[2026-05-07 04:22:10.030] [58240] [HailoRT] [info] [queue_elements.cpp:657] [create] Created (PullQEl_hw_read2scrfd_2_5g/conv44)
[2026-05-07 04:22:10.030] [58240] [HailoRT] [info] [filter_elements.cpp:375] [create] Created (PostInferEl2scrfd_2_5g/conv44 | Quantization - src_type: UINT8, dst_type FLOAT32, limvals_min: -3.16292, limvals_max: 3.50274 | Reorder - src_order: FCR, src_shape: (80, 80, 24), dst_order: FCR, dst_shape: (80, 80, 20))
[2026-05-07 04:22:10.030] [58240] [HailoRT] [info] [queue_elements.cpp:800] [create] Created (UserBuffQEl2scrfd_2_5g/conv44 | timeout: 60s)
[2026-05-07 04:22:10.030] [58240] [HailoRT] [info] [vstream.cpp:1114] [OutputVStreamImpl] Creating scrfd_2_5g/conv44...
[2026-05-07 04:22:10.031] [58240] [HailoRT] [info] [vstream_builder.cpp:220] [create_outputs] Output pipeline 'scrfd_2_5g/conv44': HW >> (HwReadEl2scrfd_2_5g/conv44 | hw_frame_size: 153600) >> (PullQEl_hw_read2scrfd_2_5g/conv44) >> (PostInferEl2scrfd_2_5g/conv44 | Quantization - src_type: UINT8, dst_type FLOAT32, limvals_min: -3.16292, limvals_max: 3.50274 | Reorder - src_order: FCR, src_shape: (80, 80, 24), dst_order: FCR, dst_shape: (80, 80, 20)) >> (UserBuffQEl2scrfd_2_5g/conv44 | timeout: 60s)
[2026-05-07 04:22:10.031] [58240] [HailoRT] [info] [edge_elements.cpp:287] [create] Created (HwReadEl14scrfd_2_5g/conv49 | hw_frame_size: 3200)
[2026-05-07 04:22:10.031] [58240] [HailoRT] [info] [queue_elements.cpp:657] [create] Created (PullQEl_hw_read14scrfd_2_5g/conv49)
[2026-05-07 04:22:10.031] [58240] [HailoRT] [info] [filter_elements.cpp:375] [create] Created (PostInferEl14scrfd_2_5g/conv49 | Quantization - src_type: UINT8, dst_type FLOAT32, limvals_min: 0, limvals_max: 1)
[2026-05-07 04:22:10.031] [58240] [HailoRT] [info] [queue_elements.cpp:800] [create] Created (UserBuffQEl14scrfd_2_5g/conv49 | timeout: 60s)
[2026-05-07 04:22:10.031] [58240] [HailoRT] [info] [vstream.cpp:1114] [OutputVStreamImpl] Creating scrfd_2_5g/conv49...
[2026-05-07 04:22:10.031] [58240] [HailoRT] [info] [vstream_builder.cpp:220] [create_outputs] Output pipeline 'scrfd_2_5g/conv49': HW >> (HwReadEl14scrfd_2_5g/conv49 | hw_frame_size: 3200) >> (PullQEl_hw_read14scrfd_2_5g/conv49) >> (PostInferEl14scrfd_2_5g/conv49 | Quantization - src_type: UINT8, dst_type FLOAT32, limvals_min: 0, limvals_max: 1) >> (UserBuffQEl14scrfd_2_5g/conv49 | timeout: 60s)
[2026-05-07 04:22:10.031] [58240] [HailoRT] [info] [edge_elements.cpp:287] [create] Created (HwReadEl12scrfd_2_5g/conv50 | hw_frame_size: 12800)
[2026-05-07 04:22:10.031] [58240] [HailoRT] [info] [queue_elements.cpp:657] [create] Created (PullQEl_hw_read12scrfd_2_5g/conv50)
[2026-05-07 04:22:10.031] [58240] [HailoRT] [info] [filter_elements.cpp:375] [create] Created (PostInferEl12scrfd_2_5g/conv50 | Quantization - src_type: UINT8, dst_type FLOAT32, limvals_min: 0, limvals_max: 8.10626)
[2026-05-07 04:22:10.031] [58240] [HailoRT] [info] [queue_elements.cpp:800] [create] Created (UserBuffQEl12scrfd_2_5g/conv50 | timeout: 60s)
[2026-05-07 04:22:10.031] [58240] [HailoRT] [info] [vstream.cpp:1114] [OutputVStreamImpl] Creating scrfd_2_5g/conv50...
[2026-05-07 04:22:10.031] [58240] [HailoRT] [info] [vstream_builder.cpp:220] [create_outputs] Output pipeline 'scrfd_2_5g/conv50': HW >> (HwReadEl12scrfd_2_5g/conv50 | hw_frame_size: 12800) >> (PullQEl_hw_read12scrfd_2_5g/conv50) >> (PostInferEl12scrfd_2_5g/conv50 | Quantization - src_type: UINT8, dst_type FLOAT32, limvals_min: 0, limvals_max: 8.10626) >> (UserBuffQEl12scrfd_2_5g/conv50 | timeout: 60s)
[2026-05-07 04:22:10.031] [58240] [HailoRT] [info] [edge_elements.cpp:287] [create] Created (HwReadEl1scrfd_2_5g/conv51 | hw_frame_size: 38400)
[2026-05-07 04:22:10.031] [58240] [HailoRT] [info] [queue_elements.cpp:657] [create] Created (PullQEl_hw_read1scrfd_2_5g/conv51)
[2026-05-07 04:22:10.031] [58240] [HailoRT] [info] [filter_elements.cpp:375] [create] Created (PostInferEl1scrfd_2_5g/conv51 | Quantization - src_type: UINT8, dst_type FLOAT32, limvals_min: -4.24698, limvals_max: 5.17024 | Reorder - src_order: FCR, src_shape: (40, 40, 24), dst_order: FCR, dst_shape: (40, 40, 20))
[2026-05-07 04:22:10.031] [58240] [HailoRT] [info] [queue_elements.cpp:800] [create] Created (UserBuffQEl1scrfd_2_5g/conv51 | timeout: 60s)
[2026-05-07 04:22:10.031] [58240] [HailoRT] [info] [vstream.cpp:1114] [OutputVStreamImpl] Creating scrfd_2_5g/conv51...
[2026-05-07 04:22:10.031] [58240] [HailoRT] [info] [vstream_builder.cpp:220] [create_outputs] Output pipeline 'scrfd_2_5g/conv51': HW >> (HwReadEl1scrfd_2_5g/conv51 | hw_frame_size: 38400) >> (PullQEl_hw_read1scrfd_2_5g/conv51) >> (PostInferEl1scrfd_2_5g/conv51 | Quantization - src_type: UINT8, dst_type FLOAT32, limvals_min: -4.24698, limvals_max: 5.17024 | Reorder - src_order: FCR, src_shape: (40, 40, 24), dst_order: FCR, dst_shape: (40, 40, 20)) >> (UserBuffQEl1scrfd_2_5g/conv51 | timeout: 60s)
[2026-05-07 04:22:10.031] [58240] [HailoRT] [info] [edge_elements.cpp:287] [create] Created (HwReadEl10scrfd_2_5g/conv55 | hw_frame_size: 800)
[2026-05-07 04:22:10.031] [58240] [HailoRT] [info] [queue_elements.cpp:657] [create] Created (PullQEl_hw_read10scrfd_2_5g/conv55)
[2026-05-07 04:22:10.031] [58240] [HailoRT] [info] [filter_elements.cpp:375] [create] Created (PostInferEl10scrfd_2_5g/conv55 | Quantization - src_type: UINT8, dst_type FLOAT32, limvals_min: 0, limvals_max: 1 | Reorder - src_order: NHCW, src_shape: (20, 20, 2), dst_order: NHWC, dst_shape: (20, 20, 2))
[2026-05-07 04:22:10.032] [58240] [HailoRT] [info] [queue_elements.cpp:800] [create] Created (UserBuffQEl10scrfd_2_5g/conv55 | timeout: 60s)
[2026-05-07 04:22:10.032] [58240] [HailoRT] [info] [vstream.cpp:1114] [OutputVStreamImpl] Creating scrfd_2_5g/conv55...
[2026-05-07 04:22:10.032] [58240] [HailoRT] [info] [vstream_builder.cpp:220] [create_outputs] Output pipeline 'scrfd_2_5g/conv55': HW >> (HwReadEl10scrfd_2_5g/conv55 | hw_frame_size: 800) >> (PullQEl_hw_read10scrfd_2_5g/conv55) >> (PostInferEl10scrfd_2_5g/conv55 | Quantization - src_type: UINT8, dst_type FLOAT32, limvals_min: 0, limvals_max: 1 | Reorder - src_order: NHCW, src_shape: (20, 20, 2), dst_order: NHWC, dst_shape: (20, 20, 2)) >> (UserBuffQEl10scrfd_2_5g/conv55 | timeout: 60s)
[2026-05-07 04:22:10.032] [58240] [HailoRT] [info] [edge_elements.cpp:287] [create] Created (HwReadEl9scrfd_2_5g/conv56 | hw_frame_size: 3200)
[2026-05-07 04:22:10.032] [58240] [HailoRT] [info] [queue_elements.cpp:657] [create] Created (PullQEl_hw_read9scrfd_2_5g/conv56)
[2026-05-07 04:22:10.032] [58240] [HailoRT] [info] [filter_elements.cpp:375] [create] Created (PostInferEl9scrfd_2_5g/conv56 | Quantization - src_type: UINT8, dst_type FLOAT32, limvals_min: -0.0299247, limvals_max: 7.60086 | Reorder - src_order: NHCW, src_shape: (20, 20, 8), dst_order: NHWC, dst_shape: (20, 20, 8))
[2026-05-07 04:22:10.032] [58240] [HailoRT] [info] [queue_elements.cpp:800] [create] Created (UserBuffQEl9scrfd_2_5g/conv56 | timeout: 60s)
[2026-05-07 04:22:10.032] [58240] [HailoRT] [info] [vstream.cpp:1114] [OutputVStreamImpl] Creating scrfd_2_5g/conv56...
[2026-05-07 04:22:10.032] [58240] [HailoRT] [info] [vstream_builder.cpp:220] [create_outputs] Output pipeline 'scrfd_2_5g/conv56': HW >> (HwReadEl9scrfd_2_5g/conv56 | hw_frame_size: 3200) >> (PullQEl_hw_read9scrfd_2_5g/conv56) >> (PostInferEl9scrfd_2_5g/conv56 | Quantization - src_type: UINT8, dst_type FLOAT32, limvals_min: -0.0299247, limvals_max: 7.60086 | Reorder - src_order: NHCW, src_shape: (20, 20, 8), dst_order: NHWC, dst_shape: (20, 20, 8)) >> (UserBuffQEl9scrfd_2_5g/conv56 | timeout: 60s)
[2026-05-07 04:22:10.032] [58240] [HailoRT] [info] [edge_elements.cpp:287] [create] Created (HwReadEl13scrfd_2_5g/conv57 | hw_frame_size: 9600)
[2026-05-07 04:22:10.032] [58240] [HailoRT] [info] [queue_elements.cpp:657] [create] Created (PullQEl_hw_read13scrfd_2_5g/conv57)
[2026-05-07 04:22:10.032] [58240] [HailoRT] [info] [filter_elements.cpp:375] [create] Created (PostInferEl13scrfd_2_5g/conv57 | Quantization - src_type: UINT8, dst_type FLOAT32, limvals_min: -4.03285, limvals_max: 5.14908 | Reorder - src_order: FCR, src_shape: (20, 20, 24), dst_order: FCR, dst_shape: (20, 20, 20))
[2026-05-07 04:22:10.032] [58240] [HailoRT] [info] [queue_elements.cpp:800] [create] Created (UserBuffQEl13scrfd_2_5g/conv57 | timeout: 60s)
[2026-05-07 04:22:10.032] [58240] [HailoRT] [info] [vstream.cpp:1114] [OutputVStreamImpl] Creating scrfd_2_5g/conv57...
[2026-05-07 04:22:10.032] [58240] [HailoRT] [info] [vstream_builder.cpp:220] [create_outputs] Output pipeline 'scrfd_2_5g/conv57': HW >> (HwReadEl13scrfd_2_5g/conv57 | hw_frame_size: 9600) >> (PullQEl_hw_read13scrfd_2_5g/conv57) >> (PostInferEl13scrfd_2_5g/conv57 | Quantization - src_type: UINT8, dst_type FLOAT32, limvals_min: -4.03285, limvals_max: 5.14908 | Reorder - src_order: FCR, src_shape: (20, 20, 24), dst_order: FCR, dst_shape: (20, 20, 20)) >> (UserBuffQEl13scrfd_2_5g/conv57 | timeout: 60s)
[2026-05-07 04:22:10.033] [58240] [HailoRT] [info] [core_op.cpp:156] [activate] Activating scrfd_2_5g took 0.598345 milliseconds. Note that the function is asynchronous and thus the network is not fully activated yet.
[2026-05-07 04:22:10.033] [58240] [HailoRT] [info] [core_op.cpp:156] [activate] Activating scrfd_2_5g took 0.613901 milliseconds. Note that the function is asynchronous and thus the network is not fully activated yet.
[2026-05-07 04:22:22.881] [58245] [HailoRT] [info] [vdevice_native_stream.cpp:331] [read_impl] Failed read from stream HAILO_STREAM_NOT_ACTIVATED(72) (device: 0001:01:00.0)
[2026-05-07 04:22:22.881] [58253] [HailoRT] [info] [vdevice_native_stream.cpp:331] [read_impl] Failed read from stream HAILO_STREAM_NOT_ACTIVATED(72) (device: 0001:01:00.0)
[2026-05-07 04:22:22.881] [58255] [HailoRT] [info] [vdevice_native_stream.cpp:331] [read_impl] Failed read from stream HAILO_STREAM_NOT_ACTIVATED(72) (device: 0001:01:00.0)
[2026-05-07 04:22:22.881] [58247] [HailoRT] [info] [vdevice_native_stream.cpp:331] [read_impl] Failed read from stream HAILO_STREAM_NOT_ACTIVATED(72) (device: 0001:01:00.0)
[2026-05-07 04:22:22.881] [58241] [HailoRT] [info] [vdevice_native_stream.cpp:331] [read_impl] Failed read from stream HAILO_STREAM_NOT_ACTIVATED(72) (device: 0001:01:00.0)
[2026-05-07 04:22:22.881] [58249] [HailoRT] [info] [vdevice_native_stream.cpp:331] [read_impl] Failed read from stream HAILO_STREAM_NOT_ACTIVATED(72) (device: 0001:01:00.0)
[2026-05-07 04:22:22.881] [58251] [HailoRT] [info] [vdevice_native_stream.cpp:331] [read_impl] Failed read from stream HAILO_STREAM_NOT_ACTIVATED(72) (device: 0001:01:00.0)
[2026-05-07 04:22:22.881] [58257] [HailoRT] [info] [vdevice_native_stream.cpp:331] [read_impl] Failed read from stream HAILO_STREAM_NOT_ACTIVATED(72) (device: 0001:01:00.0)
[2026-05-07 04:22:22.881] [58243] [HailoRT] [info] [vdevice_native_stream.cpp:331] [read_impl] Failed read from stream HAILO_STREAM_NOT_ACTIVATED(72) (device: 0001:01:00.0)
[2026-05-07 04:22:22.882] [58240] [HailoRT] [info] [core_op.cpp:186] [deactivate] Deactivating took 0.914314 ms
[2026-05-07 04:22:22.882] [58240] [HailoRT] [info] [core_op.cpp:186] [deactivate] Deactivating took 0.973278 ms
[2026-05-07 04:22:22.882] [58241] [HailoRT] [info] [queue_elements.cpp:734] [run_in_thread] Shutdown event was signaled in run_pull of queue element PullQEl_hw_read3scrfd_2_5g/conv42!
[2026-05-07 04:22:22.882] [58242] [HailoRT] [info] [queue_elements.cpp:855] [run_in_thread] Shutdown event was signaled in dequeue of UserBuffQEl3scrfd_2_5g/conv42!
[2026-05-07 04:22:22.882] [58241] [HailoRT] [info] [queue_elements.cpp:68] [operator()] Thread in element PullQEl_hw_read3scrfd_2_5g/conv42 is not running anymore, exiting..
[2026-05-07 04:22:22.882] [58240] [HailoRT] [info] [queue_elements.cpp:46] [~BaseQueueElement] Queue element PullQEl_hw_read3scrfd_2_5g/conv42 has 0 frames in his Queue on destruction
[2026-05-07 04:22:22.882] [58242] [HailoRT] [info] [queue_elements.cpp:68] [operator()] Thread in element UserBuffQEl3scrfd_2_5g/conv42 is not running anymore, exiting..
[2026-05-07 04:22:22.882] [58240] [HailoRT] [info] [queue_elements.cpp:46] [~BaseQueueElement] Queue element UserBuffQEl3scrfd_2_5g/conv42 has 0 frames in his Queue on destruction
[2026-05-07 04:22:22.882] [58243] [HailoRT] [info] [queue_elements.cpp:734] [run_in_thread] Shutdown event was signaled in run_pull of queue element PullQEl_hw_read0scrfd_2_5g/conv43!
[2026-05-07 04:22:22.883] [58244] [HailoRT] [info] [queue_elements.cpp:855] [run_in_thread] Shutdown event was signaled in dequeue of UserBuffQEl0scrfd_2_5g/conv43!
[2026-05-07 04:22:22.883] [58243] [HailoRT] [info] [queue_elements.cpp:68] [operator()] Thread in element PullQEl_hw_read0scrfd_2_5g/conv43 is not running anymore, exiting..
[2026-05-07 04:22:22.883] [58240] [HailoRT] [info] [queue_elements.cpp:46] [~BaseQueueElement] Queue element PullQEl_hw_read0scrfd_2_5g/conv43 has 0 frames in his Queue on destruction
[2026-05-07 04:22:22.883] [58244] [HailoRT] [info] [queue_elements.cpp:68] [operator()] Thread in element UserBuffQEl0scrfd_2_5g/conv43 is not running anymore, exiting..
[2026-05-07 04:22:22.883] [58240] [HailoRT] [info] [queue_elements.cpp:46] [~BaseQueueElement] Queue element UserBuffQEl0scrfd_2_5g/conv43 has 0 frames in his Queue on destruction
[2026-05-07 04:22:22.883] [58245] [HailoRT] [info] [queue_elements.cpp:734] [run_in_thread] Shutdown event was signaled in run_pull of queue element PullQEl_hw_read2scrfd_2_5g/conv44!
[2026-05-07 04:22:22.883] [58246] [HailoRT] [info] [queue_elements.cpp:855] [run_in_thread] Shutdown event was signaled in dequeue of UserBuffQEl2scrfd_2_5g/conv44!
[2026-05-07 04:22:22.883] [58245] [HailoRT] [info] [queue_elements.cpp:68] [operator()] Thread in element PullQEl_hw_read2scrfd_2_5g/conv44 is not running anymore, exiting..
[2026-05-07 04:22:22.883] [58240] [HailoRT] [info] [queue_elements.cpp:46] [~BaseQueueElement] Queue element PullQEl_hw_read2scrfd_2_5g/conv44 has 0 frames in his Queue on destruction
[2026-05-07 04:22:22.883] [58246] [HailoRT] [info] [queue_elements.cpp:68] [operator()] Thread in element UserBuffQEl2scrfd_2_5g/conv44 is not running anymore, exiting..
[2026-05-07 04:22:22.883] [58240] [HailoRT] [info] [queue_elements.cpp:46] [~BaseQueueElement] Queue element UserBuffQEl2scrfd_2_5g/conv44 has 0 frames in his Queue on destruction
[2026-05-07 04:22:22.883] [58247] [HailoRT] [info] [queue_elements.cpp:734] [run_in_thread] Shutdown event was signaled in run_pull of queue element PullQEl_hw_read14scrfd_2_5g/conv49!
[2026-05-07 04:22:22.883] [58248] [HailoRT] [info] [queue_elements.cpp:855] [run_in_thread] Shutdown event was signaled in dequeue of UserBuffQEl14scrfd_2_5g/conv49!
[2026-05-07 04:22:22.883] [58247] [HailoRT] [info] [queue_elements.cpp:68] [operator()] Thread in element PullQEl_hw_read14scrfd_2_5g/conv49 is not running anymore, exiting..
[2026-05-07 04:22:22.883] [58240] [HailoRT] [info] [queue_elements.cpp:46] [~BaseQueueElement] Queue element PullQEl_hw_read14scrfd_2_5g/conv49 has 0 frames in his Queue on destruction
[2026-05-07 04:22:22.883] [58248] [HailoRT] [info] [queue_elements.cpp:68] [operator()] Thread in element UserBuffQEl14scrfd_2_5g/conv49 is not running anymore, exiting..
[2026-05-07 04:22:22.883] [58240] [HailoRT] [info] [queue_elements.cpp:46] [~BaseQueueElement] Queue element UserBuffQEl14scrfd_2_5g/conv49 has 0 frames in his Queue on destruction
[2026-05-07 04:22:22.883] [58249] [HailoRT] [info] [queue_elements.cpp:734] [run_in_thread] Shutdown event was signaled in run_pull of queue element PullQEl_hw_read12scrfd_2_5g/conv50!
[2026-05-07 04:22:22.883] [58250] [HailoRT] [info] [queue_elements.cpp:855] [run_in_thread] Shutdown event was signaled in dequeue of UserBuffQEl12scrfd_2_5g/conv50!
[2026-05-07 04:22:22.883] [58249] [HailoRT] [info] [queue_elements.cpp:68] [operator()] Thread in element PullQEl_hw_read12scrfd_2_5g/conv50 is not running anymore, exiting..
[2026-05-07 04:22:22.883] [58240] [HailoRT] [info] [queue_elements.cpp:46] [~BaseQueueElement] Queue element PullQEl_hw_read12scrfd_2_5g/conv50 has 0 frames in his Queue on destruction
[2026-05-07 04:22:22.883] [58250] [HailoRT] [info] [queue_elements.cpp:68] [operator()] Thread in element UserBuffQEl12scrfd_2_5g/conv50 is not running anymore, exiting..
[2026-05-07 04:22:22.884] [58240] [HailoRT] [info] [queue_elements.cpp:46] [~BaseQueueElement] Queue element UserBuffQEl12scrfd_2_5g/conv50 has 0 frames in his Queue on destruction
[2026-05-07 04:22:22.884] [58251] [HailoRT] [info] [queue_elements.cpp:734] [run_in_thread] Shutdown event was signaled in run_pull of queue element PullQEl_hw_read1scrfd_2_5g/conv51!
[2026-05-07 04:22:22.884] [58252] [HailoRT] [info] [queue_elements.cpp:855] [run_in_thread] Shutdown event was signaled in dequeue of UserBuffQEl1scrfd_2_5g/conv51!
[2026-05-07 04:22:22.884] [58251] [HailoRT] [info] [queue_elements.cpp:68] [operator()] Thread in element PullQEl_hw_read1scrfd_2_5g/conv51 is not running anymore, exiting..
[2026-05-07 04:22:22.884] [58240] [HailoRT] [info] [queue_elements.cpp:46] [~BaseQueueElement] Queue element PullQEl_hw_read1scrfd_2_5g/conv51 has 0 frames in his Queue on destruction
[2026-05-07 04:22:22.884] [58252] [HailoRT] [info] [queue_elements.cpp:68] [operator()] Thread in element UserBuffQEl1scrfd_2_5g/conv51 is not running anymore, exiting..
[2026-05-07 04:22:22.884] [58240] [HailoRT] [info] [queue_elements.cpp:46] [~BaseQueueElement] Queue element UserBuffQEl1scrfd_2_5g/conv51 has 0 frames in his Queue on destruction
[2026-05-07 04:22:22.884] [58253] [HailoRT] [info] [queue_elements.cpp:734] [run_in_thread] Shutdown event was signaled in run_pull of queue element PullQEl_hw_read10scrfd_2_5g/conv55!
[2026-05-07 04:22:22.884] [58254] [HailoRT] [info] [queue_elements.cpp:855] [run_in_thread] Shutdown event was signaled in dequeue of UserBuffQEl10scrfd_2_5g/conv55!
[2026-05-07 04:22:22.884] [58253] [HailoRT] [info] [queue_elements.cpp:68] [operator()] Thread in element PullQEl_hw_read10scrfd_2_5g/conv55 is not running anymore, exiting..
[2026-05-07 04:22:22.884] [58240] [HailoRT] [info] [queue_elements.cpp:46] [~BaseQueueElement] Queue element PullQEl_hw_read10scrfd_2_5g/conv55 has 0 frames in his Queue on destruction
[2026-05-07 04:22:22.884] [58254] [HailoRT] [info] [queue_elements.cpp:68] [operator()] Thread in element UserBuffQEl10scrfd_2_5g/conv55 is not running anymore, exiting..
[2026-05-07 04:22:22.884] [58240] [HailoRT] [info] [queue_elements.cpp:46] [~BaseQueueElement] Queue element UserBuffQEl10scrfd_2_5g/conv55 has 0 frames in his Queue on destruction
[2026-05-07 04:22:22.884] [58256] [HailoRT] [info] [queue_elements.cpp:855] [run_in_thread] Shutdown event was signaled in dequeue of UserBuffQEl9scrfd_2_5g/conv56!
[2026-05-07 04:22:22.884] [58255] [HailoRT] [info] [queue_elements.cpp:734] [run_in_thread] Shutdown event was signaled in run_pull of queue element PullQEl_hw_read9scrfd_2_5g/conv56!
[2026-05-07 04:22:22.884] [58255] [HailoRT] [info] [queue_elements.cpp:68] [operator()] Thread in element PullQEl_hw_read9scrfd_2_5g/conv56 is not running anymore, exiting..
[2026-05-07 04:22:22.884] [58240] [HailoRT] [info] [queue_elements.cpp:46] [~BaseQueueElement] Queue element PullQEl_hw_read9scrfd_2_5g/conv56 has 0 frames in his Queue on destruction
[2026-05-07 04:22:22.884] [58256] [HailoRT] [info] [queue_elements.cpp:68] [operator()] Thread in element UserBuffQEl9scrfd_2_5g/conv56 is not running anymore, exiting..
[2026-05-07 04:22:22.884] [58240] [HailoRT] [info] [queue_elements.cpp:46] [~BaseQueueElement] Queue element UserBuffQEl9scrfd_2_5g/conv56 has 0 frames in his Queue on destruction
[2026-05-07 04:22:22.884] [58257] [HailoRT] [info] [queue_elements.cpp:734] [run_in_thread] Shutdown event was signaled in run_pull of queue element PullQEl_hw_read13scrfd_2_5g/conv57!
[2026-05-07 04:22:22.884] [58258] [HailoRT] [info] [queue_elements.cpp:855] [run_in_thread] Shutdown event was signaled in dequeue of UserBuffQEl13scrfd_2_5g/conv57!
[2026-05-07 04:22:22.884] [58257] [HailoRT] [info] [queue_elements.cpp:68] [operator()] Thread in element PullQEl_hw_read13scrfd_2_5g/conv57 is not running anymore, exiting..
[2026-05-07 04:22:22.884] [58240] [HailoRT] [info] [queue_elements.cpp:46] [~BaseQueueElement] Queue element PullQEl_hw_read13scrfd_2_5g/conv57 has 0 frames in his Queue on destruction
[2026-05-07 04:22:22.884] [58258] [HailoRT] [info] [queue_elements.cpp:68] [operator()] Thread in element UserBuffQEl13scrfd_2_5g/conv57 is not running anymore, exiting..
[2026-05-07 04:22:22.885] [58240] [HailoRT] [info] [queue_elements.cpp:46] [~BaseQueueElement] Queue element UserBuffQEl13scrfd_2_5g/conv57 has 0 frames in his Queue on destruction
[2026-05-07 04:22:36.164] [60397] [HailoRT] [info] [vdevice.cpp:523] [create] Creating vdevice with params: device_count: 1, scheduling_algorithm: NONE, multi_process_service: false
[2026-05-07 04:22:36.176] [60397] [HailoRT] [info] [device.cpp:49] [Device] OS Version: Linux 6.12.75+rpt-rpi-2712 #1 SMP PREEMPT Debian 1:6.12.75-1+rpt1~bookworm (2026-03-11) aarch64
[2026-05-07 04:22:36.177] [60397] [HailoRT] [info] [control.cpp:108] [control__parse_identify_results] firmware_version is: 4.20.0
[2026-05-07 04:22:36.177] [60397] [HailoRT] [info] [vdevice.cpp:651] [create] VDevice Infos: 0001:01:00.0
[2026-05-07 04:22:36.183] [60397] [HailoRT] [info] [internal_buffer_manager.cpp:204] [print_execution_results] Planned internal buffer memory: CMA memory 0, user memory 462336. memory to edge layer usage factor is 1
[2026-05-07 04:22:36.183] [60397] [HailoRT] [info] [internal_buffer_manager.cpp:212] [print_execution_results] Default Internal buffer planner executed successfully
[2026-05-07 04:22:36.198] [60397] [HailoRT] [info] [device_internal.cpp:57] [configure] Configuring HEF took 20.520469 milliseconds
[2026-05-07 04:22:36.198] [60397] [HailoRT] [info] [vdevice.cpp:749] [configure] Configuring HEF on VDevice took 20.92544 milliseconds
[2026-05-07 04:22:36.198] [60397] [HailoRT] [info] [hef.cpp:1929] [get_network_group_and_network_name] No name was given. Addressing all networks of default network_group: scrfd_2_5g
[2026-05-07 04:22:36.320] [60425] [HailoRT] [info] [edge_elements.cpp:52] [create] Created (HwWriteEl3scrfd_2_5g/input_layer1 | hw_frame_size: 1228800)
[2026-05-07 04:22:36.320] [60425] [HailoRT] [info] [vstream.cpp:754] [InputVStreamImpl] Creating scrfd_2_5g/input_layer1...
[2026-05-07 04:22:36.320] [60425] [HailoRT] [info] [vstream_builder.cpp:102] [create_inputs] Input pipeline 'scrfd_2_5g/input_layer1': (HwWriteEl3scrfd_2_5g/input_layer1 | hw_frame_size: 1228800) >> HW
[2026-05-07 04:22:36.320] [60425] [HailoRT] [info] [edge_elements.cpp:287] [create] Created (HwReadEl3scrfd_2_5g/conv42 | hw_frame_size: 12800)
[2026-05-07 04:22:36.321] [60425] [HailoRT] [info] [queue_elements.cpp:657] [create] Created (PullQEl_hw_read3scrfd_2_5g/conv42)
[2026-05-07 04:22:36.321] [60425] [HailoRT] [info] [filter_elements.cpp:375] [create] Created (PostInferEl3scrfd_2_5g/conv42 | Quantization - src_type: UINT8, dst_type FLOAT32, limvals_min: 0, limvals_max: 1)
[2026-05-07 04:22:36.321] [60425] [HailoRT] [info] [queue_elements.cpp:800] [create] Created (UserBuffQEl3scrfd_2_5g/conv42 | timeout: 60s)
[2026-05-07 04:22:36.321] [60425] [HailoRT] [info] [vstream.cpp:1114] [OutputVStreamImpl] Creating scrfd_2_5g/conv42...
[2026-05-07 04:22:36.321] [60425] [HailoRT] [info] [vstream_builder.cpp:220] [create_outputs] Output pipeline 'scrfd_2_5g/conv42': HW >> (HwReadEl3scrfd_2_5g/conv42 | hw_frame_size: 12800) >> (PullQEl_hw_read3scrfd_2_5g/conv42) >> (PostInferEl3scrfd_2_5g/conv42 | Quantization - src_type: UINT8, dst_type FLOAT32, limvals_min: 0, limvals_max: 1) >> (UserBuffQEl3scrfd_2_5g/conv42 | timeout: 60s)
[2026-05-07 04:22:36.321] [60425] [HailoRT] [info] [edge_elements.cpp:287] [create] Created (HwReadEl0scrfd_2_5g/conv43 | hw_frame_size: 51200)
[2026-05-07 04:22:36.341] [60425] [HailoRT] [info] [queue_elements.cpp:657] [create] Created (PullQEl_hw_read0scrfd_2_5g/conv43)
[2026-05-07 04:22:36.341] [60425] [HailoRT] [info] [filter_elements.cpp:375] [create] Created (PostInferEl0scrfd_2_5g/conv43 | Quantization - src_type: UINT8, dst_type FLOAT32, limvals_min: -0.0793963, limvals_max: 4.98212)
[2026-05-07 04:22:36.341] [60425] [HailoRT] [info] [queue_elements.cpp:800] [create] Created (UserBuffQEl0scrfd_2_5g/conv43 | timeout: 60s)
[2026-05-07 04:22:36.341] [60425] [HailoRT] [info] [vstream.cpp:1114] [OutputVStreamImpl] Creating scrfd_2_5g/conv43...
[2026-05-07 04:22:36.341] [60425] [HailoRT] [info] [vstream_builder.cpp:220] [create_outputs] Output pipeline 'scrfd_2_5g/conv43': HW >> (HwReadEl0scrfd_2_5g/conv43 | hw_frame_size: 51200) >> (PullQEl_hw_read0scrfd_2_5g/conv43) >> (PostInferEl0scrfd_2_5g/conv43 | Quantization - src_type: UINT8, dst_type FLOAT32, limvals_min: -0.0793963, limvals_max: 4.98212) >> (UserBuffQEl0scrfd_2_5g/conv43 | timeout: 60s)
[2026-05-07 04:22:36.341] [60425] [HailoRT] [info] [edge_elements.cpp:287] [create] Created (HwReadEl2scrfd_2_5g/conv44 | hw_frame_size: 153600)
[2026-05-07 04:22:36.341] [60425] [HailoRT] [info] [queue_elements.cpp:657] [create] Created (PullQEl_hw_read2scrfd_2_5g/conv44)
[2026-05-07 04:22:36.341] [60425] [HailoRT] [info] [filter_elements.cpp:375] [create] Created (PostInferEl2scrfd_2_5g/conv44 | Quantization - src_type: UINT8, dst_type FLOAT32, limvals_min: -3.16292, limvals_max: 3.50274 | Reorder - src_order: FCR, src_shape: (80, 80, 24), dst_order: FCR, dst_shape: (80, 80, 20))
[2026-05-07 04:22:36.342] [60425] [HailoRT] [info] [queue_elements.cpp:800] [create] Created (UserBuffQEl2scrfd_2_5g/conv44 | timeout: 60s)
[2026-05-07 04:22:36.342] [60425] [HailoRT] [info] [vstream.cpp:1114] [OutputVStreamImpl] Creating scrfd_2_5g/conv44...
[2026-05-07 04:22:36.342] [60425] [HailoRT] [info] [vstream_builder.cpp:220] [create_outputs] Output pipeline 'scrfd_2_5g/conv44': HW >> (HwReadEl2scrfd_2_5g/conv44 | hw_frame_size: 153600) >> (PullQEl_hw_read2scrfd_2_5g/conv44) >> (PostInferEl2scrfd_2_5g/conv44 | Quantization - src_type: UINT8, dst_type FLOAT32, limvals_min: -3.16292, limvals_max: 3.50274 | Reorder - src_order: FCR, src_shape: (80, 80, 24), dst_order: FCR, dst_shape: (80, 80, 20)) >> (UserBuffQEl2scrfd_2_5g/conv44 | timeout: 60s)
[2026-05-07 04:22:36.342] [60425] [HailoRT] [info] [edge_elements.cpp:287] [create] Created (HwReadEl14scrfd_2_5g/conv49 | hw_frame_size: 3200)
[2026-05-07 04:22:36.342] [60425] [HailoRT] [info] [queue_elements.cpp:657] [create] Created (PullQEl_hw_read14scrfd_2_5g/conv49)
[2026-05-07 04:22:36.342] [60425] [HailoRT] [info] [filter_elements.cpp:375] [create] Created (PostInferEl14scrfd_2_5g/conv49 | Quantization - src_type: UINT8, dst_type FLOAT32, limvals_min: 0, limvals_max: 1)
[2026-05-07 04:22:36.343] [60425] [HailoRT] [info] [queue_elements.cpp:800] [create] Created (UserBuffQEl14scrfd_2_5g/conv49 | timeout: 60s)
[2026-05-07 04:22:36.343] [60425] [HailoRT] [info] [vstream.cpp:1114] [OutputVStreamImpl] Creating scrfd_2_5g/conv49...
[2026-05-07 04:22:36.343] [60425] [HailoRT] [info] [vstream_builder.cpp:220] [create_outputs] Output pipeline 'scrfd_2_5g/conv49': HW >> (HwReadEl14scrfd_2_5g/conv49 | hw_frame_size: 3200) >> (PullQEl_hw_read14scrfd_2_5g/conv49) >> (PostInferEl14scrfd_2_5g/conv49 | Quantization - src_type: UINT8, dst_type FLOAT32, limvals_min: 0, limvals_max: 1) >> (UserBuffQEl14scrfd_2_5g/conv49 | timeout: 60s)
[2026-05-07 04:22:36.343] [60425] [HailoRT] [info] [edge_elements.cpp:287] [create] Created (HwReadEl12scrfd_2_5g/conv50 | hw_frame_size: 12800)
[2026-05-07 04:22:36.343] [60425] [HailoRT] [info] [queue_elements.cpp:657] [create] Created (PullQEl_hw_read12scrfd_2_5g/conv50)
[2026-05-07 04:22:36.343] [60425] [HailoRT] [info] [filter_elements.cpp:375] [create] Created (PostInferEl12scrfd_2_5g/conv50 | Quantization - src_type: UINT8, dst_type FLOAT32, limvals_min: 0, limvals_max: 8.10626)
[2026-05-07 04:22:36.343] [60425] [HailoRT] [info] [queue_elements.cpp:800] [create] Created (UserBuffQEl12scrfd_2_5g/conv50 | timeout: 60s)
[2026-05-07 04:22:36.343] [60425] [HailoRT] [info] [vstream.cpp:1114] [OutputVStreamImpl] Creating scrfd_2_5g/conv50...
[2026-05-07 04:22:36.343] [60425] [HailoRT] [info] [vstream_builder.cpp:220] [create_outputs] Output pipeline 'scrfd_2_5g/conv50': HW >> (HwReadEl12scrfd_2_5g/conv50 | hw_frame_size: 12800) >> (PullQEl_hw_read12scrfd_2_5g/conv50) >> (PostInferEl12scrfd_2_5g/conv50 | Quantization - src_type: UINT8, dst_type FLOAT32, limvals_min: 0, limvals_max: 8.10626) >> (UserBuffQEl12scrfd_2_5g/conv50 | timeout: 60s)
[2026-05-07 04:22:36.343] [60425] [HailoRT] [info] [edge_elements.cpp:287] [create] Created (HwReadEl1scrfd_2_5g/conv51 | hw_frame_size: 38400)
[2026-05-07 04:22:36.343] [60425] [HailoRT] [info] [queue_elements.cpp:657] [create] Created (PullQEl_hw_read1scrfd_2_5g/conv51)
[2026-05-07 04:22:36.343] [60425] [HailoRT] [info] [filter_elements.cpp:375] [create] Created (PostInferEl1scrfd_2_5g/conv51 | Quantization - src_type: UINT8, dst_type FLOAT32, limvals_min: -4.24698, limvals_max: 5.17024 | Reorder - src_order: FCR, src_shape: (40, 40, 24), dst_order: FCR, dst_shape: (40, 40, 20))
[2026-05-07 04:22:36.343] [60425] [HailoRT] [info] [queue_elements.cpp:800] [create] Created (UserBuffQEl1scrfd_2_5g/conv51 | timeout: 60s)
[2026-05-07 04:22:36.343] [60425] [HailoRT] [info] [vstream.cpp:1114] [OutputVStreamImpl] Creating scrfd_2_5g/conv51...
[2026-05-07 04:22:36.343] [60425] [HailoRT] [info] [vstream_builder.cpp:220] [create_outputs] Output pipeline 'scrfd_2_5g/conv51': HW >> (HwReadEl1scrfd_2_5g/conv51 | hw_frame_size: 38400) >> (PullQEl_hw_read1scrfd_2_5g/conv51) >> (PostInferEl1scrfd_2_5g/conv51 | Quantization - src_type: UINT8, dst_type FLOAT32, limvals_min: -4.24698, limvals_max: 5.17024 | Reorder - src_order: FCR, src_shape: (40, 40, 24), dst_order: FCR, dst_shape: (40, 40, 20)) >> (UserBuffQEl1scrfd_2_5g/conv51 | timeout: 60s)
[2026-05-07 04:22:36.343] [60425] [HailoRT] [info] [edge_elements.cpp:287] [create] Created (HwReadEl10scrfd_2_5g/conv55 | hw_frame_size: 800)
[2026-05-07 04:22:36.343] [60425] [HailoRT] [info] [queue_elements.cpp:657] [create] Created (PullQEl_hw_read10scrfd_2_5g/conv55)
[2026-05-07 04:22:36.343] [60425] [HailoRT] [info] [filter_elements.cpp:375] [create] Created (PostInferEl10scrfd_2_5g/conv55 | Quantization - src_type: UINT8, dst_type FLOAT32, limvals_min: 0, limvals_max: 1 | Reorder - src_order: NHCW, src_shape: (20, 20, 2), dst_order: NHWC, dst_shape: (20, 20, 2))
[2026-05-07 04:22:36.343] [60425] [HailoRT] [info] [queue_elements.cpp:800] [create] Created (UserBuffQEl10scrfd_2_5g/conv55 | timeout: 60s)
[2026-05-07 04:22:36.343] [60425] [HailoRT] [info] [vstream.cpp:1114] [OutputVStreamImpl] Creating scrfd_2_5g/conv55...
[2026-05-07 04:22:36.343] [60425] [HailoRT] [info] [vstream_builder.cpp:220] [create_outputs] Output pipeline 'scrfd_2_5g/conv55': HW >> (HwReadEl10scrfd_2_5g/conv55 | hw_frame_size: 800) >> (PullQEl_hw_read10scrfd_2_5g/conv55) >> (PostInferEl10scrfd_2_5g/conv55 | Quantization - src_type: UINT8, dst_type FLOAT32, limvals_min: 0, limvals_max: 1 | Reorder - src_order: NHCW, src_shape: (20, 20, 2), dst_order: NHWC, dst_shape: (20, 20, 2)) >> (UserBuffQEl10scrfd_2_5g/conv55 | timeout: 60s)
[2026-05-07 04:22:36.343] [60425] [HailoRT] [info] [edge_elements.cpp:287] [create] Created (HwReadEl9scrfd_2_5g/conv56 | hw_frame_size: 3200)
[2026-05-07 04:22:36.344] [60425] [HailoRT] [info] [queue_elements.cpp:657] [create] Created (PullQEl_hw_read9scrfd_2_5g/conv56)
[2026-05-07 04:22:36.344] [60425] [HailoRT] [info] [filter_elements.cpp:375] [create] Created (PostInferEl9scrfd_2_5g/conv56 | Quantization - src_type: UINT8, dst_type FLOAT32, limvals_min: -0.0299247, limvals_max: 7.60086 | Reorder - src_order: NHCW, src_shape: (20, 20, 8), dst_order: NHWC, dst_shape: (20, 20, 8))
[2026-05-07 04:22:36.344] [60425] [HailoRT] [info] [queue_elements.cpp:800] [create] Created (UserBuffQEl9scrfd_2_5g/conv56 | timeout: 60s)
[2026-05-07 04:22:36.344] [60425] [HailoRT] [info] [vstream.cpp:1114] [OutputVStreamImpl] Creating scrfd_2_5g/conv56...
[2026-05-07 04:22:36.344] [60425] [HailoRT] [info] [vstream_builder.cpp:220] [create_outputs] Output pipeline 'scrfd_2_5g/conv56': HW >> (HwReadEl9scrfd_2_5g/conv56 | hw_frame_size: 3200) >> (PullQEl_hw_read9scrfd_2_5g/conv56) >> (PostInferEl9scrfd_2_5g/conv56 | Quantization - src_type: UINT8, dst_type FLOAT32, limvals_min: -0.0299247, limvals_max: 7.60086 | Reorder - src_order: NHCW, src_shape: (20, 20, 8), dst_order: NHWC, dst_shape: (20, 20, 8)) >> (UserBuffQEl9scrfd_2_5g/conv56 | timeout: 60s)
[2026-05-07 04:22:36.344] [60425] [HailoRT] [info] [edge_elements.cpp:287] [create] Created (HwReadEl13scrfd_2_5g/conv57 | hw_frame_size: 9600)
[2026-05-07 04:22:36.344] [60425] [HailoRT] [info] [queue_elements.cpp:657] [create] Created (PullQEl_hw_read13scrfd_2_5g/conv57)
[2026-05-07 04:22:36.344] [60425] [HailoRT] [info] [filter_elements.cpp:375] [create] Created (PostInferEl13scrfd_2_5g/conv57 | Quantization - src_type: UINT8, dst_type FLOAT32, limvals_min: -4.03285, limvals_max: 5.14908 | Reorder - src_order: FCR, src_shape: (20, 20, 24), dst_order: FCR, dst_shape: (20, 20, 20))
[2026-05-07 04:22:36.344] [60425] [HailoRT] [info] [queue_elements.cpp:800] [create] Created (UserBuffQEl13scrfd_2_5g/conv57 | timeout: 60s)
[2026-05-07 04:22:36.344] [60425] [HailoRT] [info] [vstream.cpp:1114] [OutputVStreamImpl] Creating scrfd_2_5g/conv57...
[2026-05-07 04:22:36.344] [60425] [HailoRT] [info] [vstream_builder.cpp:220] [create_outputs] Output pipeline 'scrfd_2_5g/conv57': HW >> (HwReadEl13scrfd_2_5g/conv57 | hw_frame_size: 9600) >> (PullQEl_hw_read13scrfd_2_5g/conv57) >> (PostInferEl13scrfd_2_5g/conv57 | Quantization - src_type: UINT8, dst_type FLOAT32, limvals_min: -4.03285, limvals_max: 5.14908 | Reorder - src_order: FCR, src_shape: (20, 20, 24), dst_order: FCR, dst_shape: (20, 20, 20)) >> (UserBuffQEl13scrfd_2_5g/conv57 | timeout: 60s)
[2026-05-07 04:22:36.345] [60425] [HailoRT] [info] [core_op.cpp:156] [activate] Activating scrfd_2_5g took 0.601752 milliseconds. Note that the function is asynchronous and thus the network is not fully activated yet.
[2026-05-07 04:22:36.345] [60425] [HailoRT] [info] [core_op.cpp:156] [activate] Activating scrfd_2_5g took 0.616715 milliseconds. Note that the function is asynchronous and thus the network is not fully activated yet.
[2026-05-07 04:22:57.326] [60438] [HailoRT] [info] [vdevice_native_stream.cpp:331] [read_impl] Failed read from stream HAILO_STREAM_NOT_ACTIVATED(72) (device: 0001:01:00.0)
[2026-05-07 04:22:57.326] [60428] [HailoRT] [info] [vdevice_native_stream.cpp:331] [read_impl] Failed read from stream HAILO_STREAM_NOT_ACTIVATED(72) (device: 0001:01:00.0)
[2026-05-07 04:22:57.326] [60430] [HailoRT] [info] [vdevice_native_stream.cpp:331] [read_impl] Failed read from stream HAILO_STREAM_NOT_ACTIVATED(72) (device: 0001:01:00.0)
[2026-05-07 04:22:57.326] [60426] [HailoRT] [info] [vdevice_native_stream.cpp:331] [read_impl] Failed read from stream HAILO_STREAM_NOT_ACTIVATED(72) (device: 0001:01:00.0)
[2026-05-07 04:22:57.326] [60432] [HailoRT] [info] [vdevice_native_stream.cpp:331] [read_impl] Failed read from stream HAILO_STREAM_NOT_ACTIVATED(72) (device: 0001:01:00.0)
[2026-05-07 04:22:57.326] [60434] [HailoRT] [info] [vdevice_native_stream.cpp:331] [read_impl] Failed read from stream HAILO_STREAM_NOT_ACTIVATED(72) (device: 0001:01:00.0)
[2026-05-07 04:22:57.326] [60436] [HailoRT] [info] [vdevice_native_stream.cpp:331] [read_impl] Failed read from stream HAILO_STREAM_NOT_ACTIVATED(72) (device: 0001:01:00.0)
[2026-05-07 04:22:57.326] [60440] [HailoRT] [info] [vdevice_native_stream.cpp:331] [read_impl] Failed read from stream HAILO_STREAM_NOT_ACTIVATED(72) (device: 0001:01:00.0)
[2026-05-07 04:22:57.326] [60442] [HailoRT] [info] [vdevice_native_stream.cpp:331] [read_impl] Failed read from stream HAILO_STREAM_NOT_ACTIVATED(72) (device: 0001:01:00.0)
[2026-05-07 04:22:57.327] [60425] [HailoRT] [info] [core_op.cpp:186] [deactivate] Deactivating took 0.871292 ms
[2026-05-07 04:22:57.327] [60425] [HailoRT] [info] [core_op.cpp:186] [deactivate] Deactivating took 0.928331 ms
[2026-05-07 04:22:57.327] [60427] [HailoRT] [info] [queue_elements.cpp:855] [run_in_thread] Shutdown event was signaled in dequeue of UserBuffQEl3scrfd_2_5g/conv42!
[2026-05-07 04:22:57.327] [60426] [HailoRT] [info] [queue_elements.cpp:734] [run_in_thread] Shutdown event was signaled in run_pull of queue element PullQEl_hw_read3scrfd_2_5g/conv42!
[2026-05-07 04:22:57.327] [60426] [HailoRT] [info] [queue_elements.cpp:68] [operator()] Thread in element PullQEl_hw_read3scrfd_2_5g/conv42 is not running anymore, exiting..
[2026-05-07 04:22:57.327] [60425] [HailoRT] [info] [queue_elements.cpp:46] [~BaseQueueElement] Queue element PullQEl_hw_read3scrfd_2_5g/conv42 has 0 frames in his Queue on destruction
[2026-05-07 04:22:57.327] [60427] [HailoRT] [info] [queue_elements.cpp:68] [operator()] Thread in element UserBuffQEl3scrfd_2_5g/conv42 is not running anymore, exiting..
[2026-05-07 04:22:57.327] [60425] [HailoRT] [info] [queue_elements.cpp:46] [~BaseQueueElement] Queue element UserBuffQEl3scrfd_2_5g/conv42 has 0 frames in his Queue on destruction
[2026-05-07 04:22:57.328] [60429] [HailoRT] [info] [queue_elements.cpp:855] [run_in_thread] Shutdown event was signaled in dequeue of UserBuffQEl0scrfd_2_5g/conv43!
[2026-05-07 04:22:57.328] [60428] [HailoRT] [info] [queue_elements.cpp:734] [run_in_thread] Shutdown event was signaled in run_pull of queue element PullQEl_hw_read0scrfd_2_5g/conv43!
[2026-05-07 04:22:57.328] [60425] [HailoRT] [info] [queue_elements.cpp:46] [~BaseQueueElement] Queue element PullQEl_hw_read0scrfd_2_5g/conv43 has 0 frames in his Queue on destruction
[2026-05-07 04:22:57.328] [60429] [HailoRT] [info] [queue_elements.cpp:68] [operator()] Thread in element UserBuffQEl0scrfd_2_5g/conv43 is not running anymore, exiting..
[2026-05-07 04:22:57.328] [60425] [HailoRT] [info] [queue_elements.cpp:46] [~BaseQueueElement] Queue element UserBuffQEl0scrfd_2_5g/conv43 has 0 frames in his Queue on destruction
[2026-05-07 04:22:57.328] [60430] [HailoRT] [info] [queue_elements.cpp:734] [run_in_thread] Shutdown event was signaled in run_pull of queue element PullQEl_hw_read2scrfd_2_5g/conv44!
[2026-05-07 04:22:57.328] [60431] [HailoRT] [info] [queue_elements.cpp:855] [run_in_thread] Shutdown event was signaled in dequeue of UserBuffQEl2scrfd_2_5g/conv44!
[2026-05-07 04:22:57.328] [60430] [HailoRT] [info] [queue_elements.cpp:68] [operator()] Thread in element PullQEl_hw_read2scrfd_2_5g/conv44 is not running anymore, exiting..
[2026-05-07 04:22:57.328] [60425] [HailoRT] [info] [queue_elements.cpp:46] [~BaseQueueElement] Queue element PullQEl_hw_read2scrfd_2_5g/conv44 has 0 frames in his Queue on destruction
[2026-05-07 04:22:57.328] [60431] [HailoRT] [info] [queue_elements.cpp:68] [operator()] Thread in element UserBuffQEl2scrfd_2_5g/conv44 is not running anymore, exiting..
[2026-05-07 04:22:57.328] [60425] [HailoRT] [info] [queue_elements.cpp:46] [~BaseQueueElement] Queue element UserBuffQEl2scrfd_2_5g/conv44 has 0 frames in his Queue on destruction
[2026-05-07 04:22:57.328] [60432] [HailoRT] [info] [queue_elements.cpp:734] [run_in_thread] Shutdown event was signaled in run_pull of queue element PullQEl_hw_read14scrfd_2_5g/conv49!
[2026-05-07 04:22:57.328] [60433] [HailoRT] [info] [queue_elements.cpp:855] [run_in_thread] Shutdown event was signaled in dequeue of UserBuffQEl14scrfd_2_5g/conv49!
[2026-05-07 04:22:57.329] [60432] [HailoRT] [info] [queue_elements.cpp:68] [operator()] Thread in element PullQEl_hw_read14scrfd_2_5g/conv49 is not running anymore, exiting..
[2026-05-07 04:22:57.329] [60425] [HailoRT] [info] [queue_elements.cpp:46] [~BaseQueueElement] Queue element PullQEl_hw_read14scrfd_2_5g/conv49 has 0 frames in his Queue on destruction
[2026-05-07 04:22:57.329] [60433] [HailoRT] [info] [queue_elements.cpp:68] [operator()] Thread in element UserBuffQEl14scrfd_2_5g/conv49 is not running anymore, exiting..
[2026-05-07 04:22:57.329] [60425] [HailoRT] [info] [queue_elements.cpp:46] [~BaseQueueElement] Queue element UserBuffQEl14scrfd_2_5g/conv49 has 0 frames in his Queue on destruction
[2026-05-07 04:22:57.329] [60434] [HailoRT] [info] [queue_elements.cpp:734] [run_in_thread] Shutdown event was signaled in run_pull of queue element PullQEl_hw_read12scrfd_2_5g/conv50!
[2026-05-07 04:22:57.329] [60435] [HailoRT] [info] [queue_elements.cpp:855] [run_in_thread] Shutdown event was signaled in dequeue of UserBuffQEl12scrfd_2_5g/conv50!
[2026-05-07 04:22:57.329] [60434] [HailoRT] [info] [queue_elements.cpp:68] [operator()] Thread in element PullQEl_hw_read12scrfd_2_5g/conv50 is not running anymore, exiting..
[2026-05-07 04:22:57.329] [60425] [HailoRT] [info] [queue_elements.cpp:46] [~BaseQueueElement] Queue element PullQEl_hw_read12scrfd_2_5g/conv50 has 0 frames in his Queue on destruction
[2026-05-07 04:22:57.329] [60435] [HailoRT] [info] [queue_elements.cpp:68] [operator()] Thread in element UserBuffQEl12scrfd_2_5g/conv50 is not running anymore, exiting..
[2026-05-07 04:22:57.329] [60425] [HailoRT] [info] [queue_elements.cpp:46] [~BaseQueueElement] Queue element UserBuffQEl12scrfd_2_5g/conv50 has 0 frames in his Queue on destruction
[2026-05-07 04:22:57.329] [60436] [HailoRT] [info] [queue_elements.cpp:734] [run_in_thread] Shutdown event was signaled in run_pull of queue element PullQEl_hw_read1scrfd_2_5g/conv51!
[2026-05-07 04:22:57.329] [60437] [HailoRT] [info] [queue_elements.cpp:855] [run_in_thread] Shutdown event was signaled in dequeue of UserBuffQEl1scrfd_2_5g/conv51!
[2026-05-07 04:22:57.329] [60436] [HailoRT] [info] [queue_elements.cpp:68] [operator()] Thread in element PullQEl_hw_read1scrfd_2_5g/conv51 is not running anymore, exiting..
[2026-05-07 04:22:57.329] [60425] [HailoRT] [info] [queue_elements.cpp:46] [~BaseQueueElement] Queue element PullQEl_hw_read1scrfd_2_5g/conv51 has 0 frames in his Queue on destruction
[2026-05-07 04:22:57.329] [60437] [HailoRT] [info] [queue_elements.cpp:68] [operator()] Thread in element UserBuffQEl1scrfd_2_5g/conv51 is not running anymore, exiting..
[2026-05-07 04:22:57.329] [60425] [HailoRT] [info] [queue_elements.cpp:46] [~BaseQueueElement] Queue element UserBuffQEl1scrfd_2_5g/conv51 has 0 frames in his Queue on destruction
[2026-05-07 04:22:57.330] [60438] [HailoRT] [info] [queue_elements.cpp:734] [run_in_thread] Shutdown event was signaled in run_pull of queue element PullQEl_hw_read10scrfd_2_5g/conv55!
[2026-05-07 04:22:57.330] [60439] [HailoRT] [i[2026-05-07 04:23:12.284] [63825] [HailoRT] [info] [vdevice.cpp:523] [create] Creating vdevice with params: device_count: 1, scheduling_algorithm: NONE, multi_process_service: false
[2026-05-07 04:23:12.297] [63825] [HailoRT] [info] [device.cpp:49] [Device] OS Version: Linux 6.12.75+rpt-rpi-2712 #1 SMP PREEMPT Debian 1:6.12.75-1+rpt1~bookworm (2026-03-11) aarch64
[2026-05-07 04:23:12.298] [63825] [HailoRT] [info] [control.cpp:108] [control__parse_identify_results] firmware_version is: 4.20.0
[2026-05-07 04:23:12.298] [63825] [HailoRT] [info] [vdevice.cpp:651] [create] VDevice Infos: 0001:01:00.0
[2026-05-07 04:23:12.304] [63825] [HailoRT] [info] [internal_buffer_manager.cpp:204] [print_execution_results] Planned internal buffer memory: CMA memory 0, user memory 462336. memory to edge layer usage factor is 1
[2026-05-07 04:23:12.304] [63825] [HailoRT] [info] [internal_buffer_manager.cpp:212] [print_execution_results] Default Internal buffer planner executed successfully
[2026-05-07 04:23:12.318] [63825] [HailoRT] [info] [device_internal.cpp:57] [configure] Configuring HEF took 19.563134 milliseconds
[2026-05-07 04:23:12.318] [63825] [HailoRT] [info] [vdevice.cpp:749] [configure] Configuring HEF on VDevice took 19.985567 milliseconds
[2026-05-07 04:23:12.318] [63825] [HailoRT] [info] [hef.cpp:1929] [get_network_group_and_network_name] No name was given. Addressing all networks of default network_group: scrfd_2_5g
[2026-05-07 04:23:12.437] [63853] [HailoRT] [info] [edge_elements.cpp:52] [create] Created (HwWriteEl3scrfd_2_5g/input_layer1 | hw_frame_size: 1228800)
[2026-05-07 04:23:12.437] [63853] [HailoRT] [info] [vstream.cpp:754] [InputVStreamImpl] Creating scrfd_2_5g/input_layer1...
[2026-05-07 04:23:12.437] [63853] [HailoRT] [info] [vstream_builder.cpp:102] [create_inputs] Input pipeline 'scrfd_2_5g/input_layer1': (HwWriteEl3scrfd_2_5g/input_layer1 | hw_frame_size: 1228800) >> HW
[2026-05-07 04:23:12.437] [63853] [HailoRT] [info] [edge_elements.cpp:287] [create] Created (HwReadEl3scrfd_2_5g/conv42 | hw_frame_size: 12800)
[2026-05-07 04:23:12.437] [63853] [HailoRT] [info] [queue_elements.cpp:657] [create] Created (PullQEl_hw_read3scrfd_2_5g/conv42)
[2026-05-07 04:23:12.437] [63853] [HailoRT] [info] [filter_elements.cpp:375] [create] Created (PostInferEl3scrfd_2_5g/conv42 | Quantization - src_type: UINT8, dst_type FLOAT32, limvals_min: 0, limvals_max: 1)
[2026-05-07 04:23:12.437] [63853] [HailoRT] [info] [queue_elements.cpp:800] [create] Created (UserBuffQEl3scrfd_2_5g/conv42 | timeout: 60s)
[2026-05-07 04:23:12.437] [63853] [HailoRT] [info] [vstream.cpp:1114] [OutputVStreamImpl] Creating scrfd_2_5g/conv42...
[2026-05-07 04:23:12.437] [63853] [HailoRT] [info] [vstream_builder.cpp:220] [create_outputs] Output pipeline 'scrfd_2_5g/conv42': HW >> (HwReadEl3scrfd_2_5g/conv42 | hw_frame_size: 12800) >> (PullQEl_hw_read3scrfd_2_5g/conv42) >> (PostInferEl3scrfd_2_5g/conv42 | Quantization - src_type: UINT8, dst_type FLOAT32, limvals_min: 0, limvals_max: 1) >> (UserBuffQEl3scrfd_2_5g/conv42 | timeout: 60s)
[2026-05-07 04:23:12.437] [63853] [HailoRT] [info] [edge_elements.cpp:287] [create] Created (HwReadEl0scrfd_2_5g/conv43 | hw_frame_size: 51200)
[2026-05-07 04:23:12.461] [63853] [HailoRT] [info] [queue_elements.cpp:657] [create] Created (PullQEl_hw_read0scrfd_2_5g/conv43)
[2026-05-07 04:23:12.461] [63853] [HailoRT] [info] [filter_elements.cpp:375] [create] Created (PostInferEl0scrfd_2_5g/conv43 | Quantization - src_type: UINT8, dst_type FLOAT32, limvals_min: -0.0793963, limvals_max: 4.98212)
[2026-05-07 04:23:12.461] [63853] [HailoRT] [info] [queue_elements.cpp:800] [create] Created (UserBuffQEl0scrfd_2_5g/conv43 | timeout: 60s)
[2026-05-07 04:23:12.461] [63853] [HailoRT] [info] [vstream.cpp:1114] [OutputVStreamImpl] Creating scrfd_2_5g/conv43...
[2026-05-07 04:23:12.461] [63853] [HailoRT] [info] [vstream_builder.cpp:220] [create_outputs] Output pipeline 'scrfd_2_5g/conv43': HW >> (HwReadEl0scrfd_2_5g/conv43 | hw_frame_size: 51200) >> (PullQEl_hw_read0scrfd_2_5g/conv43) >> (PostInferEl0scrfd_2_5g/conv43 | Quantization - src_type: UINT8, dst_type FLOAT32, limvals_min: -0.0793963, limvals_max: 4.98212) >> (UserBuffQEl0scrfd_2_5g/conv43 | timeout: 60s)
[2026-05-07 04:23:12.461] [63853] [HailoRT] [info] [edge_elements.cpp:287] [create] Created (HwReadEl2scrfd_2_5g/conv44 | hw_frame_size: 153600)
[2026-05-07 04:23:12.461] [63853] [HailoRT] [info] [queue_elements.cpp:657] [create] Created (PullQEl_hw_read2scrfd_2_5g/conv44)
[2026-05-07 04:23:12.461] [63853] [HailoRT] [info] [filter_elements.cpp:375] [create] Created (PostInferEl2scrfd_2_5g/conv44 | Quantization - src_type: UINT8, dst_type FLOAT32, limvals_min: -3.16292, limvals_max: 3.50274 | Reorder - src_order: FCR, src_shape: (80, 80, 24), dst_order: FCR, dst_shape: (80, 80, 20))
[2026-05-07 04:23:12.462] [63853] [HailoRT] [info] [queue_elements.cpp:800] [create] Created (UserBuffQEl2scrfd_2_5g/conv44 | timeout: 60s)
[2026-05-07 04:23:12.462] [63853] [HailoRT] [info] [vstream.cpp:1114] [OutputVStreamImpl] Creating scrfd_2_5g/conv44...
[2026-05-07 04:23:12.462] [63853] [HailoRT] [info] [vstream_builder.cpp:220] [create_outputs] Output pipeline 'scrfd_2_5g/conv44': HW >> (HwReadEl2scrfd_2_5g/conv44 | hw_frame_size: 153600) >> (PullQEl_hw_read2scrfd_2_5g/conv44) >> (PostInferEl2scrfd_2_5g/conv44 | Quantization - src_type: UINT8, dst_type FLOAT32, limvals_min: -3.16292, limvals_max: 3.50274 | Reorder - src_order: FCR, src_shape: (80, 80, 24), dst_order: FCR, dst_shape: (80, 80, 20)) >> (UserBuffQEl2scrfd_2_5g/conv44 | timeout: 60s)
[2026-05-07 04:23:12.462] [63853] [HailoRT] [info] [edge_elements.cpp:287] [create] Created (HwReadEl14scrfd_2_5g/conv49 | hw_frame_size: 3200)
[2026-05-07 04:23:12.462] [63853] [HailoRT] [info] [queue_elements.cpp:657] [create] Created (PullQEl_hw_read14scrfd_2_5g/conv49)
[2026-05-07 04:23:12.462] [63853] [HailoRT] [info] [filter_elements.cpp:375] [create] Created (PostInferEl14scrfd_2_5g/conv49 | Quantization - src_type: UINT8, dst_type FLOAT32, limvals_min: 0, limvals_max: 1)
[2026-05-07 04:23:12.462] [63853] [HailoRT] [info] [queue_elements.cpp:800] [create] Created (UserBuffQEl14scrfd_2_5g/conv49 | timeout: 60s)
[2026-05-07 04:23:12.462] [63853] [HailoRT] [info] [vstream.cpp:1114] [OutputVStreamImpl] Creating scrfd_2_5g/conv49...
[2026-05-07 04:23:12.462] [63853] [HailoRT] [info] [vstream_builder.cpp:220] [create_outputs] Output pipeline 'scrfd_2_5g/conv49': HW >> (HwReadEl14scrfd_2_5g/conv49 | hw_frame_size: 3200) >> (PullQEl_hw_read14scrfd_2_5g/conv49) >> (PostInferEl14scrfd_2_5g/conv49 | Quantization - src_type: UINT8, dst_type FLOAT32, limvals_min: 0, limvals_max: 1) >> (UserBuffQEl14scrfd_2_5g/conv49 | timeout: 60s)
[2026-05-07 04:23:12.462] [63853] [HailoRT] [info] [edge_elements.cpp:287] [create] Created (HwReadEl12scrfd_2_5g/conv50 | hw_frame_size: 12800)
[2026-05-07 04:23:12.462] [63853] [HailoRT] [info] [queue_elements.cpp:657] [create] Created (PullQEl_hw_read12scrfd_2_5g/conv50)
[2026-05-07 04:23:12.462] [63853] [HailoRT] [info] [filter_elements.cpp:375] [create] Created (PostInferEl12scrfd_2_5g/conv50 | Quantization - src_type: UINT8, dst_type FLOAT32, limvals_min: 0, limvals_max: 8.10626)
[2026-05-07 04:23:12.463] [63853] [HailoRT] [info] [queue_elements.cpp:800] [create] Created (UserBuffQEl12scrfd_2_5g/conv50 | timeout: 60s)
[2026-05-07 04:23:12.463] [63853] [HailoRT] [info] [vstream.cpp:1114] [OutputVStreamImpl] Creating scrfd_2_5g/conv50...
[2026-05-07 04:23:12.463] [63853] [HailoRT] [info] [vstream_builder.cpp:220] [create_outputs] Output pipeline 'scrfd_2_5g/conv50': HW >> (HwReadEl12scrfd_2_5g/conv50 | hw_frame_size: 12800) >> (PullQEl_hw_read12scrfd_2_5g/conv50) >> (PostInferEl12scrfd_2_5g/conv50 | Quantization - src_type: UINT8, dst_type FLOAT32, limvals_min: 0, limvals_max: 8.10626) >> (UserBuffQEl12scrfd_2_5g/conv50 | timeout: 60s)
[2026-05-07 04:23:12.463] [63853] [HailoRT] [info] [edge_elements.cpp:287] [create] Created (HwReadEl1scrfd_2_5g/conv51 | hw_frame_size: 38400)
[2026-05-07 04:23:12.463] [63853] [HailoRT] [info] [queue_elements.cpp:657] [create] Created (PullQEl_hw_read1scrfd_2_5g/conv51)
[2026-05-07 04:23:12.463] [63853] [HailoRT] [info] [filter_elements.cpp:375] [create] Created (PostInferEl1scrfd_2_5g/conv51 | Quantization - src_type: UINT8, dst_type FLOAT32, limvals_min: -4.24698, limvals_max: 5.17024 | Reorder - src_order: FCR, src_shape: (40, 40, 24), dst_order: FCR, dst_shape: (40, 40, 20))
[2026-05-07 04:23:12.463] [63853] [HailoRT] [info] [queue_elements.cpp:800] [create] Created (UserBuffQEl1scrfd_2_5g/conv51 | timeout: 60s)
[2026-05-07 04:23:12.463] [63853] [HailoRT] [info] [vstream.cpp:1114] [OutputVStreamImpl] Creating scrfd_2_5g/conv51...
[2026-05-07 04:23:12.463] [63853] [HailoRT] [info] [vstream_builder.cpp:220] [create_outputs] Output pipeline 'scrfd_2_5g/conv51': HW >> (HwReadEl1scrfd_2_5g/conv51 | hw_frame_size: 38400) >> (PullQEl_hw_read1scrfd_2_5g/conv51) >> (PostInferEl1scrfd_2_5g/conv51 | Quantization - src_type: UINT8, dst_type FLOAT32, limvals_min: -4.24698, limvals_max: 5.17024 | Reorder - src_order: FCR, src_shape: (40, 40, 24), dst_order: FCR, dst_shape: (40, 40, 20)) >> (UserBuffQEl1scrfd_2_5g/conv51 | timeout: 60s)
[2026-05-07 04:23:12.463] [63853] [HailoRT] [info] [edge_elements.cpp:287] [create] Created (HwReadEl10scrfd_2_5g/conv55 | hw_frame_size: 800)
[2026-05-07 04:23:12.463] [63853] [HailoRT] [info] [queue_elements.cpp:657] [create] Created (PullQEl_hw_read10scrfd_2_5g/conv55)
[2026-05-07 04:23:12.463] [63853] [HailoRT] [info] [filter_elements.cpp:375] [create] Created (PostInferEl10scrfd_2_5g/conv55 | Quantization - src_type: UINT8, dst_type FLOAT32, limvals_min: 0, limvals_max: 1 | Reorder - src_order: NHCW, src_shape: (20, 20, 2), dst_order: NHWC, dst_shape: (20, 20, 2))
[2026-05-07 04:23:12.463] [63853] [HailoRT] [info] [queue_elements.cpp:800] [create] Created (UserBuffQEl10scrfd_2_5g/conv55 | timeout: 60s)
[2026-05-07 04:23:12.463] [63853] [HailoRT] [info] [vstream.cpp:1114] [OutputVStreamImpl] Creating scrfd_2_5g/conv55...
[2026-05-07 04:23:12.463] [63853] [HailoRT] [info] [vstream_builder.cpp:220] [create_outputs] Output pipeline 'scrfd_2_5g/conv55': HW >> (HwReadEl10scrfd_2_5g/conv55 | hw_frame_size: 800) >> (PullQEl_hw_read10scrfd_2_5g/conv55) >> (PostInferEl10scrfd_2_5g/conv55 | Quantization - src_type: UINT8, dst_type FLOAT32, limvals_min: 0, limvals_max: 1 | Reorder - src_order: NHCW, src_shape: (20, 20, 2), dst_order: NHWC, dst_shape: (20, 20, 2)) >> (UserBuffQEl10scrfd_2_5g/conv55 | timeout: 60s)
[2026-05-07 04:23:12.463] [63853] [HailoRT] [info] [edge_elements.cpp:287] [create] Created (HwReadEl9scrfd_2_5g/conv56 | hw_frame_size: 3200)
[2026-05-07 04:23:12.463] [63853] [HailoRT] [info] [queue_elements.cpp:657] [create] Created (PullQEl_hw_read9scrfd_2_5g/conv56)
[2026-05-07 04:23:12.463] [63853] [HailoRT] [info] [filter_elements.cpp:375] [create] Created (PostInferEl9scrfd_2_5g/conv56 | Quantization - src_type: UINT8, dst_type FLOAT32, limvals_min: -0.0299247, limvals_max: 7.60086 | Reorder - src_order: NHCW, src_shape: (20, 20, 8), dst_order: NHWC, dst_shape: (20, 20, 8))
[2026-05-07 04:23:12.463] [63853] [HailoRT] [info] [queue_elements.cpp:800] [create] Created (UserBuffQEl9scrfd_2_5g/conv56 | timeout: 60s)
[2026-05-07 04:23:12.463] [63853] [HailoRT] [info] [vstream.cpp:1114] [OutputVStreamImpl] Creating scrfd_2_5g/conv56...
[2026-05-07 04:23:12.463] [63853] [HailoRT] [info] [vstream_builder.cpp:220] [create_outputs] Output pipeline 'scrfd_2_5g/conv56': HW >> (HwReadEl9scrfd_2_5g/conv56 | hw_frame_size: 3200) >> (PullQEl_hw_read9scrfd_2_5g/conv56) >> (PostInferEl9scrfd_2_5g/conv56 | Quantization - src_type: UINT8, dst_type FLOAT32, limvals_min: -0.0299247, limvals_max: 7.60086 | Reorder - src_order: NHCW, src_shape: (20, 20, 8), dst_order: NHWC, dst_shape: (20, 20, 8)) >> (UserBuffQEl9scrfd_2_5g/conv56 | timeout: 60s)
[2026-05-07 04:23:12.463] [63853] [HailoRT] [info] [edge_elements.cpp:287] [create] Created (HwReadEl13scrfd_2_5g/conv57 | hw_frame_size: 9600)
[2026-05-07 04:23:12.463] [63853] [HailoRT] [info] [queue_elements.cpp:657] [create] Created (PullQEl_hw_read13scrfd_2_5g/conv57)
[2026-05-07 04:23:12.463] [63853] [HailoRT] [info] [filter_elements.cpp:375] [create] Created (PostInferEl13scrfd_2_5g/conv57 | Quantization - src_type: UINT8, dst_type FLOAT32, limvals_min: -4.03285, limvals_max: 5.14908 | Reorder - src_order: FCR, src_shape: (20, 20, 24), dst_order: FCR, dst_shape: (20, 20, 20))
[2026-05-07 04:23:12.463] [63853] [HailoRT] [info] [queue_elements.cpp:800] [create] Created (UserBuffQEl13scrfd_2_5g/conv57 | timeout: 60s)
[2026-05-07 04:23:12.463] [63853] [HailoRT] [info] [vstream.cpp:1114] [OutputVStreamImpl] Creating scrfd_2_5g/conv57...
[2026-05-07 04:23:12.463] [63853] [HailoRT] [info] [vstream_builder.cpp:220] [create_outputs] Output pipeline 'scrfd_2_5g/conv57': HW >> (HwReadEl13scrfd_2_5g/conv57 | hw_frame_size: 9600) >> (PullQEl_hw_read13scrfd_2_5g/conv57) >> (PostInferEl13scrfd_2_5g/conv57 | Quantization - src_type: UINT8, dst_type FLOAT32, limvals_min: -4.03285, limvals_max: 5.14908 | Reorder - src_order: FCR, src_shape: (20, 20, 24), dst_order: FCR, dst_shape: (20, 20, 20)) >> (UserBuffQEl13scrfd_2_5g/conv57 | timeout: 60s)
[2026-05-07 04:23:12.464] [63853] [HailoRT] [info] [core_op.cpp:156] [activate] Activating scrfd_2_5g took 0.504656 milliseconds. Note that the function is asynchronous and thus the network is not fully activated yet.
[2026-05-07 04:23:12.464] [63853] [HailoRT] [info] [core_op.cpp:156] [activate] Activating scrfd_2_5g took 0.514787 milliseconds. Note that the function is asynchronous and thus the network is not fully activated yet.
[2026-05-07 04:26:11.705] [63866] [HailoRT] [info] [vdevice_native_stream.cpp:331] [read_impl] Failed read from stream HAILO_STREAM_NOT_ACTIVATED(72) (device: 0001:01:00.0)
[2026-05-07 04:26:11.705] [63856] [HailoRT] [info] [vdevice_native_stream.cpp:331] [read_impl] Failed read from stream HAILO_STREAM_NOT_ACTIVATED(72) (device: 0001:01:00.0)
[2026-05-07 04:26:11.705] [63854] [HailoRT] [info] [vdevice_native_stream.cpp:331] [read_impl] Failed read from stream HAILO_STREAM_NOT_ACTIVATED(72) (device: 0001:01:00.0)
[2026-05-07 04:26:11.705] [63868] [HailoRT] [info] [vdevice_native_stream.cpp:331] [read_impl] Failed read from stream HAILO_STREAM_NOT_ACTIVATED(72) (device: 0001:01:00.0)
[2026-05-07 04:26:11.705] [63860] [HailoRT] [info] [vdevice_native_stream.cpp:331] [read_impl] Failed read from stream HAILO_STREAM_NOT_ACTIVATED(72) (device: 0001:01:00.0)
[2026-05-07 04:26:11.705] [63862] [HailoRT] [info] [vdevice_native_stream.cpp:331] [read_impl] Failed read from stream HAILO_STREAM_NOT_ACTIVATED(72) (device: 0001:01:00.0)
[2026-05-07 04:26:11.705] [63864] [HailoRT] [info] [vdevice_native_stream.cpp:331] [read_impl] Failed read from stream HAILO_STREAM_NOT_ACTIVATED(72) (device: 0001:01:00.0)
[2026-05-07 04:26:11.707] [63858] [HailoRT] [info] [vdevice_native_stream.cpp:331] [read_impl] Failed read from stream HAILO_STREAM_NOT_ACTIVATED(72) (device: 0001:01:00.0)
[2026-05-07 04:26:11.705] [63870] [HailoRT] [info] [vdevice_native_stream.cpp:331] [read_impl] Failed read from stream HAILO_STREAM_NOT_ACTIVATED(72) (device: 0001:01:00.0)
[2026-05-07 04:26:11.708] [63853] [HailoRT] [info] [core_op.cpp:186] [deactivate] Deactivating took 2.799273 ms
[2026-05-07 04:26:11.708] [63853] [HailoRT] [info] [core_op.cpp:186] [deactivate] Deactivating took 2.853477 ms
[2026-05-07 04:26:11.708] [63854] [HailoRT] [info] [queue_elements.cpp:734] [run_in_thread] Shutdown event was signaled in run_pull of queue element PullQEl_hw_read3scrfd_2_5g/conv42!
[2026-05-07 04:26:11.708] [63855] [HailoRT] [info] [queue_elements.cpp:855] [run_in_thread] Shutdown event was signaled in dequeue of UserBuffQEl3scrfd_2_5g/conv42!
[2026-05-07 04:26:11.708] [63854] [HailoRT] [info] [queue_elements.cpp:68] [operator()] Thread in element PullQEl_hw_read3scrfd_2_5g/conv42 is not running anymore, exiting..
[2026-05-07 04:26:11.708] [63853] [HailoRT] [info] [queue_elements.cpp:46] [~BaseQueueElement] Queue element PullQEl_hw_read3scrfd_2_5g/conv42 has 0 frames in his Queue on destruction
[2026-05-07 04:26:11.708] [63855] [HailoRT] [info] [queue_elements.cpp:68] [operator()] Thread in element UserBuffQEl3scrfd_2_5g/conv42 is not running anymore, exiting..
[2026-05-07 04:26:11.708] [63853] [HailoRT] [info] [queue_elements.cpp:46] [~BaseQueueElement] Queue element UserBuffQEl3scrfd_2_5g/conv42 has 0 frames in his Queue on destruction
[2026-05-07 04:26:11.708] [63856] [HailoRT] [info] [queue_elements.cpp:734] [run_in_thread] Shutdown event was signaled in run_pull of queue element PullQEl_hw_read0scrfd_2_5g/conv43!
[2026-05-07 04:26:11.708] [63857] [HailoRT] [info] [queue_elements.cpp:855] [run_in_thread] Shutdown event was signaled in dequeue of UserBuffQEl0scrfd_2_5g/conv43!
[2026-05-07 04:26:11.708] [63856] [HailoRT] [info] [queue_elements.cpp:68] [operator()] Thread in element PullQEl_hw_read0scrfd_2_5g/conv43 is not running anymore, exiting..
[2026-05-07 04:26:11.708] [63853] [HailoRT] [info] [queue_elements.cpp:46] [~BaseQueueElement] Queue element PullQEl_hw_read0scrfd_2_5g/conv43 has 0 frames in his Queue on destruction
[2026-05-07 04:26:11.708] [63857] [HailoRT] [info] [queue_elements.cpp:68] [operator()] Thread in element UserBuffQEl0scrfd_2_5g/conv43 is not running anymore, exiting..
[2026-05-07 04:26:11.708] [63853] [HailoRT] [info] [queue_elements.cpp:46] [~BaseQueueElement] Queue element UserBuffQEl0scrfd_2_5g/conv43 has 0 frames in his Queue on destruction
[2026-05-07 04:26:11.708] [63859] [HailoRT] [info] [queue_elements.cpp:855] [run_in_thread] Shutdown event was signaled in dequeue of UserBuffQEl2scrfd_2_5g/conv44!
[2026-05-07 04:26:11.708] [63858] [HailoRT] [info] [queue_elements.cpp:734] [run_in_thread] Shutdown event was signaled in run_pull of queue element PullQEl_hw_read2scrfd_2_5g/conv44!
[2026-05-07 04:26:11.709] [63858] [HailoRT] [info] [queue_elements.cpp:68] [operator()] Thread in element PullQEl_hw_read2scrfd_2_5g/conv44 is not running anymore, exiting..
[2026-05-07 04:26:11.709] [63853] [HailoRT] [info] [queue_elements.cpp:46] [~BaseQueueElement] Queue element PullQEl_hw_read2scrfd_2_5g/conv44 has 0 frames in his Queue on destruction
[2026-05-07 04:26:11.709] [63859] [HailoRT] [info] [queue_elements.cpp:68] [operator()] Thread in element UserBuffQEl2scrfd_2_5g/conv44 is not running anymore, exiting..
[2026-05-07 04:26:11.709] [63853] [HailoRT] [info] [queue_elements.cpp:46] [~BaseQueueElement] Queue element UserBuffQEl2scrfd_2_5g/conv44 has 0 frames in his Queue on destruction
[2026-05-07 04:26:11.709] [63860] [HailoRT] [info] [queue_elements.cpp:734] [run_in_thread] Shutdown event was signaled in run_pull of queue element PullQEl_hw_read14scrfd_2_5g/conv49!
[2026-05-07 04:26:11.709] [63861] [HailoRT] [info] [queue_elements.cpp:855] [run_in_thread] Shutdown event was signaled in dequeue of UserBuffQEl14scrfd_2_5g/conv49!
[2026-05-07 04:26:11.709] [63860] [HailoRT] [info] [queue_elements.cpp:68] [operator()] Thread in element PullQEl_hw_read14scrfd_2_5g/conv49 is not running anymore, exiting..
[2026-05-07 04:26:11.709] [63853] [HailoRT] [info] [queue_elements.cpp:46] [~BaseQueueElement] Queue element PullQEl_hw_read14scrfd_2_5g/conv49 has 0 frames in his Queue on destruction
[2026-05-07 04:26:11.709] [63861] [HailoRT] [info] [queue_elements.cpp:68] [operator()] Thread in element UserBuffQEl14scrfd_2_5g/conv49 is not running anymore, exiting..
[2026-05-07 04:26:11.709] [63853] [HailoRT] [info] [queue_elements.cpp:46] [~BaseQueueElement] Queue element UserBuffQEl14scrfd_2_5g/conv49 has 0 frames in his Queue on destruction
[2026-05-07 04:26:11.709] [63863] [HailoRT] [info] [queue_elements.cpp:855] [run_in_thread] Shutdown event was signaled in dequeue of UserBuffQEl12scrfd_2_5g/conv50!
[2026-05-07 04:26:11.709] [63862] [HailoRT] [info] [queue_elements.cpp:734] [run_in_thread] Shutdown event was signaled in run_pull of queue element PullQEl_hw_read12scrfd_2_5g/conv50!
[2026-05-07 04:26:11.709] [63862] [HailoRT] [info] [queue_elements.cpp:68] [operator()] Thread in element PullQEl_hw_read12scrfd_2_5g/conv50 is not running anymore, exiting..
[2026-05-07 04:26:11.709] [63853] [HailoRT] [info] [queue_elements.cpp:46] [~BaseQueueElement] Queue element PullQEl_hw_read12scrfd_2_5g/conv50 has 0 frames in his Queue on destruction
[2026-05-07 04:26:11.709] [63863] [HailoRT] [info] [queue_elements.cpp:68] [operator()] Thread in element UserBuffQEl12scrfd_2_5g/conv50 is not running anymore, exiting..
[2026-05-07 04:26:11.709] [63853] [HailoRT] [info] [queue_elements.cpp:46] [~BaseQueueElement] Queue element UserBuffQEl12scrfd_2_5g/conv50 has 0 frames in his Queue on destruction
[2026-05-07 04:26:11.709] [63864] [HailoRT] [info] [queue_elements.cpp:734] [run_in_thread] Shutdown event was signaled in run_pull of queue element PullQEl_hw_read1scrfd_2_5g/conv51!
[2026-05-07 04:26:11.709] [63865] [HailoRT] [info] [queue_elements.cpp:855] [run_in_thread] Shutdown event was signaled in dequeue of UserBuffQEl1scrfd_2_5g/conv51!
[2026-05-07 04:26:11.709] [63864] [HailoRT] [info] [queue_elements.cpp:68] [operator()] Thread in element PullQEl_hw_read1scrfd_2_5g/conv51 is not running anymore, exiting..
[2026-05-07 04:26:11.709] [63853] [HailoRT] [info] [queue_elements.cpp:46] [~BaseQueueElement] Queue element PullQEl_hw_read1scrfd_2_5g/conv51 has 0 frames in his Queue on destruction
[2026-05-07 04:26:11.709] [63865] [HailoRT] [info] [queue_elements.cpp:68] [operator()] Thread in element UserBuffQEl1scrfd_2_5g/conv51 is not running anymore, exiting..
[2026-05-07 04:26:11.709] [63853] [HailoRT] [info] [queue_elements.cpp:46] [~BaseQueueElement] Queue element UserBuffQEl1scrfd_2_5g/conv51 has 0 frames in his Queue on destruction
[2026-05-07 04:26:11.709] [63866] [HailoRT] [info] [queue_elements.cpp:734] [run_in_thread] Shutdown event was signaled in run_pull of queue element PullQEl_hw_read10scrfd_2_5g/conv55!
[2026-05-07 04:26:11.709] [63867] [HailoRT] [info] [queue_elements.cpp:855] [run_in_thread] Shutdown event was signaled in dequeue of UserBuffQEl10scrfd_2_5g/conv55!
[2026-05-07 04:26:11.709] [63866] [HailoRT] [info] [queue_elements.cpp:68] [operator()] Thread in element PullQEl_hw_read10scrfd_2_5g/conv55 is not running anymore, exiting..
[2026-05-07 04:26:11.709] [63853] [HailoRT] [info] [queue_elements.cpp:46] [~BaseQueueElement] Queue element PullQEl_hw_read10scrfd_2_5g/conv55 has 0 frames in his Queue on destruction
[2026-05-07 04:26:11.709] [63867] [HailoRT] [info] [queue_elements.cpp:68] [operator()] Thread in element UserBuffQEl10scrfd_2_5g/conv55 is not running anymore, exiting..
[2026-05-07 04:26:11.709] [63853] [HailoRT] [info] [queue_elements.cpp:46] [~BaseQueueElement] Queue element UserBuffQEl10scrfd_2_5g/conv55 has 0 frames in his Queue on destruction
[2026-05-07 04:26:11.709] [63868] [HailoRT] [info] [queue_elements.cpp:734] [run_in_thread] Shutdown event was signaled in run_pull of queue element PullQEl_hw_read9scrfd_2_5g/conv56!
[2026-05-07 04:26:11.710] [63869] [HailoRT] [info] [queue_elements.cpp:855] [run_in_thread] Shutdown event was signaled in dequeue of UserBuffQEl9scrfd_2_5g/conv56!
[2026-05-07 04:26:11.710] [63868] [HailoRT] [info] [queue_elements.cpp:68] [operator()] Thread in element PullQEl_hw_read9scrfd_2_5g/conv56 is not running anymore, exiting..
[2026-05-07 04:26:11.710] [63853] [HailoRT] [info] [queue_elements.cpp:46] [~BaseQueueElement] Queue element PullQEl_hw_read9scrfd_2_5g/conv56 has 0 frames in his Queue on destruction
[2026-05-07 04:26:11.710] [63869] [HailoRT] [info] [queue_elements.cpp:68] [operator()] Thread in element UserBuffQEl9scrfd_2_5g/conv56 is not running anymore, exiting..
[2026-05-07 04:26:11.710] [63853] [HailoRT] [info] [queue_elements.cpp:46] [~BaseQueueElement] Queue element UserBuffQEl9scrfd_2_5g/conv56 has 0 frames in his Queue on destruction
[2026-05-07 04:26:11.710] [63871] [HailoRT] [info] [queue_elements.cpp:855] [run_in_thread] Shutdown event was signaled in dequeue of UserBuffQEl13scrfd_2_5g/conv57!
[2026-05-07 04:26:11.710] [63870] [HailoRT] [info] [queue_elements.cpp:734] [run_in_thread] Shutdown event was signaled in run_pull of queue element PullQEl_hw_read13scrfd_2_5g/conv57!
[2026-05-07 04:26:11.710] [63870] [HailoRT] [info] [queue_elements.cpp:68] [operator()] Thread in element PullQEl_hw_read13scrfd_2_5g/conv57 is not running anymore, exiting..
[2026-05-07 04:26:11.710] [63853] [HailoRT] [info] [queue_elements.cpp:46] [~BaseQueueElement] Queue element PullQEl_hw_read13scrfd_2_5g/conv57 has 0 frames in his Queue on destruction
[2026-05-07 04:26:11.710] [63871] [HailoRT] [info] [queue_elements.cpp:68] [operator()] Thread in element UserBuffQEl13scrfd_2_5g/conv57 is not running anymore, exiting..
[2026-05-07 04:26:11.710] [63853] [HailoRT] [info] [queue_elements.cpp:46] [~BaseQueueElement] Queue element UserBuffQEl13scrfd_2_5g/conv57 has 0 frames in his Queue on destruction
[2026-05-07 05:02:05.148] [5708] [HailoRT] [info] [vdevice.cpp:523] [create] Creating vdevice with params: device_count: 1, scheduling_algorithm: NONE, multi_process_service: false
[2026-05-07 05:02:05.168] [5708] [HailoRT] [info] [device.cpp:49] [Device] OS Version: Linux 6.12.75+rpt-rpi-2712 #1 SMP PREEMPT Debian 1:6.12.75-1+rpt1~bookworm (2026-03-11) aarch64
[2026-05-07 05:02:05.169] [5708] [HailoRT] [info] [control.cpp:108] [control__parse_identify_results] firmware_version is: 4.20.0
[2026-05-07 05:02:05.169] [5708] [HailoRT] [info] [vdevice.cpp:651] [create] VDevice Infos: 0001:01:00.0
[2026-05-07 05:02:05.180] [5708] [HailoRT] [info] [internal_buffer_manager.cpp:204] [print_execution_results] Planned internal buffer memory: CMA memory 0, user memory 462336. memory to edge layer usage factor is 1
[2026-05-07 05:02:05.180] [5708] [HailoRT] [info] [internal_buffer_manager.cpp:212] [print_execution_results] Default Internal buffer planner executed successfully
[2026-05-07 05:02:05.196] [5708] [HailoRT] [info] [device_internal.cpp:57] [configure] Configuring HEF took 26.328987 milliseconds
[2026-05-07 05:02:05.197] [5708] [HailoRT] [info] [vdevice.cpp:749] [configure] Configuring HEF on VDevice took 27.698916 milliseconds
[2026-05-07 05:02:05.197] [5708] [HailoRT] [info] [hef.cpp:1929] [get_network_group_and_network_name] No name was given. Addressing all networks of default network_group: scrfd_2_5g
[2026-05-07 05:02:05.343] [5733] [HailoRT] [info] [edge_elements.cpp:52] [create] Created (HwWriteEl3scrfd_2_5g/input_layer1 | hw_frame_size: 1228800)
[2026-05-07 05:02:05.343] [5733] [HailoRT] [info] [vstream.cpp:754] [InputVStreamImpl] Creating scrfd_2_5g/input_layer1...
[2026-05-07 05:02:05.343] [5733] [HailoRT] [info] [vstream_builder.cpp:102] [create_inputs] Input pipeline 'scrfd_2_5g/input_layer1': (HwWriteEl3scrfd_2_5g/input_layer1 | hw_frame_size: 1228800) >> HW
[2026-05-07 05:02:05.343] [5733] [HailoRT] [info] [edge_elements.cpp:287] [create] Created (HwReadEl3scrfd_2_5g/conv42 | hw_frame_size: 12800)
[2026-05-07 05:02:05.344] [5733] [HailoRT] [info] [queue_elements.cpp:657] [create] Created (PullQEl_hw_read3scrfd_2_5g/conv42)
[2026-05-07 05:02:05.344] [5733] [HailoRT] [info] [filter_elements.cpp:375] [create] Created (PostInferEl3scrfd_2_5g/conv42 | Quantization - src_type: UINT8, dst_type FLOAT32, limvals_min: 0, limvals_max: 1)
[2026-05-07 05:02:05.344] [5733] [HailoRT] [info] [queue_elements.cpp:800] [create] Created (UserBuffQEl3scrfd_2_5g/conv42 | timeout: 60s)
[2026-05-07 05:02:05.344] [5733] [HailoRT] [info] [vstream.cpp:1114] [OutputVStreamImpl] Creating scrfd_2_5g/conv42...
[2026-05-07 05:02:05.344] [5733] [HailoRT] [info] [vstream_builder.cpp:220] [create_outputs] Output pipeline 'scrfd_2_5g/conv42': HW >> (HwReadEl3scrfd_2_5g/conv42 | hw_frame_size: 12800) >> (PullQEl_hw_read3scrfd_2_5g/conv42) >> (PostInferEl3scrfd_2_5g/conv42 | Quantization - src_type: UINT8, dst_type FLOAT32, limvals_min: 0, limvals_max: 1) >> (UserBuffQEl3scrfd_2_5g/conv42 | timeout: 60s)
[2026-05-07 05:02:05.344] [5733] [HailoRT] [info] [edge_elements.cpp:287] [create] Created (HwReadEl0scrfd_2_5g/conv43 | hw_frame_size: 51200)
[2026-05-07 05:02:05.344] [5733] [HailoRT] [info] [queue_elements.cpp:657] [create] Created (PullQEl_hw_read0scrfd_2_5g/conv43)
[2026-05-07 05:02:05.344] [5733] [HailoRT] [info] [filter_elements.cpp:375] [create] Created (PostInferEl0scrfd_2_5g/conv43 | Quantization - src_type: UINT8, dst_type FLOAT32, limvals_min: -0.0793963, limvals_max: 4.98212)
[2026-05-07 05:02:05.344] [5733] [HailoRT] [info] [queue_elements.cpp:800] [create] Created (UserBuffQEl0scrfd_2_5g/conv43 | timeout: 60s)
[2026-05-07 05:02:05.344] [5733] [HailoRT] [info] [vstream.cpp:1114] [OutputVStreamImpl] Creating scrfd_2_5g/conv43...
[2026-05-07 05:02:05.344] [5733] [HailoRT] [info] [vstream_builder.cpp:220] [create_outputs] Output pipeline 'scrfd_2_5g/conv43': HW >> (HwReadEl0scrfd_2_5g/conv43 | hw_frame_size: 51200) >> (PullQEl_hw_read0scrfd_2_5g/conv43) >> (PostInferEl0scrfd_2_5g/conv43 | Quantization - src_type: UINT8, dst_type FLOAT32, limvals_min: -0.0793963, limvals_max: 4.98212) >> (UserBuffQEl0scrfd_2_5g/conv43 | timeout: 60s)
[2026-05-07 05:02:05.345] [5733] [HailoRT] [info] [edge_elements.cpp:287] [create] Created (HwReadEl2scrfd_2_5g/conv44 | hw_frame_size: 153600)
[2026-05-07 05:02:05.345] [5733] [HailoRT] [info] [queue_elements.cpp:657] [create] Created (PullQEl_hw_read2scrfd_2_5g/conv44)
[2026-05-07 05:02:05.345] [5733] [HailoRT] [info] [filter_elements.cpp:375] [create] Created (PostInferEl2scrfd_2_5g/conv44 | Quantization - src_type: UINT8, dst_type FLOAT32, limvals_min: -3.16292, limvals_max: 3.50274 | Reorder - src_order: FCR, src_shape: (80, 80, 24), dst_order: FCR, dst_shape: (80, 80, 20))
[2026-05-07 05:02:05.346] [5733] [HailoRT] [info] [queue_elements.cpp:800] [create] Created (UserBuffQEl2scrfd_2_5g/conv44 | timeout: 60s)
[2026-05-07 05:02:05.346] [5733] [HailoRT] [info] [vstream.cpp:1114] [OutputVStreamImpl] Creating scrfd_2_5g/conv44...
[2026-05-07 05:02:05.346] [5733] [HailoRT] [info] [vstream_builder.cpp:220] [create_outputs] Output pipeline 'scrfd_2_5g/conv44': HW >> (HwReadEl2scrfd_2_5g/conv44 | hw_frame_size: 153600) >> (PullQEl_hw_read2scrfd_2_5g/conv44) >> (PostInferEl2scrfd_2_5g/conv44 | Quantization - src_type: UINT8, dst_type FLOAT32, limvals_min: -3.16292, limvals_max: 3.50274 | Reorder - src_order: FCR, src_shape: (80, 80, 24), dst_order: FCR, dst_shape: (80, 80, 20)) >> (UserBuffQEl2scrfd_2_5g/conv44 | timeout: 60s)
[2026-05-07 05:02:05.346] [5733] [HailoRT] [info] [edge_elements.cpp:287] [create] Created (HwReadEl14scrfd_2_5g/conv49 | hw_frame_size: 3200)
[2026-05-07 05:02:05.346] [5733] [HailoRT] [info] [queue_elements.cpp:657] [create] Created (PullQEl_hw_read14scrfd_2_5g/conv49)
[2026-05-07 05:02:05.346] [5733] [HailoRT] [info] [filter_elements.cpp:375] [create] Created (PostInferEl14scrfd_2_5g/conv49 | Quantization - src_type: UINT8, dst_type FLOAT32, limvals_min: 0, limvals_max: 1)
[2026-05-07 05:02:05.346] [5733] [HailoRT] [info] [queue_elements.cpp:800] [create] Created (UserBuffQEl14scrfd_2_5g/conv49 | timeout: 60s)
[2026-05-07 05:02:05.346] [5733] [HailoRT] [info] [vstream.cpp:1114] [OutputVStreamImpl] Creating scrfd_2_5g/conv49...
[2026-05-07 05:02:05.346] [5733] [HailoRT] [info] [vstream_builder.cpp:220] [create_outputs] Output pipeline 'scrfd_2_5g/conv49': HW >> (HwReadEl14scrfd_2_5g/conv49 | hw_frame_size: 3200) >> (PullQEl_hw_read14scrfd_2_5g/conv49) >> (PostInferEl14scrfd_2_5g/conv49 | Quantization - src_type: UINT8, dst_type FLOAT32, limvals_min: 0, limvals_max: 1) >> (UserBuffQEl14scrfd_2_5g/conv49 | timeout: 60s)
[2026-05-07 05:02:05.346] [5733] [HailoRT] [info] [edge_elements.cpp:287] [create] Created (HwReadEl12scrfd_2_5g/conv50 | hw_frame_size: 12800)
[2026-05-07 05:02:05.346] [5733] [HailoRT] [info] [queue_elements.cpp:657] [create] Created (PullQEl_hw_read12scrfd_2_5g/conv50)
[2026-05-07 05:02:05.346] [5733] [HailoRT] [info] [filter_elements.cpp:375] [create] Created (PostInferEl12scrfd_2_5g/conv50 | Quantization - src_type: UINT8, dst_type FLOAT32, limvals_min: 0, limvals_max: 8.10626)
[2026-05-07 05:02:05.346] [5733] [HailoRT] [info] [queue_elements.cpp:800] [create] Created (UserBuffQEl12scrfd_2_5g/conv50 | timeout: 60s)
[2026-05-07 05:02:05.346] [5733] [HailoRT] [info] [vstream.cpp:1114] [OutputVStreamImpl] Creating scrfd_2_5g/conv50...
[2026-05-07 05:02:05.346] [5733] [HailoRT] [info] [vstream_builder.cpp:220] [create_outputs] Output pipeline 'scrfd_2_5g/conv50': HW >> (HwReadEl12scrfd_2_5g/conv50 | hw_frame_size: 12800) >> (PullQEl_hw_read12scrfd_2_5g/conv50) >> (PostInferEl12scrfd_2_5g/conv50 | Quantization - src_type: UINT8, dst_type FLOAT32, limvals_min: 0, limvals_max: 8.10626) >> (UserBuffQEl12scrfd_2_5g/conv50 | timeout: 60s)
[2026-05-07 05:02:05.346] [5733] [HailoRT] [info] [edge_elements.cpp:287] [create] Created (HwReadEl1scrfd_2_5g/conv51 | hw_frame_size: 38400)
[2026-05-07 05:02:05.346] [5733] [HailoRT] [info] [queue_elements.cpp:657] [create] Created (PullQEl_hw_read1scrfd_2_5g/conv51)
[2026-05-07 05:02:05.346] [5733] [HailoRT] [info] [filter_elements.cpp:375] [create] Created (PostInferEl1scrfd_2_5g/conv51 | Quantization - src_type: UINT8, dst_type FLOAT32, limvals_min: -4.24698, limvals_max: 5.17024 | Reorder - src_order: FCR, src_shape: (40, 40, 24), dst_order: FCR, dst_shape: (40, 40, 20))
[2026-05-07 05:02:05.346] [5733] [HailoRT] [info] [queue_elements.cpp:800] [create] Created (UserBuffQEl1scrfd_2_5g/conv51 | timeout: 60s)
[2026-05-07 05:02:05.346] [5733] [HailoRT] [info] [vstream.cpp:1114] [OutputVStreamImpl] Creating scrfd_2_5g/conv51...
[2026-05-07 05:02:05.346] [5733] [HailoRT] [info] [vstream_builder.cpp:220] [create_outputs] Output pipeline 'scrfd_2_5g/conv51': HW >> (HwReadEl1scrfd_2_5g/conv51 | hw_frame_size: 38400) >> (PullQEl_hw_read1scrfd_2_5g/conv51) >> (PostInferEl1scrfd_2_5g/conv51 | Quantization - src_type: UINT8, dst_type FLOAT32, limvals_min: -4.24698, limvals_max: 5.17024 | Reorder - src_order: FCR, src_shape: (40, 40, 24), dst_order: FCR, dst_shape: (40, 40, 20)) >> (UserBuffQEl1scrfd_2_5g/conv51 | timeout: 60s)
[2026-05-07 05:02:05.346] [5733] [HailoRT] [info] [edge_elements.cpp:287] [create] Created (HwReadEl10scrfd_2_5g/conv55 | hw_frame_size: 800)
[2026-05-07 05:02:05.346] [5733] [HailoRT] [info] [queue_elements.cpp:657] [create] Created (PullQEl_hw_read10scrfd_2_5g/conv55)
[2026-05-07 05:02:05.346] [5733] [HailoRT] [info] [filter_elements.cpp:375] [create] Created (PostInferEl10scrfd_2_5g/conv55 | Quantization - src_type: UINT8, dst_type FLOAT32, limvals_min: 0, limvals_max: 1 | Reorder - src_order: NHCW, src_shape: (20, 20, 2), dst_order: NHWC, dst_shape: (20, 20, 2))
[2026-05-07 05:02:05.346] [5733] [HailoRT] [info] [queue_elements.cpp:800] [create] Created (UserBuffQEl10scrfd_2_5g/conv55 | timeout: 60s)
[2026-05-07 05:02:05.346] [5733] [HailoRT] [info] [vstream.cpp:1114] [OutputVStreamImpl] Creating scrfd_2_5g/conv55...
[2026-05-07 05:02:05.346] [5733] [HailoRT] [info] [vstream_builder.cpp:220] [create_outputs] Output pipeline 'scrfd_2_5g/conv55': HW >> (HwReadEl10scrfd_2_5g/conv55 | hw_frame_size: 800) >> (PullQEl_hw_read10scrfd_2_5g/conv55) >> (PostInferEl10scrfd_2_5g/conv55 | Quantization - src_type: UINT8, dst_type FLOAT32, limvals_min: 0, limvals_max: 1 | Reorder - src_order: NHCW, src_shape: (20, 20, 2), dst_order: NHWC, dst_shape: (20, 20, 2)) >> (UserBuffQEl10scrfd_2_5g/conv55 | timeout: 60s)
[2026-05-07 05:02:05.346] [5733] [HailoRT] [info] [edge_elements.cpp:287] [create] Created (HwReadEl9scrfd_2_5g/conv56 | hw_frame_size: 3200)
[2026-05-07 05:02:05.346] [5733] [HailoRT] [info] [queue_elements.cpp:657] [create] Created (PullQEl_hw_read9scrfd_2_5g/conv56)
[2026-05-07 05:02:05.346] [5733] [HailoRT] [info] [filter_elements.cpp:375] [create] Created (PostInferEl9scrfd_2_5g/conv56 | Quantization - src_type: UINT8, dst_type FLOAT32, limvals_min: -0.0299247, limvals_max: 7.60086 | Reorder - src_order: NHCW, src_shape: (20, 20, 8), dst_order: NHWC, dst_shape: (20, 20, 8))
[2026-05-07 05:02:05.347] [5733] [HailoRT] [info] [queue_elements.cpp:800] [create] Created (UserBuffQEl9scrfd_2_5g/conv56 | timeout: 60s)
[2026-05-07 05:02:05.347] [5733] [HailoRT] [info] [vstream.cpp:1114] [OutputVStreamImpl] Creating scrfd_2_5g/conv56...
[2026-05-07 05:02:05.347] [5733] [HailoRT] [info] [vstream_builder.cpp:220] [create_outputs] Output pipeline 'scrfd_2_5g/conv56': HW >> (HwReadEl9scrfd_2_5g/conv56 | hw_frame_size: 3200) >> (PullQEl_hw_read9scrfd_2_5g/conv56) >> (PostInferEl9scrfd_2_5g/conv56 | Quantization - src_type: UINT8, dst_type FLOAT32, limvals_min: -0.0299247, limvals_max: 7.60086 | Reorder - src_order: NHCW, src_shape: (20, 20, 8), dst_order: NHWC, dst_shape: (20, 20, 8)) >> (UserBuffQEl9scrfd_2_5g/conv56 | timeout: 60s)
[2026-05-07 05:02:05.347] [5733] [HailoRT] [info] [edge_elements.cpp:287] [create] Created (HwReadEl13scrfd_2_5g/conv57 | hw_frame_size: 9600)
[2026-05-07 05:02:05.347] [5733] [HailoRT] [info] [queue_elements.cpp:657] [create] Created (PullQEl_hw_read13scrfd_2_5g/conv57)
[2026-05-07 05:02:05.347] [5733] [HailoRT] [info] [filter_elements.cpp:375] [create] Created (PostInferEl13scrfd_2_5g/conv57 | Quantization - src_type: UINT8, dst_type FLOAT32, limvals_min: -4.03285, limvals_max: 5.14908 | Reorder - src_order: FCR, src_shape: (20, 20, 24), dst_order: FCR, dst_shape: (20, 20, 20))
[2026-05-07 05:02:05.347] [5733] [HailoRT] [info] [queue_elements.cpp:800] [create] Created (UserBuffQEl13scrfd_2_5g/conv57 | timeout: 60s)
[2026-05-07 05:02:05.347] [5733] [HailoRT] [info] [vstream.cpp:1114] [OutputVStreamImpl] Creating scrfd_2_5g/conv57...
[2026-05-07 05:02:05.347] [5733] [HailoRT] [info] [vstream_builder.cpp:220] [create_outputs] Output pipeline 'scrfd_2_5g/conv57': HW >> (HwReadEl13scrfd_2_5g/conv57 | hw_frame_size: 9600) >> (PullQEl_hw_read13scrfd_2_5g/conv57) >> (PostInferEl13scrfd_2_5g/conv57 | Quantization - src_type: UINT8, dst_type FLOAT32, limvals_min: -4.03285, limvals_max: 5.14908 | Reorder - src_order: FCR, src_shape: (20, 20, 24), dst_order: FCR, dst_shape: (20, 20, 20)) >> (UserBuffQEl13scrfd_2_5g/conv57 | timeout: 60s)
[2026-05-07 05:02:05.348] [5733] [HailoRT] [info] [core_op.cpp:156] [activate] Activating scrfd_2_5g took 0.494503 milliseconds. Note that the function is asynchronous and thus the network is not fully activated yet.
[2026-05-07 05:02:05.348] [5733] [HailoRT] [info] [core_op.cpp:156] [activate] Activating scrfd_2_5g took 0.503855 milliseconds. Note that the function is asynchronous and thus the network is not fully activated yet.
[2026-05-07 05:10:53.109] [94700] [HailoRT] [info] [vdevice.cpp:523] [create] Creating vdevice with params: device_count: 1, scheduling_algorithm: NONE, multi_process_service: false
[2026-05-07 05:10:53.121] [94700] [HailoRT] [info] [device.cpp:49] [Device] OS Version: Linux 6.12.75+rpt-rpi-2712 #1 SMP PREEMPT Debian 1:6.12.75-1+rpt1~bookworm (2026-03-11) aarch64
[2026-05-07 05:10:53.122] [94700] [HailoRT] [info] [control.cpp:108] [control__parse_identify_results] firmware_version is: 4.20.0
[2026-05-07 05:10:53.122] [94700] [HailoRT] [info] [vdevice.cpp:651] [create] VDevice Infos: 0001:01:00.0
[2026-05-07 05:10:53.129] [94700] [HailoRT] [info] [internal_buffer_manager.cpp:204] [print_execution_results] Planned internal buffer memory: CMA memory 0, user memory 462336. memory to edge layer usage factor is 1
[2026-05-07 05:10:53.129] [94700] [HailoRT] [info] [internal_buffer_manager.cpp:212] [print_execution_results] Default Internal buffer planner executed successfully
[2026-05-07 05:10:53.145] [94700] [HailoRT] [info] [device_internal.cpp:57] [configure] Configuring HEF took 21.860555 milliseconds
[2026-05-07 05:10:53.145] [94700] [HailoRT] [info] [vdevice.cpp:749] [configure] Configuring HEF on VDevice took 22.269558 milliseconds
[2026-05-07 05:10:53.145] [94700] [HailoRT] [info] [hef.cpp:1929] [get_network_group_and_network_name] No name was given. Addressing all networks of default network_group: scrfd_2_5g
[2026-05-07 05:10:53.177] [94716] [HailoRT] [info] [edge_elements.cpp:52] [create] Created (HwWriteEl3scrfd_2_5g/input_layer1 | hw_frame_size: 1228800)
[2026-05-07 05:10:53.177] [94716] [HailoRT] [info] [vstream.cpp:754] [InputVStreamImpl] Creating scrfd_2_5g/input_layer1...
[2026-05-07 05:10:53.177] [94716] [HailoRT] [info] [vstream_builder.cpp:102] [create_inputs] Input pipeline 'scrfd_2_5g/input_layer1': (HwWriteEl3scrfd_2_5g/input_layer1 | hw_frame_size: 1228800) >> HW
[2026-05-07 05:10:53.177] [94716] [HailoRT] [info] [edge_elements.cpp:287] [create] Created (HwReadEl3scrfd_2_5g/conv42 | hw_frame_size: 12800)
[2026-05-07 05:10:53.177] [94716] [HailoRT] [info] [queue_elements.cpp:657] [create] Created (PullQEl_hw_read3scrfd_2_5g/conv42)
[2026-05-07 05:10:53.177] [94716] [HailoRT] [info] [filter_elements.cpp:375] [create] Created (PostInferEl3scrfd_2_5g/conv42 | Quantization - src_type: UINT8, dst_type FLOAT32, limvals_min: 0, limvals_max: 1)
[2026-05-07 05:10:53.177] [94716] [HailoRT] [info] [queue_elements.cpp:800] [create] Created (UserBuffQEl3scrfd_2_5g/conv42 | timeout: 60s)
[2026-05-07 05:10:53.177] [94716] [HailoRT] [info] [vstream.cpp:1114] [OutputVStreamImpl] Creating scrfd_2_5g/conv42...
[2026-05-07 05:10:53.177] [94716] [HailoRT] [info] [vstream_builder.cpp:220] [create_outputs] Output pipeline 'scrfd_2_5g/conv42': HW >> (HwReadEl3scrfd_2_5g/conv42 | hw_frame_size: 12800) >> (PullQEl_hw_read3scrfd_2_5g/conv42) >> (PostInferEl3scrfd_2_5g/conv42 | Quantization - src_type: UINT8, dst_type FLOAT32, limvals_min: 0, limvals_max: 1) >> (UserBuffQEl3scrfd_2_5g/conv42 | timeout: 60s)
[2026-05-07 05:10:53.178] [94716] [HailoRT] [info] [edge_elements.cpp:287] [create] Created (HwReadEl0scrfd_2_5g/conv43 | hw_frame_size: 51200)
[2026-05-07 05:10:53.178] [94716] [HailoRT] [info] [queue_elements.cpp:657] [create] Created (PullQEl_hw_read0scrfd_2_5g/conv43)
[2026-05-07 05:10:53.178] [94716] [HailoRT] [info] [filter_elements.cpp:375] [create] Created (PostInferEl0scrfd_2_5g/conv43 | Quantization - src_type: UINT8, dst_type FLOAT32, limvals_min: -0.0793963, limvals_max: 4.98212)
[2026-05-07 05:10:53.178] [94716] [HailoRT] [info] [queue_elements.cpp:800] [create] Created (UserBuffQEl0scrfd_2_5g/conv43 | timeout: 60s)
[2026-05-07 05:10:53.178] [94716] [HailoRT] [info] [vstream.cpp:1114] [OutputVStreamImpl] Creating scrfd_2_5g/conv43...
[2026-05-07 05:10:53.178] [94716] [HailoRT] [info] [vstream_builder.cpp:220] [create_outputs] Output pipeline 'scrfd_2_5g/conv43': HW >> (HwReadEl0scrfd_2_5g/conv43 | hw_frame_size: 51200) >> (PullQEl_hw_read0scrfd_2_5g/conv43) >> (PostInferEl0scrfd_2_5g/conv43 | Quantization - src_type: UINT8, dst_type FLOAT32, limvals_min: -0.0793963, limvals_max: 4.98212) >> (UserBuffQEl0scrfd_2_5g/conv43 | timeout: 60s)
[2026-05-07 05:10:53.178] [94716] [HailoRT] [info] [edge_elements.cpp:287] [create] Created (HwReadEl2scrfd_2_5g/conv44 | hw_frame_size: 153600)
[2026-05-07 05:10:53.178] [94716] [HailoRT] [info] [queue_elements.cpp:657] [create] Created (PullQEl_hw_read2scrfd_2_5g/conv44)
[2026-05-07 05:10:53.178] [94716] [HailoRT] [info] [filter_elements.cpp:375] [create] Created (PostInferEl2scrfd_2_5g/conv44 | Quantization - src_type: UINT8, dst_type FLOAT32, limvals_min: -3.16292, limvals_max: 3.50274 | Reorder - src_order: FCR, src_shape: (80, 80, 24), dst_order: FCR, dst_shape: (80, 80, 20))
[2026-05-07 05:10:53.178] [94716] [HailoRT] [info] [queue_elements.cpp:800] [create] Created (UserBuffQEl2scrfd_2_5g/conv44 | timeout: 60s)
[2026-05-07 05:10:53.178] [94716] [HailoRT] [info] [vstream.cpp:1114] [OutputVStreamImpl] Creating scrfd_2_5g/conv44...
[2026-05-07 05:10:53.178] [94716] [HailoRT] [info] [vstream_builder.cpp:220] [create_outputs] Output pipeline 'scrfd_2_5g/conv44': HW >> (HwReadEl2scrfd_2_5g/conv44 | hw_frame_size: 153600) >> (PullQEl_hw_read2scrfd_2_5g/conv44) >> (PostInferEl2scrfd_2_5g/conv44 | Quantization - src_type: UINT8, dst_type FLOAT32, limvals_min: -3.16292, limvals_max: 3.50274 | Reorder - src_order: FCR, src_shape: (80, 80, 24), dst_order: FCR, dst_shape: (80, 80, 20)) >> (UserBuffQEl2scrfd_2_5g/conv44 | timeout: 60s)
[2026-05-07 05:10:53.178] [94716] [HailoRT] [info] [edge_elements.cpp:287] [create] Created (HwReadEl14scrfd_2_5g/conv49 | hw_frame_size: 3200)
[2026-05-07 05:10:53.178] [94716] [HailoRT] [info] [queue_elements.cpp:657] [create] Created (PullQEl_hw_read14scrfd_2_5g/conv49)
[2026-05-07 05:10:53.178] [94716] [HailoRT] [info] [filter_elements.cpp:375] [create] Created (PostInferEl14scrfd_2_5g/conv49 | Quantization - src_type: UINT8, dst_type FLOAT32, limvals_min: 0, limvals_max: 1)
[2026-05-07 05:10:53.179] [94716] [HailoRT] [info] [queue_elements.cpp:800] [create] Created (UserBuffQEl14scrfd_2_5g/conv49 | timeout: 60s)
[2026-05-07 05:10:53.179] [94716] [HailoRT] [info] [vstream.cpp:1114] [OutputVStreamImpl] Creating scrfd_2_5g/conv49...
[2026-05-07 05:10:53.179] [94716] [HailoRT] [info] [vstream_builder.cpp:220] [create_outputs] Output pipeline 'scrfd_2_5g/conv49': HW >> (HwReadEl14scrfd_2_5g/conv49 | hw_frame_size: 3200) >> (PullQEl_hw_read14scrfd_2_5g/conv49) >> (PostInferEl14scrfd_2_5g/conv49 | Quantization - src_type: UINT8, dst_type FLOAT32, limvals_min: 0, limvals_max: 1) >> (UserBuffQEl14scrfd_2_5g/conv49 | timeout: 60s)
[2026-05-07 05:10:53.179] [94716] [HailoRT] [info] [edge_elements.cpp:287] [create] Created (HwReadEl12scrfd_2_5g/conv50 | hw_frame_size: 12800)
[2026-05-07 05:10:53.179] [94716] [HailoRT] [info] [queue_elements.cpp:657] [create] Created (PullQEl_hw_read12scrfd_2_5g/conv50)
[2026-05-07 05:10:53.179] [94716] [HailoRT] [info] [filter_elements.cpp:375] [create] Created (PostInferEl12scrfd_2_5g/conv50 | Quantization - src_type: UINT8, dst_type FLOAT32, limvals_min: 0, limvals_max: 8.10626)
[2026-05-07 05:10:53.179] [94716] [HailoRT] [info] [queue_elements.cpp:800] [create] Created (UserBuffQEl12scrfd_2_5g/conv50 | timeout: 60s)
[2026-05-07 05:10:53.179] [94716] [HailoRT] [info] [vstream.cpp:1114] [OutputVStreamImpl] Creating scrfd_2_5g/conv50...
[2026-05-07 05:10:53.179] [94716] [HailoRT] [info] [vstream_builder.cpp:220] [create_outputs] Output pipeline 'scrfd_2_5g/conv50': HW >> (HwReadEl12scrfd_2_5g/conv50 | hw_frame_size: 12800) >> (PullQEl_hw_read12scrfd_2_5g/conv50) >> (PostInferEl12scrfd_2_5g/conv50 | Quantization - src_type: UINT8, dst_type FLOAT32, limvals_min: 0, limvals_max: 8.10626) >> (UserBuffQEl12scrfd_2_5g/conv50 | timeout: 60s)
[2026-05-07 05:10:53.179] [94716] [HailoRT] [info] [edge_elements.cpp:287] [create] Created (HwReadEl1scrfd_2_5g/conv51 | hw_frame_size: 38400)
[2026-05-07 05:10:53.179] [94716] [HailoRT] [info] [queue_elements.cpp:657] [create] Created (PullQEl_hw_read1scrfd_2_5g/conv51)
[2026-05-07 05:10:53.179] [94716] [HailoRT] [info] [filter_elements.cpp:375] [create] Created (PostInferEl1scrfd_2_5g/conv51 | Quantization - src_type: UINT8, dst_type FLOAT32, limvals_min: -4.24698, limvals_max: 5.17024 | Reorder - src_order: FCR, src_shape: (40, 40, 24), dst_order: FCR, dst_shape: (40, 40, 20))
[2026-05-07 05:10:53.179] [94716] [HailoRT] [info] [queue_elements.cpp:800] [create] Created (UserBuffQEl1scrfd_2_5g/conv51 | timeout: 60s)
[2026-05-07 05:10:53.179] [94716] [HailoRT] [info] [vstream.cpp:1114] [OutputVStreamImpl] Creating scrfd_2_5g/conv51...
[2026-05-07 05:10:53.179] [94716] [HailoRT] [info] [vstream_builder.cpp:220] [create_outputs] Output pipeline 'scrfd_2_5g/conv51': HW >> (HwReadEl1scrfd_2_5g/conv51 | hw_frame_size: 38400) >> (PullQEl_hw_read1scrfd_2_5g/conv51) >> (PostInferEl1scrfd_2_5g/conv51 | Quantization - src_type: UINT8, dst_type FLOAT32, limvals_min: -4.24698, limvals_max: 5.17024 | Reorder - src_order: FCR, src_shape: (40, 40, 24), dst_order: FCR, dst_shape: (40, 40, 20)) >> (UserBuffQEl1scrfd_2_5g/conv51 | timeout: 60s)
[2026-05-07 05:10:53.179] [94716] [HailoRT] [info] [edge_elements.cpp:287] [create] Created (HwReadEl10scrfd_2_5g/conv55 | hw_frame_size: 800)
[2026-05-07 05:10:53.179] [94716] [HailoRT] [info] [queue_elements.cpp:657] [create] Created (PullQEl_hw_read10scrfd_2_5g/conv55)
[2026-05-07 05:10:53.179] [94716] [HailoRT] [info] [filter_elements.cpp:375] [create] Created (PostInferEl10scrfd_2_5g/conv55 | Quantization - src_type: UINT8, dst_type FLOAT32, limvals_min: 0, limvals_max: 1 | Reorder - src_order: NHCW, src_shape: (20, 20, 2), dst_order: NHWC, dst_shape: (20, 20, 2))
[2026-05-07 05:10:53.179] [94716] [HailoRT] [info] [queue_elements.cpp:800] [create] Created (UserBuffQEl10scrfd_2_5g/conv55 | timeout: 60s)
[2026-05-07 05:10:53.179] [94716] [HailoRT] [info] [vstream.cpp:1114] [OutputVStreamImpl] Creating scrfd_2_5g/conv55...
[2026-05-07 05:10:53.179] [94716] [HailoRT] [info] [vstream_builder.cpp:220] [create_outputs] Output pipeline 'scrfd_2_5g/conv55': HW >> (HwReadEl10scrfd_2_5g/conv55 | hw_frame_size: 800) >> (PullQEl_hw_read10scrfd_2_5g/conv55) >> (PostInferEl10scrfd_2_5g/conv55 | Quantization - src_type: UINT8, dst_type FLOAT32, limvals_min: 0, limvals_max: 1 | Reorder - src_order: NHCW, src_shape: (20, 20, 2), dst_order: NHWC, dst_shape: (20, 20, 2)) >> (UserBuffQEl10scrfd_2_5g/conv55 | timeout: 60s)
[2026-05-07 05:10:53.179] [94716] [HailoRT] [info] [edge_elements.cpp:287] [create] Created (HwReadEl9scrfd_2_5g/conv56 | hw_frame_size: 3200)
[2026-05-07 05:10:53.179] [94716] [HailoRT] [info] [queue_elements.cpp:657] [create] Created (PullQEl_hw_read9scrfd_2_5g/conv56)
[2026-05-07 05:10:53.179] [94716] [HailoRT] [info] [filter_elements.cpp:375] [create] Created (PostInferEl9scrfd_2_5g/conv56 | Quantization - src_type: UINT8, dst_type FLOAT32, limvals_min: -0.0299247, limvals_max: 7.60086 | Reorder - src_order: NHCW, src_shape: (20, 20, 8), dst_order: NHWC, dst_shape: (20, 20, 8))
[2026-05-07 05:10:53.179] [94716] [HailoRT] [info] [queue_elements.cpp:800] [create] Created (UserBuffQEl9scrfd_2_5g/conv56 | timeout: 60s)
[2026-05-07 05:10:53.179] [94716] [HailoRT] [info] [vstream.cpp:1114] [OutputVStreamImpl] Creating scrfd_2_5g/conv56...
[2026-05-07 05:10:53.179] [94716] [HailoRT] [info] [vstream_builder.cpp:220] [create_outputs] Output pipeline 'scrfd_2_5g/conv56': HW >> (HwReadEl9scrfd_2_5g/conv56 | hw_frame_size: 3200) >> (PullQEl_hw_read9scrfd_2_5g/conv56) >> (PostInferEl9scrfd_2_5g/conv56 | Quantization - src_type: UINT8, dst_type FLOAT32, limvals_min: -0.0299247, limvals_max: 7.60086 | Reorder - src_order: NHCW, src_shape: (20, 20, 8), dst_order: NHWC, dst_shape: (20, 20, 8)) >> (UserBuffQEl9scrfd_2_5g/conv56 | timeout: 60s)
[2026-05-07 05:10:53.180] [94716] [HailoRT] [info] [edge_elements.cpp:287] [create] Created (HwReadEl13scrfd_2_5g/conv57 | hw_frame_size: 9600)
[2026-05-07 05:10:53.180] [94716] [HailoRT] [info] [queue_elements.cpp:657] [create] Created (PullQEl_hw_read13scrfd_2_5g/conv57)
[2026-05-07 05:10:53.180] [94716] [HailoRT] [info] [filter_elements.cpp:375] [create] Created (PostInferEl13scrfd_2_5g/conv57 | Quantization - src_type: UINT8, dst_type FLOAT32, limvals_min: -4.03285, limvals_max: 5.14908 | Reorder - src_order: FCR, src_shape: (20, 20, 24), dst_order: FCR, dst_shape: (20, 20, 20))
[2026-05-07 05:10:53.180] [94716] [HailoRT] [info] [queue_elements.cpp:800] [create] Created (UserBuffQEl13scrfd_2_5g/conv57 | timeout: 60s)
[2026-05-07 05:10:53.180] [94716] [HailoRT] [info] [vstream.cpp:1114] [OutputVStreamImpl] Creating scrfd_2_5g/conv57...
[2026-05-07 05:10:53.180] [94716] [HailoRT] [info] [vstream_builder.cpp:220] [create_outputs] Output pipeline 'scrfd_2_5g/conv57': HW >> (HwReadEl13scrfd_2_5g/conv57 | hw_frame_size: 9600) >> (PullQEl_hw_read13scrfd_2_5g/conv57) >> (PostInferEl13scrfd_2_5g/conv57 | Quantization - src_type: UINT8, dst_type FLOAT32, limvals_min: -4.03285, limvals_max: 5.14908 | Reorder - src_order: FCR, src_shape: (20, 20, 24), dst_order: FCR, dst_shape: (20, 20, 20)) >> (UserBuffQEl13scrfd_2_5g/conv57 | timeout: 60s)
[2026-05-07 05:10:53.180] [94716] [HailoRT] [info] [core_op.cpp:156] [activate] Activating scrfd_2_5g took 0.516209 milliseconds. Note that the function is asynchronous and thus the network is not fully activated yet.
[2026-05-07 05:10:53.180] [94716] [HailoRT] [info] [core_op.cpp:156] [activate] Activating scrfd_2_5g took 0.52556 milliseconds. Note that the function is asynchronous and thus the network is not fully activated yet.
[2026-05-07 05:11:34.499] [1945] [HailoRT] [info] [vdevice.cpp:523] [create] Creating vdevice with params: device_count: 1, scheduling_algorithm: NONE, multi_process_service: false
[2026-05-07 05:11:34.528] [1945] [HailoRT] [info] [device.cpp:49] [Device] OS Version: Linux 6.12.75+rpt-rpi-2712 #1 SMP PREEMPT Debian 1:6.12.75-1+rpt1~bookworm (2026-03-11) aarch64
[2026-05-07 05:11:34.531] [1945] [HailoRT] [info] [control.cpp:108] [control__parse_identify_results] firmware_version is: 4.20.0
[2026-05-07 05:11:34.531] [1945] [HailoRT] [info] [vdevice.cpp:651] [create] VDevice Infos: 0001:01:00.0
[2026-05-07 05:11:34.554] [1945] [HailoRT] [info] [internal_buffer_manager.cpp:204] [print_execution_results] Planned internal buffer memory: CMA memory 0, user memory 462336. memory to edge layer usage factor is 1
[2026-05-07 05:11:34.554] [1945] [HailoRT] [info] [internal_buffer_manager.cpp:212] [print_execution_results] Default Internal buffer planner executed successfully
[2026-05-07 05:11:34.567] [1945] [HailoRT] [info] [device_internal.cpp:57] [configure] Configuring HEF took 35.412 milliseconds
[2026-05-07 05:11:34.567] [1945] [HailoRT] [info] [vdevice.cpp:749] [configure] Configuring HEF on VDevice took 36.196926 milliseconds
[2026-05-07 05:11:34.567] [1945] [HailoRT] [info] [hef.cpp:1929] [get_network_group_and_network_name] No name was given. Addressing all networks of default network_group: scrfd_2_5g
[2026-05-07 05:11:34.807] [2214] [HailoRT] [info] [edge_elements.cpp:52] [create] Created (HwWriteEl3scrfd_2_5g/input_layer1 | hw_frame_size: 1228800)
[2026-05-07 05:11:34.807] [2214] [HailoRT] [info] [vstream.cpp:754] [InputVStreamImpl] Creating scrfd_2_5g/input_layer1...
[2026-05-07 05:11:34.807] [2214] [HailoRT] [info] [vstream_builder.cpp:102] [create_inputs] Input pipeline 'scrfd_2_5g/input_layer1': (HwWriteEl3scrfd_2_5g/input_layer1 | hw_frame_size: 1228800) >> HW
[2026-05-07 05:11:34.807] [2214] [HailoRT] [info] [edge_elements.cpp:287] [create] Created (HwReadEl3scrfd_2_5g/conv42 | hw_frame_size: 12800)
[2026-05-07 05:11:34.811] [2214] [HailoRT] [info] [queue_elements.cpp:657] [create] Created (PullQEl_hw_read3scrfd_2_5g/conv42)
[2026-05-07 05:11:34.811] [2214] [HailoRT] [info] [filter_elements.cpp:375] [create] Created (PostInferEl3scrfd_2_5g/conv42 | Quantization - src_type: UINT8, dst_type FLOAT32, limvals_min: 0, limvals_max: 1)
[2026-05-07 05:11:34.811] [2214] [HailoRT] [info] [queue_elements.cpp:800] [create] Created (UserBuffQEl3scrfd_2_5g/conv42 | timeout: 60s)
[2026-05-07 05:11:34.811] [2214] [HailoRT] [info] [vstream.cpp:1114] [OutputVStreamImpl] Creating scrfd_2_5g/conv42...
[2026-05-07 05:11:34.811] [2214] [HailoRT] [info] [vstream_builder.cpp:220] [create_outputs] Output pipeline 'scrfd_2_5g/conv42': HW >> (HwReadEl3scrfd_2_5g/conv42 | hw_frame_size: 12800) >> (PullQEl_hw_read3scrfd_2_5g/conv42) >> (PostInferEl3scrfd_2_5g/conv42 | Quantization - src_type: UINT8, dst_type FLOAT32, limvals_min: 0, limvals_max: 1) >> (UserBuffQEl3scrfd_2_5g/conv42 | timeout: 60s)
[2026-05-07 05:11:34.811] [2214] [HailoRT] [info] [edge_elements.cpp:287] [create] Created (HwReadEl0scrfd_2_5g/conv43 | hw_frame_size: 51200)
[2026-05-07 05:11:34.830] [2214] [HailoRT] [info] [queue_elements.cpp:657] [create] Created (PullQEl_hw_read0scrfd_2_5g/conv43)
[2026-05-07 05:11:34.830] [2214] [HailoRT] [info] [filter_elements.cpp:375] [create] Created (PostInferEl0scrfd_2_5g/conv43 | Quantization - src_type: UINT8, dst_type FLOAT32, limvals_min: -0.0793963, limvals_max: 4.98212)
[2026-05-07 05:11:34.830] [2214] [HailoRT] [info] [queue_elements.cpp:800] [create] Created (UserBuffQEl0scrfd_2_5g/conv43 | timeout: 60s)
[2026-05-07 05:11:34.830] [2214] [HailoRT] [info] [vstream.cpp:1114] [OutputVStreamImpl] Creating scrfd_2_5g/conv43...
[2026-05-07 05:11:34.830] [2214] [HailoRT] [info] [vstream_builder.cpp:220] [create_outputs] Output pipeline 'scrfd_2_5g/conv43': HW >> (HwReadEl0scrfd_2_5g/conv43 | hw_frame_size: 51200) >> (PullQEl_hw_read0scrfd_2_5g/conv43) >> (PostInferEl0scrfd_2_5g/conv43 | Quantization - src_type: UINT8, dst_type FLOAT32, limvals_min: -0.0793963, limvals_max: 4.98212) >> (UserBuffQEl0scrfd_2_5g/conv43 | timeout: 60s)
[2026-05-07 05:11:34.833] [2214] [HailoRT] [info] [edge_elements.cpp:287] [create] Created (HwReadEl2scrfd_2_5g/conv44 | hw_frame_size: 153600)
[2026-05-07 05:11:34.833] [2214] [HailoRT] [info] [queue_elements.cpp:657] [create] Created (PullQEl_hw_read2scrfd_2_5g/conv44)
[2026-05-07 05:11:34.833] [2214] [HailoRT] [info] [filter_elements.cpp:375] [create] Created (PostInferEl2scrfd_2_5g/conv44 | Quantization - src_type: UINT8, dst_type FLOAT32, limvals_min: -3.16292, limvals_max: 3.50274 | Reorder - src_order: FCR, src_shape: (80, 80, 24), dst_order: FCR, dst_shape: (80, 80, 20))
[2026-05-07 05:11:34.833] [2214] [HailoRT] [info] [queue_elements.cpp:800] [create] Created (UserBuffQEl2scrfd_2_5g/conv44 | timeout: 60s)
[2026-05-07 05:11:34.833] [2214] [HailoRT] [info] [vstream.cpp:1114] [OutputVStreamImpl] Creating scrfd_2_5g/conv44...
[2026-05-07 05:11:34.833] [2214] [HailoRT] [info] [vstream_builder.cpp:220] [create_outputs] Output pipeline 'scrfd_2_5g/conv44': HW >> (HwReadEl2scrfd_2_5g/conv44 | hw_frame_size: 153600) >> (PullQEl_hw_read2scrfd_2_5g/conv44) >> (PostInferEl2scrfd_2_5g/conv44 | Quantization - src_type: UINT8, dst_type FLOAT32, limvals_min: -3.16292, limvals_max: 3.50274 | Reorder - src_order: FCR, src_shape: (80, 80, 24), dst_order: FCR, dst_shape: (80, 80, 20)) >> (UserBuffQEl2scrfd_2_5g/conv44 | timeout: 60s)
[2026-05-07 05:11:34.833] [2214] [HailoRT] [info] [edge_elements.cpp:287] [create] Created (HwReadEl14scrfd_2_5g/conv49 | hw_frame_size: 3200)
[2026-05-07 05:11:34.833] [2214] [HailoRT] [info] [queue_elements.cpp:657] [create] Created (PullQEl_hw_read14scrfd_2_5g/conv49)
[2026-05-07 05:11:34.833] [2214] [HailoRT] [info] [filter_elements.cpp:375] [create] Created (PostInferEl14scrfd_2_5g/conv49 | Quantization - src_type: UINT8, dst_type FLOAT32, limvals_min: 0, limvals_max: 1)
[2026-05-07 05:11:34.833] [2214] [HailoRT] [info] [queue_elements.cpp:800] [create] Created (UserBuffQEl14scrfd_2_5g/conv49 | timeout: 60s)
[2026-05-07 05:11:34.833] [2214] [HailoRT] [info] [vstream.cpp:1114] [OutputVStreamImpl] Creating scrfd_2_5g/conv49...
[2026-05-07 05:11:34.833] [2214] [HailoRT] [info] [vstream_builder.cpp:220] [create_outputs] Output pipeline 'scrfd_2_5g/conv49': HW >> (HwReadEl14scrfd_2_5g/conv49 | hw_frame_size: 3200) >> (PullQEl_hw_read14scrfd_2_5g/conv49) >> (PostInferEl14scrfd_2_5g/conv49 | Quantization - src_type: UINT8, dst_type FLOAT32, limvals_min: 0, limvals_max: 1) >> (UserBuffQEl14scrfd_2_5g/conv49 | timeout: 60s)
[2026-05-07 05:11:34.833] [2214] [HailoRT] [info] [edge_elements.cpp:287] [create] Created (HwReadEl12scrfd_2_5g/conv50 | hw_frame_size: 12800)
[2026-05-07 05:11:34.833] [2214] [HailoRT] [info] [queue_elements.cpp:657] [create] Created (PullQEl_hw_read12scrfd_2_5g/conv50)
[2026-05-07 05:11:34.833] [2214] [HailoRT] [info] [filter_elements.cpp:375] [create] Created (PostInferEl12scrfd_2_5g/conv50 | Quantization - src_type: UINT8, dst_type FLOAT32, limvals_min: 0, limvals_max: 8.10626)
[2026-05-07 05:11:34.833] [2214] [HailoRT] [info] [queue_elements.cpp:800] [create] Created (UserBuffQEl12scrfd_2_5g/conv50 | timeout: 60s)
[2026-05-07 05:11:34.833] [2214] [HailoRT] [info] [vstream.cpp:1114] [OutputVStreamImpl] Creating scrfd_2_5g/conv50...
[2026-05-07 05:11:34.833] [2214] [HailoRT] [info] [vstream_builder.cpp:220] [create_outputs] Output pipeline 'scrfd_2_5g/conv50': HW >> (HwReadEl12scrfd_2_5g/conv50 | hw_frame_size: 12800) >> (PullQEl_hw_read12scrfd_2_5g/conv50) >> (PostInferEl12scrfd_2_5g/conv50 | Quantization - src_type: UINT8, dst_type FLOAT32, limvals_min: 0, limvals_max: 8.10626) >> (UserBuffQEl12scrfd_2_5g/conv50 | timeout: 60s)
[2026-05-07 05:11:34.833] [2214] [HailoRT] [info] [edge_elements.cpp:287] [create] Created (HwReadEl1scrfd_2_5g/conv51 | hw_frame_size: 38400)
[2026-05-07 05:11:34.834] [2214] [HailoRT] [info] [queue_elements.cpp:657] [create] Created (PullQEl_hw_read1scrfd_2_5g/conv51)
[2026-05-07 05:11:34.834] [2214] [HailoRT] [info] [filter_elements.cpp:375] [create] Created (PostInferEl1scrfd_2_5g/conv51 | Quantization - src_type: UINT8, dst_type FLOAT32, limvals_min: -4.24698, limvals_max: 5.17024 | Reorder - src_order: FCR, src_shape: (40, 40, 24), dst_order: FCR, dst_shape: (40, 40, 20))
[2026-05-07 05:11:34.834] [2214] [HailoRT] [info] [queue_elements.cpp:800] [create] Created (UserBuffQEl1scrfd_2_5g/conv51 | timeout: 60s)
[2026-05-07 05:11:34.834] [2214] [HailoRT] [info] [vstream.cpp:1114] [OutputVStreamImpl] Creating scrfd_2_5g/conv51...
[2026-05-07 05:11:34.834] [2214] [HailoRT] [info] [vstream_builder.cpp:220] [create_outputs] Output pipeline 'scrfd_2_5g/conv51': HW >> (HwReadEl1scrfd_2_5g/conv51 | hw_frame_size: 38400) >> (PullQEl_hw_read1scrfd_2_5g/conv51) >> (PostInferEl1scrfd_2_5g/conv51 | Quantization - src_type: UINT8, dst_type FLOAT32, limvals_min: -4.24698, limvals_max: 5.17024 | Reorder - src_order: FCR, src_shape: (40, 40, 24), dst_order: FCR, dst_shape: (40, 40, 20)) >> (UserBuffQEl1scrfd_2_5g/conv51 | timeout: 60s)
[2026-05-07 05:11:34.834] [2214] [HailoRT] [info] [edge_elements.cpp:287] [create] Created (HwReadEl10scrfd_2_5g/conv55 | hw_frame_size: 800)
[2026-05-07 05:11:34.834] [2214] [HailoRT] [info] [queue_elements.cpp:657] [create] Created (PullQEl_hw_read10scrfd_2_5g/conv55)
[2026-05-07 05:11:34.834] [2214] [HailoRT] [info] [filter_elements.cpp:375] [create] Created (PostInferEl10scrfd_2_5g/conv55 | Quantization - src_type: UINT8, dst_type FLOAT32, limvals_min: 0, limvals_max: 1 | Reorder - src_order: NHCW, src_shape: (20, 20, 2), dst_order: NHWC, dst_shape: (20, 20, 2))
[2026-05-07 05:11:34.834] [2214] [HailoRT] [info] [queue_elements.cpp:800] [create] Created (UserBuffQEl10scrfd_2_5g/conv55 | timeout: 60s)
[2026-05-07 05:11:34.834] [2214] [HailoRT] [info] [vstream.cpp:1114] [OutputVStreamImpl] Creating scrfd_2_5g/conv55...
[2026-05-07 05:11:34.834] [2214] [HailoRT] [info] [vstream_builder.cpp:220] [create_outputs] Output pipeline 'scrfd_2_5g/conv55': HW >> (HwReadEl10scrfd_2_5g/conv55 | hw_frame_size: 800) >> (PullQEl_hw_read10scrfd_2_5g/conv55) >> (PostInferEl10scrfd_2_5g/conv55 | Quantization - src_type: UINT8, dst_type FLOAT32, limvals_min: 0, limvals_max: 1 | Reorder - src_order: NHCW, src_shape: (20, 20, 2), dst_order: NHWC, dst_shape: (20, 20, 2)) >> (UserBuffQEl10scrfd_2_5g/conv55 | timeout: 60s)
[2026-05-07 05:11:34.834] [2214] [HailoRT] [info] [edge_elements.cpp:287] [create] Created (HwReadEl9scrfd_2_5g/conv56 | hw_frame_size: 3200)
[2026-05-07 05:11:34.834] [2214] [HailoRT] [info] [queue_elements.cpp:657] [create] Created (PullQEl_hw_read9scrfd_2_5g/conv56)
[2026-05-07 05:11:34.834] [2214] [HailoRT] [info] [filter_elements.cpp:375] [create] Created (PostInferEl9scrfd_2_5g/conv56 | Quantization - src_type: UINT8, dst_type FLOAT32, limvals_min: -0.0299247, limvals_max: 7.60086 | Reorder - src_order: NHCW, src_shape: (20, 20, 8), dst_order: NHWC, dst_shape: (20, 20, 8))
[2026-05-07 05:11:34.834] [2214] [HailoRT] [info] [queue_elements.cpp:800] [create] Created (UserBuffQEl9scrfd_2_5g/conv56 | timeout: 60s)
[2026-05-07 05:11:34.834] [2214] [HailoRT] [info] [vstream.cpp:1114] [OutputVStreamImpl] Creating scrfd_2_5g/conv56...
[2026-05-07 05:11:34.834] [2214] [HailoRT] [info] [vstream_builder.cpp:220] [create_outputs] Output pipeline 'scrfd_2_5g/conv56': HW >> (HwReadEl9scrfd_2_5g/conv56 | hw_frame_size: 3200) >> (PullQEl_hw_read9scrfd_2_5g/conv56) >> (PostInferEl9scrfd_2_5g/conv56 | Quantization - src_type: UINT8, dst_type FLOAT32, limvals_min: -0.0299247, limvals_max: 7.60086 | Reorder - src_order: NHCW, src_shape: (20, 20, 8), dst_order: NHWC, dst_shape: (20, 20, 8)) >> (UserBuffQEl9scrfd_2_5g/conv56 | timeout: 60s)
[2026-05-07 05:11:34.834] [2214] [HailoRT] [info] [edge_elements.cpp:287] [create] Created (HwReadEl13scrfd_2_5g/conv57 | hw_frame_size: 9600)
[2026-05-07 05:11:34.834] [2214] [HailoRT] [info] [queue_elements.cpp:657] [create] Created (PullQEl_hw_read13scrfd_2_5g/conv57)
[2026-05-07 05:11:34.834] [2214] [HailoRT] [info] [filter_elements.cpp:375] [create] Created (PostInferEl13scrfd_2_5g/conv57 | Quantization - src_type: UINT8, dst_type FLOAT32, limvals_min: -4.03285, limvals_max: 5.14908 | Reorder - src_order: FCR, src_shape: (20, 20, 24), dst_order: FCR, dst_shape: (20, 20, 20))
[2026-05-07 05:11:34.834] [2214] [HailoRT] [info] [queue_elements.cpp:800] [create] Created (UserBuffQEl13scrfd_2_5g/conv57 | timeout: 60s)
[2026-05-07 05:11:34.834] [2214] [HailoRT] [info] [vstream.cpp:1114] [OutputVStreamImpl] Creating scrfd_2_5g/conv57...
[2026-05-07 05:11:34.834] [2214] [HailoRT] [info] [vstream_builder.cpp:220] [create_outputs] Output pipeline 'scrfd_2_5g/conv57': HW >> (HwReadEl13scrfd_2_5g/conv57 | hw_frame_size: 9600) >> (PullQEl_hw_read13scrfd_2_5g/conv57) >> (PostInferEl13scrfd_2_5g/conv57 | Quantization - src_type: UINT8, dst_type FLOAT32, limvals_min: -4.03285, limvals_max: 5.14908 | Reorder - src_order: FCR, src_shape: (20, 20, 24), dst_order: FCR, dst_shape: (20, 20, 20)) >> (UserBuffQEl13scrfd_2_5g/conv57 | timeout: 60s)
[2026-05-07 05:11:34.835] [2214] [HailoRT] [info] [core_op.cpp:156] [activate] Activating scrfd_2_5g took 0.498722 milliseconds. Note that the function is asynchronous and thus the network is not fully activated yet.
[2026-05-07 05:11:34.835] [2214] [HailoRT] [info] [core_op.cpp:156] [activate] Activating scrfd_2_5g took 0.512685 milliseconds. Note that the function is asynchronous and thus the network is not fully activated yet.
[2026-05-07 05:18:27.121] [2007] [HailoRT] [info] [vdevice.cpp:523] [create] Creating vdevice with params: device_count: 1, scheduling_algorithm: NONE, multi_process_service: false
[2026-05-07 05:18:27.153] [2007] [HailoRT] [info] [device.cpp:49] [Device] OS Version: Linux 6.12.75+rpt-rpi-2712 #1 SMP PREEMPT Debian 1:6.12.75-1+rpt1~bookworm (2026-03-11) aarch64
[2026-05-07 05:18:27.156] [2007] [HailoRT] [info] [control.cpp:108] [control__parse_identify_results] firmware_version is: 4.20.0
[2026-05-07 05:18:27.156] [2007] [HailoRT] [info] [vdevice.cpp:651] [create] VDevice Infos: 0001:01:00.0
[2026-05-07 05:18:27.179] [2007] [HailoRT] [info] [internal_buffer_manager.cpp:204] [print_execution_results] Planned internal buffer memory: CMA memory 0, user memory 462336. memory to edge layer usage factor is 1
[2026-05-07 05:18:27.179] [2007] [HailoRT] [info] [internal_buffer_manager.cpp:212] [print_execution_results] Default Internal buffer planner executed successfully
[2026-05-07 05:18:27.196] [2007] [HailoRT] [info] [device_internal.cpp:57] [configure] Configuring HEF took 39.462796 milliseconds
[2026-05-07 05:18:27.197] [2007] [HailoRT] [info] [vdevice.cpp:749] [configure] Configuring HEF on VDevice took 41.020944 milliseconds
[2026-05-07 05:18:27.197] [2007] [HailoRT] [info] [hef.cpp:1929] [get_network_group_and_network_name] No name was given. Addressing all networks of default network_group: scrfd_2_5g
[2026-05-07 05:18:27.466] [2192] [HailoRT] [info] [edge_elements.cpp:52] [create] Created (HwWriteEl3scrfd_2_5g/input_layer1 | hw_frame_size: 1228800)
[2026-05-07 05:18:27.466] [2192] [HailoRT] [info] [vstream.cpp:754] [InputVStreamImpl] Creating scrfd_2_5g/input_layer1...
[2026-05-07 05:18:27.466] [2192] [HailoRT] [info] [vstream_builder.cpp:102] [create_inputs] Input pipeline 'scrfd_2_5g/input_layer1': (HwWriteEl3scrfd_2_5g/input_layer1 | hw_frame_size: 1228800) >> HW
[2026-05-07 05:18:27.466] [2192] [HailoRT] [info] [edge_elements.cpp:287] [create] Created (HwReadEl3scrfd_2_5g/conv42 | hw_frame_size: 12800)
[2026-05-07 05:18:27.470] [2192] [HailoRT] [info] [queue_elements.cpp:657] [create] Created (PullQEl_hw_read3scrfd_2_5g/conv42)
[2026-05-07 05:18:27.470] [2192] [HailoRT] [info] [filter_elements.cpp:375] [create] Created (PostInferEl3scrfd_2_5g/conv42 | Quantization - src_type: UINT8, dst_type FLOAT32, limvals_min: 0, limvals_max: 1)
[2026-05-07 05:18:27.470] [2192] [HailoRT] [info] [queue_elements.cpp:800] [create] Created (UserBuffQEl3scrfd_2_5g/conv42 | timeout: 60s)
[2026-05-07 05:18:27.470] [2192] [HailoRT] [info] [vstream.cpp:1114] [OutputVStreamImpl] Creating scrfd_2_5g/conv42...
[2026-05-07 05:18:27.470] [2192] [HailoRT] [info] [vstream_builder.cpp:220] [create_outputs] Output pipeline 'scrfd_2_5g/conv42': HW >> (HwReadEl3scrfd_2_5g/conv42 | hw_frame_size: 12800) >> (PullQEl_hw_read3scrfd_2_5g/conv42) >> (PostInferEl3scrfd_2_5g/conv42 | Quantization - src_type: UINT8, dst_type FLOAT32, limvals_min: 0, limvals_max: 1) >> (UserBuffQEl3scrfd_2_5g/conv42 | timeout: 60s)
[2026-05-07 05:18:27.470] [2192] [HailoRT] [info] [edge_elements.cpp:287] [create] Created (HwReadEl0scrfd_2_5g/conv43 | hw_frame_size: 51200)
[2026-05-07 05:18:27.501] [2192] [HailoRT] [info] [queue_elements.cpp:657] [create] Created (PullQEl_hw_read0scrfd_2_5g/conv43)
[2026-05-07 05:18:27.501] [2192] [HailoRT] [info] [filter_elements.cpp:375] [create] Created (PostInferEl0scrfd_2_5g/conv43 | Quantization - src_type: UINT8, dst_type FLOAT32, limvals_min: -0.0793963, limvals_max: 4.98212)
[2026-05-07 05:18:27.501] [2192] [HailoRT] [info] [queue_elements.cpp:800] [create] Created (UserBuffQEl0scrfd_2_5g/conv43 | timeout: 60s)
[2026-05-07 05:18:27.501] [2192] [HailoRT] [info] [vstream.cpp:1114] [OutputVStreamImpl] Creating scrfd_2_5g/conv43...
[2026-05-07 05:18:27.501] [2192] [HailoRT] [info] [vstream_builder.cpp:220] [create_outputs] Output pipeline 'scrfd_2_5g/conv43': HW >> (HwReadEl0scrfd_2_5g/conv43 | hw_frame_size: 51200) >> (PullQEl_hw_read0scrfd_2_5g/conv43) >> (PostInferEl0scrfd_2_5g/conv43 | Quantization - src_type: UINT8, dst_type FLOAT32, limvals_min: -0.0793963, limvals_max: 4.98212) >> (UserBuffQEl0scrfd_2_5g/conv43 | timeout: 60s)
[2026-05-07 05:18:27.515] [2192] [HailoRT] [info] [edge_elements.cpp:287] [create] Created (HwReadEl2scrfd_2_5g/conv44 | hw_frame_size: 153600)
[2026-05-07 05:18:27.516] [2192] [HailoRT] [info] [queue_elements.cpp:657] [create] Created (PullQEl_hw_read2scrfd_2_5g/conv44)
[2026-05-07 05:18:27.516] [2192] [HailoRT] [info] [filter_elements.cpp:375] [create] Created (PostInferEl2scrfd_2_5g/conv44 | Quantization - src_type: UINT8, dst_type FLOAT32, limvals_min: -3.16292, limvals_max: 3.50274 | Reorder - src_order: FCR, src_shape: (80, 80, 24), dst_order: FCR, dst_shape: (80, 80, 20))
[2026-05-07 05:18:27.516] [2192] [HailoRT] [info] [queue_elements.cpp:800] [create] Created (UserBuffQEl2scrfd_2_5g/conv44 | timeout: 60s)
[2026-05-07 05:18:27.516] [2192] [HailoRT] [info] [vstream.cpp:1114] [OutputVStreamImpl] Creating scrfd_2_5g/conv44...
[2026-05-07 05:18:27.516] [2192] [HailoRT] [info] [vstream_builder.cpp:220] [create_outputs] Output pipeline 'scrfd_2_5g/conv44': HW >> (HwReadEl2scrfd_2_5g/conv44 | hw_frame_size: 153600) >> (PullQEl_hw_read2scrfd_2_5g/conv44) >> (PostInferEl2scrfd_2_5g/conv44 | Quantization - src_type: UINT8, dst_type FLOAT32, limvals_min: -3.16292, limvals_max: 3.50274 | Reorder - src_order: FCR, src_shape: (80, 80, 24), dst_order: FCR, dst_shape: (80, 80, 20)) >> (UserBuffQEl2scrfd_2_5g/conv44 | timeout: 60s)
[2026-05-07 05:18:27.516] [2192] [HailoRT] [info] [edge_elements.cpp:287] [create] Created (HwReadEl14scrfd_2_5g/conv49 | hw_frame_size: 3200)
[2026-05-07 05:18:27.516] [2192] [HailoRT] [info] [queue_elements.cpp:657] [create] Created (PullQEl_hw_read14scrfd_2_5g/conv49)
[2026-05-07 05:18:27.516] [2192] [HailoRT] [info] [filter_elements.cpp:375] [create] Created (PostInferEl14scrfd_2_5g/conv49 | Quantization - src_type: UINT8, dst_type FLOAT32, limvals_min: 0, limvals_max: 1)
[2026-05-07 05:18:27.516] [2192] [HailoRT] [info] [queue_elements.cpp:800] [create] Created (UserBuffQEl14scrfd_2_5g/conv49 | timeout: 60s)
[2026-05-07 05:18:27.516] [2192] [HailoRT] [info] [vstream.cpp:1114] [OutputVStreamImpl] Creating scrfd_2_5g/conv49...
[2026-05-07 05:18:27.516] [2192] [HailoRT] [info] [vstream_builder.cpp:220] [create_outputs] Output pipeline 'scrfd_2_5g/conv49': HW >> (HwReadEl14scrfd_2_5g/conv49 | hw_frame_size: 3200) >> (PullQEl_hw_read14scrfd_2_5g/conv49) >> (PostInferEl14scrfd_2_5g/conv49 | Quantization - src_type: UINT8, dst_type FLOAT32, limvals_min: 0, limvals_max: 1) >> (UserBuffQEl14scrfd_2_5g/conv49 | timeout: 60s)
[2026-05-07 05:18:27.516] [2192] [HailoRT] [info] [edge_elements.cpp:287] [create] Created (HwReadEl12scrfd_2_5g/conv50 | hw_frame_size: 12800)
[2026-05-07 05:18:27.516] [2192] [HailoRT] [info] [queue_elements.cpp:657] [create] Created (PullQEl_hw_read12scrfd_2_5g/conv50)
[2026-05-07 05:18:27.516] [2192] [HailoRT] [info] [filter_elements.cpp:375] [create] Created (PostInferEl12scrfd_2_5g/conv50 | Quantization - src_type: UINT8, dst_type FLOAT32, limvals_min: 0, limvals_max: 8.10626)
[2026-05-07 05:18:27.516] [2192] [HailoRT] [info] [queue_elements.cpp:800] [create] Created (UserBuffQEl12scrfd_2_5g/conv50 | timeout: 60s)
[2026-05-07 05:18:27.516] [2192] [HailoRT] [info] [vstream.cpp:1114] [OutputVStreamImpl] Creating scrfd_2_5g/conv50...
[2026-05-07 05:18:27.516] [2192] [HailoRT] [info] [vstream_builder.cpp:220] [create_outputs] Output pipeline 'scrfd_2_5g/conv50': HW >> (HwReadEl12scrfd_2_5g/conv50 | hw_frame_size: 12800) >> (PullQEl_hw_read12scrfd_2_5g/conv50) >> (PostInferEl12scrfd_2_5g/conv50 | Quantization - src_type: UINT8, dst_type FLOAT32, limvals_min: 0, limvals_max: 8.10626) >> (UserBuffQEl12scrfd_2_5g/conv50 | timeout: 60s)
[2026-05-07 05:18:27.516] [2192] [HailoRT] [info] [edge_elements.cpp:287] [create] Created (HwReadEl1scrfd_2_5g/conv51 | hw_frame_size: 38400)
[2026-05-07 05:18:27.516] [2192] [HailoRT] [info] [queue_elements.cpp:657] [create] Created (PullQEl_hw_read1scrfd_2_5g/conv51)
[2026-05-07 05:18:27.516] [2192] [HailoRT] [info] [filter_elements.cpp:375] [create] Created (PostInferEl1scrfd_2_5g/conv51 | Quantization - src_type: UINT8, dst_type FLOAT32, limvals_min: -4.24698, limvals_max: 5.17024 | Reorder - src_order: FCR, src_shape: (40, 40, 24), dst_order: FCR, dst_shape: (40, 40, 20))
[2026-05-07 05:18:27.516] [2192] [HailoRT] [info] [queue_elements.cpp:800] [create] Created (UserBuffQEl1scrfd_2_5g/conv51 | timeout: 60s)
[2026-05-07 05:18:27.516] [2192] [HailoRT] [info] [vstream.cpp:1114] [OutputVStreamImpl] Creating scrfd_2_5g/conv51...
[2026-05-07 05:18:27.516] [2192] [HailoRT] [info] [vstream_builder.cpp:220] [create_outputs] Output pipeline 'scrfd_2_5g/conv51': HW >> (HwReadEl1scrfd_2_5g/conv51 | hw_frame_size: 38400) >> (PullQEl_hw_read1scrfd_2_5g/conv51) >> (PostInferEl1scrfd_2_5g/conv51 | Quantization - src_type: UINT8, dst_type FLOAT32, limvals_min: -4.24698, limvals_max: 5.17024 | Reorder - src_order: FCR, src_shape: (40, 40, 24), dst_order: FCR, dst_shape: (40, 40, 20)) >> (UserBuffQEl1scrfd_2_5g/conv51 | timeout: 60s)
[2026-05-07 05:18:27.516] [2192] [HailoRT] [info] [edge_elements.cpp:287] [create] Created (HwReadEl10scrfd_2_5g/conv55 | hw_frame_size: 800)
[2026-05-07 05:18:27.516] [2192] [HailoRT] [info] [queue_elements.cpp:657] [create] Created (PullQEl_hw_read10scrfd_2_5g/conv55)
[2026-05-07 05:18:27.516] [2192] [HailoRT] [info] [filter_elements.cpp:375] [create] Created (PostInferEl10scrfd_2_5g/conv55 | Quantization - src_type: UINT8, dst_type FLOAT32, limvals_min: 0, limvals_max: 1 | Reorder - src_order: NHCW, src_shape: (20, 20, 2), dst_order: NHWC, dst_shape: (20, 20, 2))
[2026-05-07 05:18:27.516] [2192] [HailoRT] [info] [queue_elements.cpp:800] [create] Created (UserBuffQEl10scrfd_2_5g/conv55 | timeout: 60s)
[2026-05-07 05:18:27.516] [2192] [HailoRT] [info] [vstream.cpp:1114] [OutputVStreamImpl] Creating scrfd_2_5g/conv55...
[2026-05-07 05:18:27.516] [2192] [HailoRT] [info] [vstream_builder.cpp:220] [create_outputs] Output pipeline 'scrfd_2_5g/conv55': HW >> (HwReadEl10scrfd_2_5g/conv55 | hw_frame_size: 800) >> (PullQEl_hw_read10scrfd_2_5g/conv55) >> (PostInferEl10scrfd_2_5g/conv55 | Quantization - src_type: UINT8, dst_type FLOAT32, limvals_min: 0, limvals_max: 1 | Reorder - src_order: NHCW, src_shape: (20, 20, 2), dst_order: NHWC, dst_shape: (20, 20, 2)) >> (UserBuffQEl10scrfd_2_5g/conv55 | timeout: 60s)
[2026-05-07 05:18:27.516] [2192] [HailoRT] [info] [edge_elements.cpp:287] [create] Created (HwReadEl9scrfd_2_5g/conv56 | hw_frame_size: 3200)
[2026-05-07 05:18:27.516] [2192] [HailoRT] [info] [queue_elements.cpp:657] [create] Created (PullQEl_hw_read9scrfd_2_5g/conv56)
[2026-05-07 05:18:27.516] [2192] [HailoRT] [info] [filter_elements.cpp:375] [create] Created (PostInferEl9scrfd_2_5g/conv56 | Quantization - src_type: UINT8, dst_type FLOAT32, limvals_min: -0.0299247, limvals_max: 7.60086 | Reorder - src_order: NHCW, src_shape: (20, 20, 8), dst_order: NHWC, dst_shape: (20, 20, 8))
[2026-05-07 05:18:27.517] [2192] [HailoRT] [info] [queue_elements.cpp:800] [create] Created (UserBuffQEl9scrfd_2_5g/conv56 | timeout: 60s)
[2026-05-07 05:18:27.517] [2192] [HailoRT] [info] [vstream.cpp:1114] [OutputVStreamImpl] Creating scrfd_2_5g/conv56...
[2026-05-07 05:18:27.517] [2192] [HailoRT] [info] [vstream_builder.cpp:220] [create_outputs] Output pipeline 'scrfd_2_5g/conv56': HW >> (HwReadEl9scrfd_2_5g/conv56 | hw_frame_size: 3200) >> (PullQEl_hw_read9scrfd_2_5g/conv56) >> (PostInferEl9scrfd_2_5g/conv56 | Quantization - src_type: UINT8, dst_type FLOAT32, limvals_min: -0.0299247, limvals_max: 7.60086 | Reorder - src_order: NHCW, src_shape: (20, 20, 8), dst_order: NHWC, dst_shape: (20, 20, 8)) >> (UserBuffQEl9scrfd_2_5g/conv56 | timeout: 60s)
[2026-05-07 05:18:27.517] [2192] [HailoRT] [info] [edge_elements.cpp:287] [create] Created (HwReadEl13scrfd_2_5g/conv57 | hw_frame_size: 9600)
[2026-05-07 05:18:27.517] [2192] [HailoRT] [info] [queue_elements.cpp:657] [create] Created (PullQEl_hw_read13scrfd_2_5g/conv57)
[2026-05-07 05:18:27.517] [2192] [HailoRT] [info] [filter_elements.cpp:375] [create] Created (PostInferEl13scrfd_2_5g/conv57 | Quantization - src_type: UINT8, dst_type FLOAT32, limvals_min: -4.03285, limvals_max: 5.14908 | Reorder - src_order: FCR, src_shape: (20, 20, 24), dst_order: FCR, dst_shape: (20, 20, 20))
[2026-05-07 05:18:27.517] [2192] [HailoRT] [info] [queue_elements.cpp:800] [create] Created (UserBuffQEl13scrfd_2_5g/conv57 | timeout: 60s)
[2026-05-07 05:18:27.517] [2192] [HailoRT] [info] [vstream.cpp:1114] [OutputVStreamImpl] Creating scrfd_2_5g/conv57...
[2026-05-07 05:18:27.517] [2192] [HailoRT] [info] [vstream_builder.cpp:220] [create_outputs] Output pipeline 'scrfd_2_5g/conv57': HW >> (HwReadEl13scrfd_2_5g/conv57 | hw_frame_size: 9600) >> (PullQEl_hw_read13scrfd_2_5g/conv57) >> (PostInferEl13scrfd_2_5g/conv57 | Quantization - src_type: UINT8, dst_type FLOAT32, limvals_min: -4.03285, limvals_max: 5.14908 | Reorder - src_order: FCR, src_shape: (20, 20, 24), dst_order: FCR, dst_shape: (20, 20, 20)) >> (UserBuffQEl13scrfd_2_5g/conv57 | timeout: 60s)
[2026-05-07 05:18:27.518] [2192] [HailoRT] [info] [core_op.cpp:156] [activate] Activating scrfd_2_5g took 0.589223 milliseconds. Note that the function is asynchronous and thus the network is not fully activated yet.
[2026-05-07 05:18:27.518] [2192] [HailoRT] [info] [core_op.cpp:156] [activate] Activating scrfd_2_5g took 0.600574 milliseconds. Note that the function is asynchronous and thus the network is not fully activated yet.
[2026-05-07 05:21:25.949] [1926] [HailoRT] [info] [vdevice.cpp:523] [create] Creating vdevice with params: device_count: 1, scheduling_algorithm: NONE, multi_process_service: false
[2026-05-07 05:21:25.977] [1926] [HailoRT] [info] [device.cpp:49] [Device] OS Version: Linux 6.12.75+rpt-rpi-2712 #1 SMP PREEMPT Debian 1:6.12.75-1+rpt1~bookworm (2026-03-11) aarch64
[2026-05-07 05:21:25.980] [1926] [HailoRT] [info] [control.cpp:108] [control__parse_identify_results] firmware_version is: 4.20.0
[2026-05-07 05:21:25.980] [1926] [HailoRT] [info] [vdevice.cpp:651] [create] VDevice Infos: 0001:01:00.0
[2026-05-07 05:21:26.006] [1926] [HailoRT] [info] [internal_buffer_manager.cpp:204] [print_execution_results] Planned internal buffer memory: CMA memory 0, user memory 462336. memory to edge layer usage factor is 1
[2026-05-07 05:21:26.006] [1926] [HailoRT] [info] [internal_buffer_manager.cpp:212] [print_execution_results] Default Internal buffer planner executed successfully
[2026-05-07 05:21:26.020] [1926] [HailoRT] [info] [device_internal.cpp:57] [configure] Configuring HEF took 37.44237 milliseconds
[2026-05-07 05:21:26.020] [1926] [HailoRT] [info] [vdevice.cpp:749] [configure] Configuring HEF on VDevice took 38.223723 milliseconds
[2026-05-07 05:21:26.020] [1926] [HailoRT] [info] [hef.cpp:1929] [get_network_group_and_network_name] No name was given. Addressing all networks of default network_group: scrfd_2_5g
[2026-05-07 05:21:26.260] [2191] [HailoRT] [info] [edge_elements.cpp:52] [create] Created (HwWriteEl3scrfd_2_5g/input_layer1 | hw_frame_size: 1228800)
[2026-05-07 05:21:26.260] [2191] [HailoRT] [info] [vstream.cpp:754] [InputVStreamImpl] Creating scrfd_2_5g/input_layer1...
[2026-05-07 05:21:26.260] [2191] [HailoRT] [info] [vstream_builder.cpp:102] [create_inputs] Input pipeline 'scrfd_2_5g/input_layer1': (HwWriteEl3scrfd_2_5g/input_layer1 | hw_frame_size: 1228800) >> HW
[2026-05-07 05:21:26.260] [2191] [HailoRT] [info] [edge_elements.cpp:287] [create] Created (HwReadEl3scrfd_2_5g/conv42 | hw_frame_size: 12800)
[2026-05-07 05:21:26.261] [2191] [HailoRT] [info] [queue_elements.cpp:657] [create] Created (PullQEl_hw_read3scrfd_2_5g/conv42)
[2026-05-07 05:21:26.261] [2191] [HailoRT] [info] [filter_elements.cpp:375] [create] Created (PostInferEl3scrfd_2_5g/conv42 | Quantization - src_type: UINT8, dst_type FLOAT32, limvals_min: 0, limvals_max: 1)
[2026-05-07 05:21:26.261] [2191] [HailoRT] [info] [queue_elements.cpp:800] [create] Created (UserBuffQEl3scrfd_2_5g/conv42 | timeout: 60s)
[2026-05-07 05:21:26.261] [2191] [HailoRT] [info] [vstream.cpp:1114] [OutputVStreamImpl] Creating scrfd_2_5g/conv42...
[2026-05-07 05:21:26.261] [2191] [HailoRT] [info] [vstream_builder.cpp:220] [create_outputs] Output pipeline 'scrfd_2_5g/conv42': HW >> (HwReadEl3scrfd_2_5g/conv42 | hw_frame_size: 12800) >> (PullQEl_hw_read3scrfd_2_5g/conv42) >> (PostInferEl3scrfd_2_5g/conv42 | Quantization - src_type: UINT8, dst_type FLOAT32, limvals_min: 0, limvals_max: 1) >> (UserBuffQEl3scrfd_2_5g/conv42 | timeout: 60s)
[2026-05-07 05:21:26.261] [2191] [HailoRT] [info] [edge_elements.cpp:287] [create] Created (HwReadEl0scrfd_2_5g/conv43 | hw_frame_size: 51200)
[2026-05-07 05:21:26.274] [2191] [HailoRT] [info] [queue_elements.cpp:657] [create] Created (PullQEl_hw_read0scrfd_2_5g/conv43)
[2026-05-07 05:21:26.274] [2191] [HailoRT] [info] [filter_elements.cpp:375] [create] Created (PostInferEl0scrfd_2_5g/conv43 | Quantization - src_type: UINT8, dst_type FLOAT32, limvals_min: -0.0793963, limvals_max: 4.98212)
[2026-05-07 05:21:26.275] [2191] [HailoRT] [info] [queue_elements.cpp:800] [create] Created (UserBuffQEl0scrfd_2_5g/conv43 | timeout: 60s)
[2026-05-07 05:21:26.275] [2191] [HailoRT] [info] [vstream.cpp:1114] [OutputVStreamImpl] Creating scrfd_2_5g/conv43...
[2026-05-07 05:21:26.275] [2191] [HailoRT] [info] [vstream_builder.cpp:220] [create_outputs] Output pipeline 'scrfd_2_5g/conv43': HW >> (HwReadEl0scrfd_2_5g/conv43 | hw_frame_size: 51200) >> (PullQEl_hw_read0scrfd_2_5g/conv43) >> (PostInferEl0scrfd_2_5g/conv43 | Quantization - src_type: UINT8, dst_type FLOAT32, limvals_min: -0.0793963, limvals_max: 4.98212) >> (UserBuffQEl0scrfd_2_5g/conv43 | timeout: 60s)
[2026-05-07 05:21:26.282] [2191] [HailoRT] [info] [edge_elements.cpp:287] [create] Created (HwReadEl2scrfd_2_5g/conv44 | hw_frame_size: 153600)
[2026-05-07 05:21:26.283] [2191] [HailoRT] [info] [queue_elements.cpp:657] [create] Created (PullQEl_hw_read2scrfd_2_5g/conv44)
[2026-05-07 05:21:26.283] [2191] [HailoRT] [info] [filter_elements.cpp:375] [create] Created (PostInferEl2scrfd_2_5g/conv44 | Quantization - src_type: UINT8, dst_type FLOAT32, limvals_min: -3.16292, limvals_max: 3.50274 | Reorder - src_order: FCR, src_shape: (80, 80, 24), dst_order: FCR, dst_shape: (80, 80, 20))
[2026-05-07 05:21:26.283] [2191] [HailoRT] [info] [queue_elements.cpp:800] [create] Created (UserBuffQEl2scrfd_2_5g/conv44 | timeout: 60s)
[2026-05-07 05:21:26.283] [2191] [HailoRT] [info] [vstream.cpp:1114] [OutputVStreamImpl] Creating scrfd_2_5g/conv44...
[2026-05-07 05:21:26.283] [2191] [HailoRT] [info] [vstream_builder.cpp:220] [create_outputs] Output pipeline 'scrfd_2_5g/conv44': HW >> (HwReadEl2scrfd_2_5g/conv44 | hw_frame_size: 153600) >> (PullQEl_hw_read2scrfd_2_5g/conv44) >> (PostInferEl2scrfd_2_5g/conv44 | Quantization - src_type: UINT8, dst_type FLOAT32, limvals_min: -3.16292, limvals_max: 3.50274 | Reorder - src_order: FCR, src_shape: (80, 80, 24), dst_order: FCR, dst_shape: (80, 80, 20)) >> (UserBuffQEl2scrfd_2_5g/conv44 | timeout: 60s)
[2026-05-07 05:21:26.283] [2191] [HailoRT] [info] [edge_elements.cpp:287] [create] Created (HwReadEl14scrfd_2_5g/conv49 | hw_frame_size: 3200)
[2026-05-07 05:21:26.283] [2191] [HailoRT] [info] [queue_elements.cpp:657] [create] Created (PullQEl_hw_read14scrfd_2_5g/conv49)
[2026-05-07 05:21:26.283] [2191] [HailoRT] [info] [filter_elements.cpp:375] [create] Created (PostInferEl14scrfd_2_5g/conv49 | Quantization - src_type: UINT8, dst_type FLOAT32, limvals_min: 0, limvals_max: 1)
[2026-05-07 05:21:26.283] [2191] [HailoRT] [info] [queue_elements.cpp:800] [create] Created (UserBuffQEl14scrfd_2_5g/conv49 | timeout: 60s)
[2026-05-07 05:21:26.283] [2191] [HailoRT] [info] [vstream.cpp:1114] [OutputVStreamImpl] Creating scrfd_2_5g/conv49...
[2026-05-07 05:21:26.283] [2191] [HailoRT] [info] [vstream_builder.cpp:220] [create_outputs] Output pipeline 'scrfd_2_5g/conv49': HW >> (HwReadEl14scrfd_2_5g/conv49 | hw_frame_size: 3200) >> (PullQEl_hw_read14scrfd_2_5g/conv49) >> (PostInferEl14scrfd_2_5g/conv49 | Quantization - src_type: UINT8, dst_type FLOAT32, limvals_min: 0, limvals_max: 1) >> (UserBuffQEl14scrfd_2_5g/conv49 | timeout: 60s)
[2026-05-07 05:21:26.283] [2191] [HailoRT] [info] [edge_elements.cpp:287] [create] Created (HwReadEl12scrfd_2_5g/conv50 | hw_frame_size: 12800)
[2026-05-07 05:21:26.283] [2191] [HailoRT] [info] [queue_elements.cpp:657] [create] Created (PullQEl_hw_read12scrfd_2_5g/conv50)
[2026-05-07 05:21:26.283] [2191] [HailoRT] [info] [filter_elements.cpp:375] [create] Created (PostInferEl12scrfd_2_5g/conv50 | Quantization - src_type: UINT8, dst_type FLOAT32, limvals_min: 0, limvals_max: 8.10626)
[2026-05-07 05:21:26.283] [2191] [HailoRT] [info] [queue_elements.cpp:800] [create] Created (UserBuffQEl12scrfd_2_5g/conv50 | timeout: 60s)
[2026-05-07 05:21:26.283] [2191] [HailoRT] [info] [vstream.cpp:1114] [OutputVStreamImpl] Creating scrfd_2_5g/conv50...
[2026-05-07 05:21:26.283] [2191] [HailoRT] [info] [vstream_builder.cpp:220] [create_outputs] Output pipeline 'scrfd_2_5g/conv50': HW >> (HwReadEl12scrfd_2_5g/conv50 | hw_frame_size: 12800) >> (PullQEl_hw_read12scrfd_2_5g/conv50) >> (PostInferEl12scrfd_2_5g/conv50 | Quantization - src_type: UINT8, dst_type FLOAT32, limvals_min: 0, limvals_max: 8.10626) >> (UserBuffQEl12scrfd_2_5g/conv50 | timeout: 60s)
[2026-05-07 05:21:26.283] [2191] [HailoRT] [info] [edge_elements.cpp:287] [create] Created (HwReadEl1scrfd_2_5g/conv51 | hw_frame_size: 38400)
[2026-05-07 05:21:26.283] [2191] [HailoRT] [info] [queue_elements.cpp:657] [create] Created (PullQEl_hw_read1scrfd_2_5g/conv51)
[2026-05-07 05:21:26.283] [2191] [HailoRT] [info] [filter_elements.cpp:375] [create] Created (PostInferEl1scrfd_2_5g/conv51 | Quantization - src_type: UINT8, dst_type FLOAT32, limvals_min: -4.24698, limvals_max: 5.17024 | Reorder - src_order: FCR, src_shape: (40, 40, 24), dst_order: FCR, dst_shape: (40, 40, 20))
[2026-05-07 05:21:26.283] [2191] [HailoRT] [info] [queue_elements.cpp:800] [create] Created (UserBuffQEl1scrfd_2_5g/conv51 | timeout: 60s)
[2026-05-07 05:21:26.283] [2191] [HailoRT] [info] [vstream.cpp:1114] [OutputVStreamImpl] Creating scrfd_2_5g/conv51...
[2026-05-07 05:21:26.283] [2191] [HailoRT] [info] [vstream_builder.cpp:220] [create_outputs] Output pipeline 'scrfd_2_5g/conv51': HW >> (HwReadEl1scrfd_2_5g/conv51 | hw_frame_size: 38400) >> (PullQEl_hw_read1scrfd_2_5g/conv51) >> (PostInferEl1scrfd_2_5g/conv51 | Quantization - src_type: UINT8, dst_type FLOAT32, limvals_min: -4.24698, limvals_max: 5.17024 | Reorder - src_order: FCR, src_shape: (40, 40, 24), dst_order: FCR, dst_shape: (40, 40, 20)) >> (UserBuffQEl1scrfd_2_5g/conv51 | timeout: 60s)
[2026-05-07 05:21:26.283] [2191] [HailoRT] [info] [edge_elements.cpp:287] [create] Created (HwReadEl10scrfd_2_5g/conv55 | hw_frame_size: 800)
[2026-05-07 05:21:26.283] [2191] [HailoRT] [info] [queue_elements.cpp:657] [create] Created (PullQEl_hw_read10scrfd_2_5g/conv55)
[2026-05-07 05:21:26.283] [2191] [HailoRT] [info] [filter_elements.cpp:375] [create] Created (PostInferEl10scrfd_2_5g/conv55 | Quantization - src_type: UINT8, dst_type FLOAT32, limvals_min: 0, limvals_max: 1 | Reorder - src_order: NHCW, src_shape: (20, 20, 2), dst_order: NHWC, dst_shape: (20, 20, 2))
[2026-05-07 05:21:26.283] [2191] [HailoRT] [info] [queue_elements.cpp:800] [create] Created (UserBuffQEl10scrfd_2_5g/conv55 | timeout: 60s)
[2026-05-07 05:21:26.283] [2191] [HailoRT] [info] [vstream.cpp:1114] [OutputVStreamImpl] Creating scrfd_2_5g/conv55...
[2026-05-07 05:21:26.283] [2191] [HailoRT] [info] [vstream_builder.cpp:220] [create_outputs] Output pipeline 'scrfd_2_5g/conv55': HW >> (HwReadEl10scrfd_2_5g/conv55 | hw_frame_size: 800) >> (PullQEl_hw_read10scrfd_2_5g/conv55) >> (PostInferEl10scrfd_2_5g/conv55 | Quantization - src_type: UINT8, dst_type FLOAT32, limvals_min: 0, limvals_max: 1 | Reorder - src_order: NHCW, src_shape: (20, 20, 2), dst_order: NHWC, dst_shape: (20, 20, 2)) >> (UserBuffQEl10scrfd_2_5g/conv55 | timeout: 60s)
[2026-05-07 05:21:26.283] [2191] [HailoRT] [info] [edge_elements.cpp:287] [create] Created (HwReadEl9scrfd_2_5g/conv56 | hw_frame_size: 3200)
[2026-05-07 05:21:26.283] [2191] [HailoRT] [info] [queue_elements.cpp:657] [create] Created (PullQEl_hw_read9scrfd_2_5g/conv56)
[2026-05-07 05:21:26.284] [2191] [HailoRT] [info] [filter_elements.cpp:375] [create] Created (PostInferEl9scrfd_2_5g/conv56 | Quantization - src_type: UINT8, dst_type FLOAT32, limvals_min: -0.0299247, limvals_max: 7.60086 | Reorder - src_order: NHCW, src_shape: (20, 20, 8), dst_order: NHWC, dst_shape: (20, 20, 8))
[2026-05-07 05:21:26.284] [2191] [HailoRT] [info] [queue_elements.cpp:800] [create] Created (UserBuffQEl9scrfd_2_5g/conv56 | timeout: 60s)
[2026-05-07 05:21:26.284] [2191] [HailoRT] [info] [vstream.cpp:1114] [OutputVStreamImpl] Creating scrfd_2_5g/conv56...
[2026-05-07 05:21:26.284] [2191] [HailoRT] [info] [vstream_builder.cpp:220] [create_outputs] Output pipeline 'scrfd_2_5g/conv56': HW >> (HwReadEl9scrfd_2_5g/conv56 | hw_frame_size: 3200) >> (PullQEl_hw_read9scrfd_2_5g/conv56) >> (PostInferEl9scrfd_2_5g/conv56 | Quantization - src_type: UINT8, dst_type FLOAT32, limvals_min: -0.0299247, limvals_max: 7.60086 | Reorder - src_order: NHCW, src_shape: (20, 20, 8), dst_order: NHWC, dst_shape: (20, 20, 8)) >> (UserBuffQEl9scrfd_2_5g/conv56 | timeout: 60s)
[2026-05-07 05:21:26.284] [2191] [HailoRT] [info] [edge_elements.cpp:287] [create] Created (HwReadEl13scrfd_2_5g/conv57 | hw_frame_size: 9600)
[2026-05-07 05:21:26.284] [2191] [HailoRT] [info] [queue_elements.cpp:657] [create] Created (PullQEl_hw_read13scrfd_2_5g/conv57)
[2026-05-07 05:21:26.284] [2191] [HailoRT] [info] [filter_elements.cpp:375] [create] Created (PostInferEl13scrfd_2_5g/conv57 | Quantization - src_type: UINT8, dst_type FLOAT32, limvals_min: -4.03285, limvals_max: 5.14908 | Reorder - src_order: FCR, src_shape: (20, 20, 24), dst_order: FCR, dst_shape: (20, 20, 20))
[2026-05-07 05:21:26.284] [2191] [HailoRT] [info] [queue_elements.cpp:800] [create] Created (UserBuffQEl13scrfd_2_5g/conv57 | timeout: 60s)
[2026-05-07 05:21:26.284] [2191] [HailoRT] [info] [vstream.cpp:1114] [OutputVStreamImpl] Creating scrfd_2_5g/conv57...
[2026-05-07 05:21:26.284] [2191] [HailoRT] [info] [vstream_builder.cpp:220] [create_outputs] Output pipeline 'scrfd_2_5g/conv57': HW >> (HwReadEl13scrfd_2_5g/conv57 | hw_frame_size: 9600) >> (PullQEl_hw_read13scrfd_2_5g/conv57) >> (PostInferEl13scrfd_2_5g/conv57 | Quantization - src_type: UINT8, dst_type FLOAT32, limvals_min: -4.03285, limvals_max: 5.14908 | Reorder - src_order: FCR, src_shape: (20, 20, 24), dst_order: FCR, dst_shape: (20, 20, 20)) >> (UserBuffQEl13scrfd_2_5g/conv57 | timeout: 60s)
[2026-05-07 05:21:26.284] [2191] [HailoRT] [info] [core_op.cpp:156] [activate] Activating scrfd_2_5g took 0.500297 milliseconds. Note that the function is asynchronous and thus the network is not fully activated yet.
[2026-05-07 05:21:26.284] [2191] [HailoRT] [info] [core_op.cpp:156] [activate] Activating scrfd_2_5g took 0.511815 milliseconds. Note that the function is asynchronous and thus the network is not fully activated yet.
[2026-05-07 05:24:38.425] [2049] [HailoRT] [info] [vdevice.cpp:523] [create] Creating vdevice with params: device_count: 1, scheduling_algorithm: NONE, multi_process_service: false
[2026-05-07 05:24:38.445] [2049] [HailoRT] [info] [device.cpp:49] [Device] OS Version: Linux 6.12.75+rpt-rpi-2712 #1 SMP PREEMPT Debian 1:6.12.75-1+rpt1~bookworm (2026-03-11) aarch64
[2026-05-07 05:24:38.446] [2049] [HailoRT] [info] [control.cpp:108] [control__parse_identify_results] firmware_version is: 4.20.0
[2026-05-07 05:24:38.446] [2049] [HailoRT] [info] [vdevice.cpp:651] [create] VDevice Infos: 0001:01:00.0
[2026-05-07 05:24:38.458] [2049] [HailoRT] [info] [internal_buffer_manager.cpp:204] [print_execution_results] Planned internal buffer memory: CMA memory 0, user memory 462336. memory to edge layer usage factor is 1
[2026-05-07 05:24:38.458] [2049] [HailoRT] [info] [internal_buffer_manager.cpp:212] [print_execution_results] Default Internal buffer planner executed successfully
[2026-05-07 05:24:38.471] [2049] [HailoRT] [info] [device_internal.cpp:57] [configure] Configuring HEF took 23.83637 milliseconds
[2026-05-07 05:24:38.472] [2049] [HailoRT] [info] [vdevice.cpp:749] [configure] Configuring HEF on VDevice took 24.650019 milliseconds
[2026-05-07 05:24:38.472] [2049] [HailoRT] [info] [hef.cpp:1929] [get_network_group_and_network_name] No name was given. Addressing all networks of default network_group: scrfd_2_5g
[2026-05-07 05:24:38.659] [2190] [HailoRT] [info] [edge_elements.cpp:52] [create] Created (HwWriteEl3scrfd_2_5g/input_layer1 | hw_frame_size: 1228800)
[2026-05-07 05:24:38.659] [2190] [HailoRT] [info] [vstream.cpp:754] [InputVStreamImpl] Creating scrfd_2_5g/input_layer1...
[2026-05-07 05:24:38.659] [2190] [HailoRT] [info] [vstream_builder.cpp:102] [create_inputs] Input pipeline 'scrfd_2_5g/input_layer1': (HwWriteEl3scrfd_2_5g/input_layer1 | hw_frame_size: 1228800) >> HW
[2026-05-07 05:24:38.659] [2190] [HailoRT] [info] [edge_elements.cpp:287] [create] Created (HwReadEl3scrfd_2_5g/conv42 | hw_frame_size: 12800)
[2026-05-07 05:24:38.660] [2190] [HailoRT] [info] [queue_elements.cpp:657] [create] Created (PullQEl_hw_read3scrfd_2_5g/conv42)
[2026-05-07 05:24:38.660] [2190] [HailoRT] [info] [filter_elements.cpp:375] [create] Created (PostInferEl3scrfd_2_5g/conv42 | Quantization - src_type: UINT8, dst_type FLOAT32, limvals_min: 0, limvals_max: 1)
[2026-05-07 05:24:38.660] [2190] [HailoRT] [info] [queue_elements.cpp:800] [create] Created (UserBuffQEl3scrfd_2_5g/conv42 | timeout: 60s)
[2026-05-07 05:24:38.660] [2190] [HailoRT] [info] [vstream.cpp:1114] [OutputVStreamImpl] Creating scrfd_2_5g/conv42...
[2026-05-07 05:24:38.660] [2190] [HailoRT] [info] [vstream_builder.cpp:220] [create_outputs] Output pipeline 'scrfd_2_5g/conv42': HW >> (HwReadEl3scrfd_2_5g/conv42 | hw_frame_size: 12800) >> (PullQEl_hw_read3scrfd_2_5g/conv42) >> (PostInferEl3scrfd_2_5g/conv42 | Quantization - src_type: UINT8, dst_type FLOAT32, limvals_min: 0, limvals_max: 1) >> (UserBuffQEl3scrfd_2_5g/conv42 | timeout: 60s)
[2026-05-07 05:24:38.660] [2190] [HailoRT] [info] [edge_elements.cpp:287] [create] Created (HwReadEl0scrfd_2_5g/conv43 | hw_frame_size: 51200)
[2026-05-07 05:24:38.679] [2190] [HailoRT] [info] [queue_elements.cpp:657] [create] Created (PullQEl_hw_read0scrfd_2_5g/conv43)
[2026-05-07 05:24:38.679] [2190] [HailoRT] [info] [filter_elements.cpp:375] [create] Created (PostInferEl0scrfd_2_5g/conv43 | Quantization - src_type: UINT8, dst_type FLOAT32, limvals_min: -0.0793963, limvals_max: 4.98212)
[2026-05-07 05:24:38.679] [2190] [HailoRT] [info] [queue_elements.cpp:800] [create] Created (UserBuffQEl0scrfd_2_5g/conv43 | timeout: 60s)
[2026-05-07 05:24:38.679] [2190] [HailoRT] [info] [vstream.cpp:1114] [OutputVStreamImpl] Creating scrfd_2_5g/conv43...
[2026-05-07 05:24:38.679] [2190] [HailoRT] [info] [vstream_builder.cpp:220] [create_outputs] Output pipeline 'scrfd_2_5g/conv43': HW >> (HwReadEl0scrfd_2_5g/conv43 | hw_frame_size: 51200) >> (PullQEl_hw_read0scrfd_2_5g/conv43) >> (PostInferEl0scrfd_2_5g/conv43 | Quantization - src_type: UINT8, dst_type FLOAT32, limvals_min: -0.0793963, limvals_max: 4.98212) >> (UserBuffQEl0scrfd_2_5g/conv43 | timeout: 60s)
[2026-05-07 05:24:38.681] [2190] [HailoRT] [info] [edge_elements.cpp:287] [create] Created (HwReadEl2scrfd_2_5g/conv44 | hw_frame_size: 153600)
[2026-05-07 05:24:38.681] [2190] [HailoRT] [info] [queue_elements.cpp:657] [create] Created (PullQEl_hw_read2scrfd_2_5g/conv44)
[2026-05-07 05:24:38.681] [2190] [HailoRT] [info] [filter_elements.cpp:375] [create] Created (PostInferEl2scrfd_2_5g/conv44 | Quantization - src_type: UINT8, dst_type FLOAT32, limvals_min: -3.16292, limvals_max: 3.50274 | Reorder - src_order: FCR, src_shape: (80, 80, 24), dst_order: FCR, dst_shape: (80, 80, 20))
[2026-05-07 05:24:38.681] [2190] [HailoRT] [info] [queue_elements.cpp:800] [create] Created (UserBuffQEl2scrfd_2_5g/conv44 | timeout: 60s)
[2026-05-07 05:24:38.681] [2190] [HailoRT] [info] [vstream.cpp:1114] [OutputVStreamImpl] Creating scrfd_2_5g/conv44...
[2026-05-07 05:24:38.681] [2190] [HailoRT] [info] [vstream_builder.cpp:220] [create_outputs] Output pipeline 'scrfd_2_5g/conv44': HW >> (HwReadEl2scrfd_2_5g/conv44 | hw_frame_size: 153600) >> (PullQEl_hw_read2scrfd_2_5g/conv44) >> (PostInferEl2scrfd_2_5g/conv44 | Quantization - src_type: UINT8, dst_type FLOAT32, limvals_min: -3.16292, limvals_max: 3.50274 | Reorder - src_order: FCR, src_shape: (80, 80, 24), dst_order: FCR, dst_shape: (80, 80, 20)) >> (UserBuffQEl2scrfd_2_5g/conv44 | timeout: 60s)
[2026-05-07 05:24:38.681] [2190] [HailoRT] [info] [edge_elements.cpp:287] [create] Created (HwReadEl14scrfd_2_5g/conv49 | hw_frame_size: 3200)
[2026-05-07 05:24:38.681] [2190] [HailoRT] [info] [queue_elements.cpp:657] [create] Created (PullQEl_hw_read14scrfd_2_5g/conv49)
[2026-05-07 05:24:38.681] [2190] [HailoRT] [info] [filter_elements.cpp:375] [create] Created (PostInferEl14scrfd_2_5g/conv49 | Quantization - src_type: UINT8, dst_type FLOAT32, limvals_min: 0, limvals_max: 1)
[2026-05-07 05:24:38.681] [2190] [HailoRT] [info] [queue_elements.cpp:800] [create] Created (UserBuffQEl14scrfd_2_5g/conv49 | timeout: 60s)
[2026-05-07 05:24:38.681] [2190] [HailoRT] [info] [vstream.cpp:1114] [OutputVStreamImpl] Creating scrfd_2_5g/conv49...
[2026-05-07 05:24:38.681] [2190] [HailoRT] [info] [vstream_builder.cpp:220] [create_outputs] Output pipeline 'scrfd_2_5g/conv49': HW >> (HwReadEl14scrfd_2_5g/conv49 | hw_frame_size: 3200) >> (PullQEl_hw_read14scrfd_2_5g/conv49) >> (PostInferEl14scrfd_2_5g/conv49 | Quantization - src_type: UINT8, dst_type FLOAT32, limvals_min: 0, limvals_max: 1) >> (UserBuffQEl14scrfd_2_5g/conv49 | timeout: 60s)
[2026-05-07 05:24:38.681] [2190] [HailoRT] [info] [edge_elements.cpp:287] [create] Created (HwReadEl12scrfd_2_5g/conv50 | hw_frame_size: 12800)
[2026-05-07 05:24:38.681] [2190] [HailoRT] [info] [queue_elements.cpp:657] [create] Created (PullQEl_hw_read12scrfd_2_5g/conv50)
[2026-05-07 05:24:38.681] [2190] [HailoRT] [info] [filter_elements.cpp:375] [create] Created (PostInferEl12scrfd_2_5g/conv50 | Quantization - src_type: UINT8, dst_type FLOAT32, limvals_min: 0, limvals_max: 8.10626)
[2026-05-07 05:24:38.681] [2190] [HailoRT] [info] [queue_elements.cpp:800] [create] Created (UserBuffQEl12scrfd_2_5g/conv50 | timeout: 60s)
[2026-05-07 05:24:38.681] [2190] [HailoRT] [info] [vstream.cpp:1114] [OutputVStreamImpl] Creating scrfd_2_5g/conv50...
[2026-05-07 05:24:38.681] [2190] [HailoRT] [info] [vstream_builder.cpp:220] [create_outputs] Output pipeline 'scrfd_2_5g/conv50': HW >> (HwReadEl12scrfd_2_5g/conv50 | hw_frame_size: 12800) >> (PullQEl_hw_read12scrfd_2_5g/conv50) >> (PostInferEl12scrfd_2_5g/conv50 | Quantization - src_type: UINT8, dst_type FLOAT32, limvals_min: 0, limvals_max: 8.10626) >> (UserBuffQEl12scrfd_2_5g/conv50 | timeout: 60s)
[2026-05-07 05:24:38.681] [2190] [HailoRT] [info] [edge_elements.cpp:287] [create] Created (HwReadEl1scrfd_2_5g/conv51 | hw_frame_size: 38400)
[2026-05-07 05:24:38.681] [2190] [HailoRT] [info] [queue_elements.cpp:657] [create] Created (PullQEl_hw_read1scrfd_2_5g/conv51)
[2026-05-07 05:24:38.681] [2190] [HailoRT] [info] [filter_elements.cpp:375] [create] Created (PostInferEl1scrfd_2_5g/conv51 | Quantization - src_type: UINT8, dst_type FLOAT32, limvals_min: -4.24698, limvals_max: 5.17024 | Reorder - src_order: FCR, src_shape: (40, 40, 24), dst_order: FCR, dst_shape: (40, 40, 20))
[2026-05-07 05:24:38.681] [2190] [HailoRT] [info] [queue_elements.cpp:800] [create] Created (UserBuffQEl1scrfd_2_5g/conv51 | timeout: 60s)
[2026-05-07 05:24:38.681] [2190] [HailoRT] [info] [vstream.cpp:1114] [OutputVStreamImpl] Creating scrfd_2_5g/conv51...
[2026-05-07 05:24:38.681] [2190] [HailoRT] [info] [vstream_builder.cpp:220] [create_outputs] Output pipeline 'scrfd_2_5g/conv51': HW >> (HwReadEl1scrfd_2_5g/conv51 | hw_frame_size: 38400) >> (PullQEl_hw_read1scrfd_2_5g/conv51) >> (PostInferEl1scrfd_2_5g/conv51 | Quantization - src_type: UINT8, dst_type FLOAT32, limvals_min: -4.24698, limvals_max: 5.17024 | Reorder - src_order: FCR, src_shape: (40, 40, 24), dst_order: FCR, dst_shape: (40, 40, 20)) >> (UserBuffQEl1scrfd_2_5g/conv51 | timeout: 60s)
[2026-05-07 05:24:38.681] [2190] [HailoRT] [info] [edge_elements.cpp:287] [create] Created (HwReadEl10scrfd_2_5g/conv55 | hw_frame_size: 800)
[2026-05-07 05:24:38.681] [2190] [HailoRT] [info] [queue_elements.cpp:657] [create] Created (PullQEl_hw_read10scrfd_2_5g/conv55)
[2026-05-07 05:24:38.681] [2190] [HailoRT] [info] [filter_elements.cpp:375] [create] Created (PostInferEl10scrfd_2_5g/conv55 | Quantization - src_type: UINT8, dst_type FLOAT32, limvals_min: 0, limvals_max: 1 | Reorder - src_order: NHCW, src_shape: (20, 20, 2), dst_order: NHWC, dst_shape: (20, 20, 2))
[2026-05-07 05:24:38.681] [2190] [HailoRT] [info] [queue_elements.cpp:800] [create] Created (UserBuffQEl10scrfd_2_5g/conv55 | timeout: 60s)
[2026-05-07 05:24:38.681] [2190] [HailoRT] [info] [vstream.cpp:1114] [OutputVStreamImpl] Creating scrfd_2_5g/conv55...
[2026-05-07 05:24:38.681] [2190] [HailoRT] [info] [vstream_builder.cpp:220] [create_outputs] Output pipeline 'scrfd_2_5g/conv55': HW >> (HwReadEl10scrfd_2_5g/conv55 | hw_frame_size: 800) >> (PullQEl_hw_read10scrfd_2_5g/conv55) >> (PostInferEl10scrfd_2_5g/conv55 | Quantization - src_type: UINT8, dst_type FLOAT32, limvals_min: 0, limvals_max: 1 | Reorder - src_order: NHCW, src_shape: (20, 20, 2), dst_order: NHWC, dst_shape: (20, 20, 2)) >> (UserBuffQEl10scrfd_2_5g/conv55 | timeout: 60s)
[2026-05-07 05:24:38.681] [2190] [HailoRT] [info] [edge_elements.cpp:287] [create] Created (HwReadEl9scrfd_2_5g/conv56 | hw_frame_size: 3200)
[2026-05-07 05:24:38.681] [2190] [HailoRT] [info] [queue_elements.cpp:657] [create] Created (PullQEl_hw_read9scrfd_2_5g/conv56)
[2026-05-07 05:24:38.681] [2190] [HailoRT] [info] [filter_elements.cpp:375] [create] Created (PostInferEl9scrfd_2_5g/conv56 | Quantization - src_type: UINT8, dst_type FLOAT32, limvals_min: -0.0299247, limvals_max: 7.60086 | Reorder - src_order: NHCW, src_shape: (20, 20, 8), dst_order: NHWC, dst_shape: (20, 20, 8))
[2026-05-07 05:24:38.681] [2190] [HailoRT] [info] [queue_elements.cpp:800] [create] Created (UserBuffQEl9scrfd_2_5g/conv56 | timeout: 60s)
[2026-05-07 05:24:38.681] [2190] [HailoRT] [info] [vstream.cpp:1114] [OutputVStreamImpl] Creating scrfd_2_5g/conv56...
[2026-05-07 05:24:38.681] [2190] [HailoRT] [info] [vstream_builder.cpp:220] [create_outputs] Output pipeline 'scrfd_2_5g/conv56': HW >> (HwReadEl9scrfd_2_5g/conv56 | hw_frame_size: 3200) >> (PullQEl_hw_read9scrfd_2_5g/conv56) >> (PostInferEl9scrfd_2_5g/conv56 | Quantization - src_type: UINT8, dst_type FLOAT32, limvals_min: -0.0299247, limvals_max: 7.60086 | Reorder - src_order: NHCW, src_shape: (20, 20, 8), dst_order: NHWC, dst_shape: (20, 20, 8)) >> (UserBuffQEl9scrfd_2_5g/conv56 | timeout: 60s)
[2026-05-07 05:24:38.682] [2190] [HailoRT] [info] [edge_elements.cpp:287] [create] Created (HwReadEl13scrfd_2_5g/conv57 | hw_frame_size: 9600)
[2026-05-07 05:24:38.682] [2190] [HailoRT] [info] [queue_elements.cpp:657] [create] Created (PullQEl_hw_read13scrfd_2_5g/conv57)
[2026-05-07 05:24:38.682] [2190] [HailoRT] [info] [filter_elements.cpp:375] [create] Created (PostInferEl13scrfd_2_5g/conv57 | Quantization - src_type: UINT8, dst_type FLOAT32, limvals_min: -4.03285, limvals_max: 5.14908 | Reorder - src_order: FCR, src_shape: (20, 20, 24), dst_order: FCR, dst_shape: (20, 20, 20))
[2026-05-07 05:24:38.682] [2190] [HailoRT] [info] [queue_elements.cpp:800] [create] Created (UserBuffQEl13scrfd_2_5g/conv57 | timeout: 60s)
[2026-05-07 05:24:38.682] [2190] [HailoRT] [info] [vstream.cpp:1114] [OutputVStreamImpl] Creating scrfd_2_5g/conv57...
[2026-05-07 05:24:38.682] [2190] [HailoRT] [info] [vstream_builder.cpp:220] [create_outputs] Output pipeline 'scrfd_2_5g/conv57': HW >> (HwReadEl13scrfd_2_5g/conv57 | hw_frame_size: 9600) >> (PullQEl_hw_read13scrfd_2_5g/conv57) >> (PostInferEl13scrfd_2_5g/conv57 | Quantization - src_type: UINT8, dst_type FLOAT32, limvals_min: -4.03285, limvals_max: 5.14908 | Reorder - src_order: FCR, src_shape: (20, 20, 24), dst_order: FCR, dst_shape: (20, 20, 20)) >> (UserBuffQEl13scrfd_2_5g/conv57 | timeout: 60s)
[2026-05-07 05:24:38.682] [2190] [HailoRT] [info] [core_op.cpp:156] [activate] Activating scrfd_2_5g took 0.488704 milliseconds. Note that the function is asynchronous and thus the network is not fully activated yet.
[2026-05-07 05:24:38.682] [2190] [HailoRT] [info] [core_op.cpp:156] [activate] Activating scrfd_2_5g took 0.499 milliseconds. Note that the function is asynchronous and thus the network is not fully activated yet.
[2026-05-07 12:38:13.156] [2173] [HailoRT] [info] [vdevice.cpp:523] [create] Creating vdevice with params: device_count: 1, scheduling_algorithm: NONE, multi_process_service: false
[2026-05-07 12:38:13.181] [2173] [HailoRT] [info] [device.cpp:49] [Device] OS Version: Linux 6.12.75+rpt-rpi-2712 #1 SMP PREEMPT Debian 1:6.12.75-1+rpt1~bookworm (2026-03-11) aarch64
[2026-05-07 12:38:13.185] [2173] [HailoRT] [info] [control.cpp:108] [control__parse_identify_results] firmware_version is: 4.20.0
[2026-05-07 12:38:13.185] [2173] [HailoRT] [info] [vdevice.cpp:651] [create] VDevice Infos: 0001:01:00.0
[2026-05-07 12:38:13.206] [2173] [HailoRT] [info] [internal_buffer_manager.cpp:204] [print_execution_results] Planned internal buffer memory: CMA memory 0, user memory 462336. memory to edge layer usage factor is 1
[2026-05-07 12:38:13.206] [2173] [HailoRT] [info] [internal_buffer_manager.cpp:212] [print_execution_results] Default Internal buffer planner executed successfully
[2026-05-07 12:38:13.220] [2173] [HailoRT] [info] [device_internal.cpp:57] [configure] Configuring HEF took 33.153796 milliseconds
[2026-05-07 12:38:13.221] [2173] [HailoRT] [info] [vdevice.cpp:749] [configure] Configuring HEF on VDevice took 34.311444 milliseconds
[2026-05-07 12:38:13.221] [2173] [HailoRT] [info] [hef.cpp:1929] [get_network_group_and_network_name] No name was given. Addressing all networks of default network_group: scrfd_2_5g
[2026-05-07 12:38:13.452] [2210] [HailoRT] [info] [edge_elements.cpp:52] [create] Created (HwWriteEl3scrfd_2_5g/input_layer1 | hw_frame_size: 1228800)
[2026-05-07 12:38:13.452] [2210] [HailoRT] [info] [vstream.cpp:754] [InputVStreamImpl] Creating scrfd_2_5g/input_layer1...
[2026-05-07 12:38:13.452] [2210] [HailoRT] [info] [vstream_builder.cpp:102] [create_inputs] Input pipeline 'scrfd_2_5g/input_layer1': (HwWriteEl3scrfd_2_5g/input_layer1 | hw_frame_size: 1228800) >> HW
[2026-05-07 12:38:13.452] [2210] [HailoRT] [info] [edge_elements.cpp:287] [create] Created (HwReadEl3scrfd_2_5g/conv42 | hw_frame_size: 12800)
[2026-05-07 12:38:13.454] [2210] [HailoRT] [info] [queue_elements.cpp:657] [create] Created (PullQEl_hw_read3scrfd_2_5g/conv42)
[2026-05-07 12:38:13.454] [2210] [HailoRT] [info] [filter_elements.cpp:375] [create] Created (PostInferEl3scrfd_2_5g/conv42 | Quantization - src_type: UINT8, dst_type FLOAT32, limvals_min: 0, limvals_max: 1)
[2026-05-07 12:38:13.454] [2210] [HailoRT] [info] [queue_elements.cpp:800] [create] Created (UserBuffQEl3scrfd_2_5g/conv42 | timeout: 60s)
[2026-05-07 12:38:13.454] [2210] [HailoRT] [info] [vstream.cpp:1114] [OutputVStreamImpl] Creating scrfd_2_5g/conv42...
[2026-05-07 12:38:13.454] [2210] [HailoRT] [info] [vstream_builder.cpp:220] [create_outputs] Output pipeline 'scrfd_2_5g/conv42': HW >> (HwReadEl3scrfd_2_5g/conv42 | hw_frame_size: 12800) >> (PullQEl_hw_read3scrfd_2_5g/conv42) >> (PostInferEl3scrfd_2_5g/conv42 | Quantization - src_type: UINT8, dst_type FLOAT32, limvals_min: 0, limvals_max: 1) >> (UserBuffQEl3scrfd_2_5g/conv42 | timeout: 60s)
[2026-05-07 12:38:13.454] [2210] [HailoRT] [info] [edge_elements.cpp:287] [create] Created (HwReadEl0scrfd_2_5g/conv43 | hw_frame_size: 51200)
[2026-05-07 12:38:13.467] [2210] [HailoRT] [info] [queue_elements.cpp:657] [create] Created (PullQEl_hw_read0scrfd_2_5g/conv43)
[2026-05-07 12:38:13.467] [2210] [HailoRT] [info] [filter_elements.cpp:375] [create] Created (PostInferEl0scrfd_2_5g/conv43 | Quantization - src_type: UINT8, dst_type FLOAT32, limvals_min: -0.0793963, limvals_max: 4.98212)
[2026-05-07 12:38:13.467] [2210] [HailoRT] [info] [queue_elements.cpp:800] [create] Created (UserBuffQEl0scrfd_2_5g/conv43 | timeout: 60s)
[2026-05-07 12:38:13.467] [2210] [HailoRT] [info] [vstream.cpp:1114] [OutputVStreamImpl] Creating scrfd_2_5g/conv43...
[2026-05-07 12:38:13.467] [2210] [HailoRT] [info] [vstream_builder.cpp:220] [create_outputs] Output pipeline 'scrfd_2_5g/conv43': HW >> (HwReadEl0scrfd_2_5g/conv43 | hw_frame_size: 51200) >> (PullQEl_hw_read0scrfd_2_5g/conv43) >> (PostInferEl0scrfd_2_5g/conv43 | Quantization - src_type: UINT8, dst_type FLOAT32, limvals_min: -0.0793963, limvals_max: 4.98212) >> (UserBuffQEl0scrfd_2_5g/conv43 | timeout: 60s)
[2026-05-07 12:38:13.475] [2210] [HailoRT] [info] [edge_elements.cpp:287] [create] Created (HwReadEl2scrfd_2_5g/conv44 | hw_frame_size: 153600)
[2026-05-07 12:38:13.475] [2210] [HailoRT] [info] [queue_elements.cpp:657] [create] Created (PullQEl_hw_read2scrfd_2_5g/conv44)
[2026-05-07 12:38:13.475] [2210] [HailoRT] [info] [filter_elements.cpp:375] [create] Created (PostInferEl2scrfd_2_5g/conv44 | Quantization - src_type: UINT8, dst_type FLOAT32, limvals_min: -3.16292, limvals_max: 3.50274 | Reorder - src_order: FCR, src_shape: (80, 80, 24), dst_order: FCR, dst_shape: (80, 80, 20))
[2026-05-07 12:38:13.475] [2210] [HailoRT] [info] [queue_elements.cpp:800] [create] Created (UserBuffQEl2scrfd_2_5g/conv44 | timeout: 60s)
[2026-05-07 12:38:13.475] [2210] [HailoRT] [info] [vstream.cpp:1114] [OutputVStreamImpl] Creating scrfd_2_5g/conv44...
[2026-05-07 12:38:13.475] [2210] [HailoRT] [info] [vstream_builder.cpp:220] [create_outputs] Output pipeline 'scrfd_2_5g/conv44': HW >> (HwReadEl2scrfd_2_5g/conv44 | hw_frame_size: 153600) >> (PullQEl_hw_read2scrfd_2_5g/conv44) >> (PostInferEl2scrfd_2_5g/conv44 | Quantization - src_type: UINT8, dst_type FLOAT32, limvals_min: -3.16292, limvals_max: 3.50274 | Reorder - src_order: FCR, src_shape: (80, 80, 24), dst_order: FCR, dst_shape: (80, 80, 20)) >> (UserBuffQEl2scrfd_2_5g/conv44 | timeout: 60s)
[2026-05-07 12:38:13.475] [2210] [HailoRT] [info] [edge_elements.cpp:287] [create] Created (HwReadEl14scrfd_2_5g/conv49 | hw_frame_size: 3200)
[2026-05-07 12:38:13.475] [2210] [HailoRT] [info] [queue_elements.cpp:657] [create] Created (PullQEl_hw_read14scrfd_2_5g/conv49)
[2026-05-07 12:38:13.475] [2210] [HailoRT] [info] [filter_elements.cpp:375] [create] Created (PostInferEl14scrfd_2_5g/conv49 | Quantization - src_type: UINT8, dst_type FLOAT32, limvals_min: 0, limvals_max: 1)
[2026-05-07 12:38:13.475] [2210] [HailoRT] [info] [queue_elements.cpp:800] [create] Created (UserBuffQEl14scrfd_2_5g/conv49 | timeout: 60s)
[2026-05-07 12:38:13.475] [2210] [HailoRT] [info] [vstream.cpp:1114] [OutputVStreamImpl] Creating scrfd_2_5g/conv49...
[2026-05-07 12:38:13.475] [2210] [HailoRT] [info] [vstream_builder.cpp:220] [create_outputs] Output pipeline 'scrfd_2_5g/conv49': HW >> (HwReadEl14scrfd_2_5g/conv49 | hw_frame_size: 3200) >> (PullQEl_hw_read14scrfd_2_5g/conv49) >> (PostInferEl14scrfd_2_5g/conv49 | Quantization - src_type: UINT8, dst_type FLOAT32, limvals_min: 0, limvals_max: 1) >> (UserBuffQEl14scrfd_2_5g/conv49 | timeout: 60s)
[2026-05-07 12:38:13.476] [2210] [HailoRT] [info] [edge_elements.cpp:287] [create] Created (HwReadEl12scrfd_2_5g/conv50 | hw_frame_size: 12800)
[2026-05-07 12:38:13.476] [2210] [HailoRT] [info] [queue_elements.cpp:657] [create] Created (PullQEl_hw_read12scrfd_2_5g/conv50)
[2026-05-07 12:38:13.476] [2210] [HailoRT] [info] [filter_elements.cpp:375] [create] Created (PostInferEl12scrfd_2_5g/conv50 | Quantization - src_type: UINT8, dst_type FLOAT32, limvals_min: 0, limvals_max: 8.10626)
[2026-05-07 12:38:13.476] [2210] [HailoRT] [info] [queue_elements.cpp:800] [create] Created (UserBuffQEl12scrfd_2_5g/conv50 | timeout: 60s)
[2026-05-07 12:38:13.476] [2210] [HailoRT] [info] [vstream.cpp:1114] [OutputVStreamImpl] Creating scrfd_2_5g/conv50...
[2026-05-07 12:38:13.476] [2210] [HailoRT] [info] [vstream_builder.cpp:220] [create_outputs] Output pipeline 'scrfd_2_5g/conv50': HW >> (HwReadEl12scrfd_2_5g/conv50 | hw_frame_size: 12800) >> (PullQEl_hw_read12scrfd_2_5g/conv50) >> (PostInferEl12scrfd_2_5g/conv50 | Quantization - src_type: UINT8, dst_type FLOAT32, limvals_min: 0, limvals_max: 8.10626) >> (UserBuffQEl12scrfd_2_5g/conv50 | timeout: 60s)
[2026-05-07 12:38:13.476] [2210] [HailoRT] [info] [edge_elements.cpp:287] [create] Created (HwReadEl1scrfd_2_5g/conv51 | hw_frame_size: 38400)
[2026-05-07 12:38:13.476] [2210] [HailoRT] [info] [queue_elements.cpp:657] [create] Created (PullQEl_hw_read1scrfd_2_5g/conv51)
[2026-05-07 12:38:13.476] [2210] [HailoRT] [info] [filter_elements.cpp:375] [create] Created (PostInferEl1scrfd_2_5g/conv51 | Quantization - src_type: UINT8, dst_type FLOAT32, limvals_min: -4.24698, limvals_max: 5.17024 | Reorder - src_order: FCR, src_shape: (40, 40, 24), dst_order: FCR, dst_shape: (40, 40, 20))
[2026-05-07 12:38:13.476] [2210] [HailoRT] [info] [queue_elements.cpp:800] [create] Created (UserBuffQEl1scrfd_2_5g/conv51 | timeout: 60s)
[2026-05-07 12:38:13.476] [2210] [HailoRT] [info] [vstream.cpp:1114] [OutputVStreamImpl] Creating scrfd_2_5g/conv51...
[2026-05-07 12:38:13.476] [2210] [HailoRT] [info] [vstream_builder.cpp:220] [create_outputs] Output pipeline 'scrfd_2_5g/conv51': HW >> (HwReadEl1scrfd_2_5g/conv51 | hw_frame_size: 38400) >> (PullQEl_hw_read1scrfd_2_5g/conv51) >> (PostInferEl1scrfd_2_5g/conv51 | Quantization - src_type: UINT8, dst_type FLOAT32, limvals_min: -4.24698, limvals_max: 5.17024 | Reorder - src_order: FCR, src_shape: (40, 40, 24), dst_order: FCR, dst_shape: (40, 40, 20)) >> (UserBuffQEl1scrfd_2_5g/conv51 | timeout: 60s)
[2026-05-07 12:38:13.476] [2210] [HailoRT] [info] [edge_elements.cpp:287] [create] Created (HwReadEl10scrfd_2_5g/conv55 | hw_frame_size: 800)
[2026-05-07 12:38:13.476] [2210] [HailoRT] [info] [queue_elements.cpp:657] [create] Created (PullQEl_hw_read10scrfd_2_5g/conv55)
[2026-05-07 12:38:13.476] [2210] [HailoRT] [info] [filter_elements.cpp:375] [create] Created (PostInferEl10scrfd_2_5g/conv55 | Quantization - src_type: UINT8, dst_type FLOAT32, limvals_min: 0, limvals_max: 1 | Reorder - src_order: NHCW, src_shape: (20, 20, 2), dst_order: NHWC, dst_shape: (20, 20, 2))
[2026-05-07 12:38:13.476] [2210] [HailoRT] [info] [queue_elements.cpp:800] [create] Created (UserBuffQEl10scrfd_2_5g/conv55 | timeout: 60s)
[2026-05-07 12:38:13.476] [2210] [HailoRT] [info] [vstream.cpp:1114] [OutputVStreamImpl] Creating scrfd_2_5g/conv55...
[2026-05-07 12:38:13.476] [2210] [HailoRT] [info] [vstream_builder.cpp:220] [create_outputs] Output pipeline 'scrfd_2_5g/conv55': HW >> (HwReadEl10scrfd_2_5g/conv55 | hw_frame_size: 800) >> (PullQEl_hw_read10scrfd_2_5g/conv55) >> (PostInferEl10scrfd_2_5g/conv55 | Quantization - src_type: UINT8, dst_type FLOAT32, limvals_min: 0, limvals_max: 1 | Reorder - src_order: NHCW, src_shape: (20, 20, 2), dst_order: NHWC, dst_shape: (20, 20, 2)) >> (UserBuffQEl10scrfd_2_5g/conv55 | timeout: 60s)
[2026-05-07 12:38:13.476] [2210] [HailoRT] [info] [edge_elements.cpp:287] [create] Created (HwReadEl9scrfd_2_5g/conv56 | hw_frame_size: 3200)
[2026-05-07 12:38:13.476] [2210] [HailoRT] [info] [queue_elements.cpp:657] [create] Created (PullQEl_hw_read9scrfd_2_5g/conv56)
[2026-05-07 12:38:13.476] [2210] [HailoRT] [info] [filter_elements.cpp:375] [create] Created (PostInferEl9scrfd_2_5g/conv56 | Quantization - src_type: UINT8, dst_type FLOAT32, limvals_min: -0.0299247, limvals_max: 7.60086 | Reorder - src_order: NHCW, src_shape: (20, 20, 8), dst_order: NHWC, dst_shape: (20, 20, 8))
[2026-05-07 12:38:13.476] [2210] [HailoRT] [info] [queue_elements.cpp:800] [create] Created (UserBuffQEl9scrfd_2_5g/conv56 | timeout: 60s)
[2026-05-07 12:38:13.476] [2210] [HailoRT] [info] [vstream.cpp:1114] [OutputVStreamImpl] Creating scrfd_2_5g/conv56...
[2026-05-07 12:38:13.476] [2210] [HailoRT] [info] [vstream_builder.cpp:220] [create_outputs] Output pipeline 'scrfd_2_5g/conv56': HW >> (HwReadEl9scrfd_2_5g/conv56 | hw_frame_size: 3200) >> (PullQEl_hw_read9scrfd_2_5g/conv56) >> (PostInferEl9scrfd_2_5g/conv56 | Quantization - src_type: UINT8, dst_type FLOAT32, limvals_min: -0.0299247, limvals_max: 7.60086 | Reorder - src_order: NHCW, src_shape: (20, 20, 8), dst_order: NHWC, dst_shape: (20, 20, 8)) >> (UserBuffQEl9scrfd_2_5g/conv56 | timeout: 60s)
[2026-05-07 12:38:13.476] [2210] [HailoRT] [info] [edge_elements.cpp:287] [create] Created (HwReadEl13scrfd_2_5g/conv57 | hw_frame_size: 9600)
[2026-05-07 12:38:13.476] [2210] [HailoRT] [info] [queue_elements.cpp:657] [create] Created (PullQEl_hw_read13scrfd_2_5g/conv57)
[2026-05-07 12:38:13.476] [2210] [HailoRT] [info] [filter_elements.cpp:375] [create] Created (PostInferEl13scrfd_2_5g/conv57 | Quantization - src_type: UINT8, dst_type FLOAT32, limvals_min: -4.03285, limvals_max: 5.14908 | Reorder - src_order: FCR, src_shape: (20, 20, 24), dst_order: FCR, dst_shape: (20, 20, 20))
[2026-05-07 12:38:13.476] [2210] [HailoRT] [info] [queue_elements.cpp:800] [create] Created (UserBuffQEl13scrfd_2_5g/conv57 | timeout: 60s)
[2026-05-07 12:38:13.476] [2210] [HailoRT] [info] [vstream.cpp:1114] [OutputVStreamImpl] Creating scrfd_2_5g/conv57...
[2026-05-07 12:38:13.477] [2210] [HailoRT] [info] [vstream_builder.cpp:220] [create_outputs] Output pipeline 'scrfd_2_5g/conv57': HW >> (HwReadEl13scrfd_2_5g/conv57 | hw_frame_size: 9600) >> (PullQEl_hw_read13scrfd_2_5g/conv57) >> (PostInferEl13scrfd_2_5g/conv57 | Quantization - src_type: UINT8, dst_type FLOAT32, limvals_min: -4.03285, limvals_max: 5.14908 | Reorder - src_order: FCR, src_shape: (20, 20, 24), dst_order: FCR, dst_shape: (20, 20, 20)) >> (UserBuffQEl13scrfd_2_5g/conv57 | timeout: 60s)
[2026-05-07 12:38:13.477] [2210] [HailoRT] [info] [core_op.cpp:156] [activate] Activating scrfd_2_5g took 0.502944 milliseconds. Note that the function is asynchronous and thus the network is not fully activated yet.
[2026-05-07 12:38:13.477] [2210] [HailoRT] [info] [core_op.cpp:156] [activate] Activating scrfd_2_5g took 0.513408 milliseconds. Note that the function is asynchronous and thus the network is not fully activated yet.
[2026-05-07 13:02:49.321] [1911] [HailoRT] [info] [vdevice.cpp:523] [create] Creating vdevice with params: device_count: 1, scheduling_algorithm: NONE, multi_process_service: false
[2026-05-07 13:02:49.352] [1911] [HailoRT] [info] [device.cpp:49] [Device] OS Version: Linux 6.12.75+rpt-rpi-2712 #1 SMP PREEMPT Debian 1:6.12.75-1+rpt1~bookworm (2026-03-11) aarch64
[2026-05-07 13:02:49.354] [1911] [HailoRT] [info] [control.cpp:108] [control__parse_identify_results] firmware_version is: 4.20.0
[2026-05-07 13:02:49.354] [1911] [HailoRT] [info] [vdevice.cpp:651] [create] VDevice Infos: 0001:01:00.0
[2026-05-07 13:02:49.378] [1911] [HailoRT] [info] [internal_buffer_manager.cpp:204] [print_execution_results] Planned internal buffer memory: CMA memory 0, user memory 462336. memory to edge layer usage factor is 1
[2026-05-07 13:02:49.378] [1911] [HailoRT] [info] [internal_buffer_manager.cpp:212] [print_execution_results] Default Internal buffer planner executed successfully
[2026-05-07 13:02:49.391] [1911] [HailoRT] [info] [device_internal.cpp:57] [configure] Configuring HEF took 36.131408 milliseconds
[2026-05-07 13:02:49.393] [1911] [HailoRT] [info] [vdevice.cpp:749] [configure] Configuring HEF on VDevice took 38.042167 milliseconds
[2026-05-07 13:02:49.393] [1911] [HailoRT] [info] [hef.cpp:1929] [get_network_group_and_network_name] No name was given. Addressing all networks of default network_group: scrfd_2_5g
[2026-05-07 13:02:49.641] [2196] [HailoRT] [info] [edge_elements.cpp:52] [create] Created (HwWriteEl3scrfd_2_5g/input_layer1 | hw_frame_size: 1228800)
[2026-05-07 13:02:49.641] [2196] [HailoRT] [info] [vstream.cpp:754] [InputVStreamImpl] Creating scrfd_2_5g/input_layer1...
[2026-05-07 13:02:49.641] [2196] [HailoRT] [info] [vstream_builder.cpp:102] [create_inputs] Input pipeline 'scrfd_2_5g/input_layer1': (HwWriteEl3scrfd_2_5g/input_layer1 | hw_frame_size: 1228800) >> HW
[2026-05-07 13:02:49.642] [2196] [HailoRT] [info] [edge_elements.cpp:287] [create] Created (HwReadEl3scrfd_2_5g/conv42 | hw_frame_size: 12800)
[2026-05-07 13:02:49.648] [2196] [HailoRT] [info] [queue_elements.cpp:657] [create] Created (PullQEl_hw_read3scrfd_2_5g/conv42)
[2026-05-07 13:02:49.648] [2196] [HailoRT] [info] [filter_elements.cpp:375] [create] Created (PostInferEl3scrfd_2_5g/conv42 | Quantization - src_type: UINT8, dst_type FLOAT32, limvals_min: 0, limvals_max: 1)
[2026-05-07 13:02:49.648] [2196] [HailoRT] [info] [queue_elements.cpp:800] [create] Created (UserBuffQEl3scrfd_2_5g/conv42 | timeout: 60s)
[2026-05-07 13:02:49.648] [2196] [HailoRT] [info] [vstream.cpp:1114] [OutputVStreamImpl] Creating scrfd_2_5g/conv42...
[2026-05-07 13:02:49.648] [2196] [HailoRT] [info] [vstream_builder.cpp:220] [create_outputs] Output pipeline 'scrfd_2_5g/conv42': HW >> (HwReadEl3scrfd_2_5g/conv42 | hw_frame_size: 12800) >> (PullQEl_hw_read3scrfd_2_5g/conv42) >> (PostInferEl3scrfd_2_5g/conv42 | Quantization - src_type: UINT8, dst_type FLOAT32, limvals_min: 0, limvals_max: 1) >> (UserBuffQEl3scrfd_2_5g/conv42 | timeout: 60s)
[2026-05-07 13:02:49.648] [2196] [HailoRT] [info] [edge_elements.cpp:287] [create] Created (HwReadEl0scrfd_2_5g/conv43 | hw_frame_size: 51200)
[2026-05-07 13:02:49.669] [2196] [HailoRT] [info] [queue_elements.cpp:657] [create] Created (PullQEl_hw_read0scrfd_2_5g/conv43)
[2026-05-07 13:02:49.669] [2196] [HailoRT] [info] [filter_elements.cpp:375] [create] Created (PostInferEl0scrfd_2_5g/conv43 | Quantization - src_type: UINT8, dst_type FLOAT32, limvals_min: -0.0793963, limvals_max: 4.98212)
[2026-05-07 13:02:49.669] [2196] [HailoRT] [info] [queue_elements.cpp:800] [create] Created (UserBuffQEl0scrfd_2_5g/conv43 | timeout: 60s)
[2026-05-07 13:02:49.669] [2196] [HailoRT] [info] [vstream.cpp:1114] [OutputVStreamImpl] Creating scrfd_2_5g/conv43...
[2026-05-07 13:02:49.669] [2196] [HailoRT] [info] [vstream_builder.cpp:220] [create_outputs] Output pipeline 'scrfd_2_5g/conv43': HW >> (HwReadEl0scrfd_2_5g/conv43 | hw_frame_size: 51200) >> (PullQEl_hw_read0scrfd_2_5g/conv43) >> (PostInferEl0scrfd_2_5g/conv43 | Quantization - src_type: UINT8, dst_type FLOAT32, limvals_min: -0.0793963, limvals_max: 4.98212) >> (UserBuffQEl0scrfd_2_5g/conv43 | timeout: 60s)
[2026-05-07 13:02:49.674] [2196] [HailoRT] [info] [edge_elements.cpp:287] [create] Created (HwReadEl2scrfd_2_5g/conv44 | hw_frame_size: 153600)
[2026-05-07 13:02:49.674] [2196] [HailoRT] [info] [queue_elements.cpp:657] [create] Created (PullQEl_hw_read2scrfd_2_5g/conv44)
[2026-05-07 13:02:49.674] [2196] [HailoRT] [info] [filter_elements.cpp:375] [create] Created (PostInferEl2scrfd_2_5g/conv44 | Quantization - src_type: UINT8, dst_type FLOAT32, limvals_min: -3.16292, limvals_max: 3.50274 | Reorder - src_order: FCR, src_shape: (80, 80, 24), dst_order: FCR, dst_shape: (80, 80, 20))
[2026-05-07 13:02:49.674] [2196] [HailoRT] [info] [queue_elements.cpp:800] [create] Created (UserBuffQEl2scrfd_2_5g/conv44 | timeout: 60s)
[2026-05-07 13:02:49.674] [2196] [HailoRT] [info] [vstream.cpp:1114] [OutputVStreamImpl] Creating scrfd_2_5g/conv44...
[2026-05-07 13:02:49.674] [2196] [HailoRT] [info] [vstream_builder.cpp:220] [create_outputs] Output pipeline 'scrfd_2_5g/conv44': HW >> (HwReadEl2scrfd_2_5g/conv44 | hw_frame_size: 153600) >> (PullQEl_hw_read2scrfd_2_5g/conv44) >> (PostInferEl2scrfd_2_5g/conv44 | Quantization - src_type: UINT8, dst_type FLOAT32, limvals_min: -3.16292, limvals_max: 3.50274 | Reorder - src_order: FCR, src_shape: (80, 80, 24), dst_order: FCR, dst_shape: (80, 80, 20)) >> (UserBuffQEl2scrfd_2_5g/conv44 | timeout: 60s)
[2026-05-07 13:02:49.674] [2196] [HailoRT] [info] [edge_elements.cpp:287] [create] Created (HwReadEl14scrfd_2_5g/conv49 | hw_frame_size: 3200)
[2026-05-07 13:02:49.674] [2196] [HailoRT] [info] [queue_elements.cpp:657] [create] Created (PullQEl_hw_read14scrfd_2_5g/conv49)
[2026-05-07 13:02:49.674] [2196] [HailoRT] [info] [filter_elements.cpp:375] [create] Created (PostInferEl14scrfd_2_5g/conv49 | Quantization - src_type: UINT8, dst_type FLOAT32, limvals_min: 0, limvals_max: 1)
[2026-05-07 13:02:49.674] [2196] [HailoRT] [info] [queue_elements.cpp:800] [create] Created (UserBuffQEl14scrfd_2_5g/conv49 | timeout: 60s)
[2026-05-07 13:02:49.674] [2196] [HailoRT] [info] [vstream.cpp:1114] [OutputVStreamImpl] Creating scrfd_2_5g/conv49...
[2026-05-07 13:02:49.674] [2196] [HailoRT] [info] [vstream_builder.cpp:220] [create_outputs] Output pipeline 'scrfd_2_5g/conv49': HW >> (HwReadEl14scrfd_2_5g/conv49 | hw_frame_size: 3200) >> (PullQEl_hw_read14scrfd_2_5g/conv49) >> (PostInferEl14scrfd_2_5g/conv49 | Quantization - src_type: UINT8, dst_type FLOAT32, limvals_min: 0, limvals_max: 1) >> (UserBuffQEl14scrfd_2_5g/conv49 | timeout: 60s)
[2026-05-07 13:02:49.674] [2196] [HailoRT] [info] [edge_elements.cpp:287] [create] Created (HwReadEl12scrfd_2_5g/conv50 | hw_frame_size: 12800)
[2026-05-07 13:02:49.674] [2196] [HailoRT] [info] [queue_elements.cpp:657] [create] Created (PullQEl_hw_read12scrfd_2_5g/conv50)
[2026-05-07 13:02:49.674] [2196] [HailoRT] [info] [filter_elements.cpp:375] [create] Created (PostInferEl12scrfd_2_5g/conv50 | Quantization - src_type: UINT8, dst_type FLOAT32, limvals_min: 0, limvals_max: 8.10626)
[2026-05-07 13:02:49.675] [2196] [HailoRT] [info] [queue_elements.cpp:800] [create] Created (UserBuffQEl12scrfd_2_5g/conv50 | timeout: 60s)
[2026-05-07 13:02:49.675] [2196] [HailoRT] [info] [vstream.cpp:1114] [OutputVStreamImpl] Creating scrfd_2_5g/conv50...
[2026-05-07 13:02:49.675] [2196] [HailoRT] [info] [vstream_builder.cpp:220] [create_outputs] Output pipeline 'scrfd_2_5g/conv50': HW >> (HwReadEl12scrfd_2_5g/conv50 | hw_frame_size: 12800) >> (PullQEl_hw_read12scrfd_2_5g/conv50) >> (PostInferEl12scrfd_2_5g/conv50 | Quantization - src_type: UINT8, dst_type FLOAT32, limvals_min: 0, limvals_max: 8.10626) >> (UserBuffQEl12scrfd_2_5g/conv50 | timeout: 60s)
[2026-05-07 13:02:49.675] [2196] [HailoRT] [info] [edge_elements.cpp:287] [create] Created (HwReadEl1scrfd_2_5g/conv51 | hw_frame_size: 38400)
[2026-05-07 13:02:49.675] [2196] [HailoRT] [info] [queue_elements.cpp:657] [create] Created (PullQEl_hw_read1scrfd_2_5g/conv51)
[2026-05-07 13:02:49.675] [2196] [HailoRT] [info] [filter_elements.cpp:375] [create] Created (PostInferEl1scrfd_2_5g/conv51 | Quantization - src_type: UINT8, dst_type FLOAT32, limvals_min: -4.24698, limvals_max: 5.17024 | Reorder - src_order: FCR, src_shape: (40, 40, 24), dst_order: FCR, dst_shape: (40, 40, 20))
[2026-05-07 13:02:49.676] [2196] [HailoRT] [info] [queue_elements.cpp:800] [create] Created (UserBuffQEl1scrfd_2_5g/conv51 | timeout: 60s)
[2026-05-07 13:02:49.676] [2196] [HailoRT] [info] [vstream.cpp:1114] [OutputVStreamImpl] Creating scrfd_2_5g/conv51...
[2026-05-07 13:02:49.676] [2196] [HailoRT] [info] [vstream_builder.cpp:220] [create_outputs] Output pipeline 'scrfd_2_5g/conv51': HW >> (HwReadEl1scrfd_2_5g/conv51 | hw_frame_size: 38400) >> (PullQEl_hw_read1scrfd_2_5g/conv51) >> (PostInferEl1scrfd_2_5g/conv51 | Quantization - src_type: UINT8, dst_type FLOAT32, limvals_min: -4.24698, limvals_max: 5.17024 | Reorder - src_order: FCR, src_shape: (40, 40, 24), dst_order: FCR, dst_shape: (40, 40, 20)) >> (UserBuffQEl1scrfd_2_5g/conv51 | timeout: 60s)
[2026-05-07 13:02:49.676] [2196] [HailoRT] [info] [edge_elements.cpp:287] [create] Created (HwReadEl10scrfd_2_5g/conv55 | hw_frame_size: 800)
[2026-05-07 13:02:49.676] [2196] [HailoRT] [info] [queue_elements.cpp:657] [create] Created (PullQEl_hw_read10scrfd_2_5g/conv55)
[2026-05-07 13:02:49.676] [2196] [HailoRT] [info] [filter_elements.cpp:375] [create] Created (PostInferEl10scrfd_2_5g/conv55 | Quantization - src_type: UINT8, dst_type FLOAT32, limvals_min: 0, limvals_max: 1 | Reorder - src_order: NHCW, src_shape: (20, 20, 2), dst_order: NHWC, dst_shape: (20, 20, 2))
[2026-05-07 13:02:49.676] [2196] [HailoRT] [info] [queue_elements.cpp:800] [create] Created (UserBuffQEl10scrfd_2_5g/conv55 | timeout: 60s)
[2026-05-07 13:02:49.676] [2196] [HailoRT] [info] [vstream.cpp:1114] [OutputVStreamImpl] Creating scrfd_2_5g/conv55...
[2026-05-07 13:02:49.676] [2196] [HailoRT] [info] [vstream_builder.cpp:220] [create_outputs] Output pipeline 'scrfd_2_5g/conv55': HW >> (HwReadEl10scrfd_2_5g/conv55 | hw_frame_size: 800) >> (PullQEl_hw_read10scrfd_2_5g/conv55) >> (PostInferEl10scrfd_2_5g/conv55 | Quantization - src_type: UINT8, dst_type FLOAT32, limvals_min: 0, limvals_max: 1 | Reorder - src_order: NHCW, src_shape: (20, 20, 2), dst_order: NHWC, dst_shape: (20, 20, 2)) >> (UserBuffQEl10scrfd_2_5g/conv55 | timeout: 60s)
[2026-05-07 13:02:49.676] [2196] [HailoRT] [info] [edge_elements.cpp:287] [create] Created (HwReadEl9scrfd_2_5g/conv56 | hw_frame_size: 3200)
[2026-05-07 13:02:49.676] [2196] [HailoRT] [info] [queue_elements.cpp:657] [create] Created (PullQEl_hw_read9scrfd_2_5g/conv56)
[2026-05-07 13:02:49.676] [2196] [HailoRT] [info] [filter_elements.cpp:375] [create] Created (PostInferEl9scrfd_2_5g/conv56 | Quantization - src_type: UINT8, dst_type FLOAT32, limvals_min: -0.0299247, limvals_max: 7.60086 | Reorder - src_order: NHCW, src_shape: (20, 20, 8), dst_order: NHWC, dst_shape: (20, 20, 8))
[2026-05-07 13:02:49.676] [2196] [HailoRT] [info] [queue_elements.cpp:800] [create] Created (UserBuffQEl9scrfd_2_5g/conv56 | timeout: 60s)
[2026-05-07 13:02:49.676] [2196] [HailoRT] [info] [vstream.cpp:1114] [OutputVStreamImpl] Creating scrfd_2_5g/conv56...
[2026-05-07 13:02:49.676] [2196] [HailoRT] [info] [vstream_builder.cpp:220] [create_outputs] Output pipeline 'scrfd_2_5g/conv56': HW >> (HwReadEl9scrfd_2_5g/conv56 | hw_frame_size: 3200) >> (PullQEl_hw_read9scrfd_2_5g/conv56) >> (PostInferEl9scrfd_2_5g/conv56 | Quantization - src_type: UINT8, dst_type FLOAT32, limvals_min: -0.0299247, limvals_max: 7.60086 | Reorder - src_order: NHCW, src_shape: (20, 20, 8), dst_order: NHWC, dst_shape: (20, 20, 8)) >> (UserBuffQEl9scrfd_2_5g/conv56 | timeout: 60s)
[2026-05-07 13:02:49.676] [2196] [HailoRT] [info] [edge_elements.cpp:287] [create] Created (HwReadEl13scrfd_2_5g/conv57 | hw_frame_size: 9600)
[2026-05-07 13:02:49.676] [2196] [HailoRT] [info] [queue_elements.cpp:657] [create] Created (PullQEl_hw_read13scrfd_2_5g/conv57)
[2026-05-07 13:02:49.676] [2196] [HailoRT] [info] [filter_elements.cpp:375] [create] Created (PostInferEl13scrfd_2_5g/conv57 | Quantization - src_type: UINT8, dst_type FLOAT32, limvals_min: -4.03285, limvals_max: 5.14908 | Reorder - src_order: FCR, src_shape: (20, 20, 24), dst_order: FCR, dst_shape: (20, 20, 20))
[2026-05-07 13:02:49.676] [2196] [HailoRT] [info] [queue_elements.cpp:800] [create] Created (UserBuffQEl13scrfd_2_5g/conv57 | timeout: 60s)
[2026-05-07 13:02:49.676] [2196] [HailoRT] [info] [vstream.cpp:1114] [OutputVStreamImpl] Creating scrfd_2_5g/conv57...
[2026-05-07 13:02:49.676] [2196] [HailoRT] [info] [vstream_builder.cpp:220] [create_outputs] Output pipeline 'scrfd_2_5g/conv57': HW >> (HwReadEl13scrfd_2_5g/conv57 | hw_frame_size: 9600) >> (PullQEl_hw_read13scrfd_2_5g/conv57) >> (PostInferEl13scrfd_2_5g/conv57 | Quantization - src_type: UINT8, dst_type FLOAT32, limvals_min: -4.03285, limvals_max: 5.14908 | Reorder - src_order: FCR, src_shape: (20, 20, 24), dst_order: FCR, dst_shape: (20, 20, 20)) >> (UserBuffQEl13scrfd_2_5g/conv57 | timeout: 60s)
[2026-05-07 13:02:49.677] [2196] [HailoRT] [info] [core_op.cpp:156] [activate] Activating scrfd_2_5g took 0.526148 milliseconds. Note that the function is asynchronous and thus the network is not fully activated yet.
[2026-05-07 13:02:49.677] [2196] [HailoRT] [info] [core_op.cpp:156] [activate] Activating scrfd_2_5g took 0.53813 milliseconds. Note that the function is asynchronous and thus the network is not fully activated yet.
[2026-05-07 13:04:59.802] [1897] [HailoRT] [info] [vdevice.cpp:523] [create] Creating vdevice with params: device_count: 1, scheduling_algorithm: NONE, multi_process_service: false
[2026-05-07 13:04:59.829] [1897] [HailoRT] [info] [device.cpp:49] [Device] OS Version: Linux 6.12.75+rpt-rpi-2712 #1 SMP PREEMPT Debian 1:6.12.75-1+rpt1~bookworm (2026-03-11) aarch64
[2026-05-07 13:04:59.832] [1897] [HailoRT] [info] [control.cpp:108] [control__parse_identify_results] firmware_version is: 4.20.0
[2026-05-07 13:04:59.832] [1897] [HailoRT] [info] [vdevice.cpp:651] [create] VDevice Infos: 0001:01:00.0
[2026-05-07 13:04:59.856] [1897] [HailoRT] [info] [internal_buffer_manager.cpp:204] [print_execution_results] Planned internal buffer memory: CMA memory 0, user memory 462336. memory to edge layer usage factor is 1
[2026-05-07 13:04:59.856] [1897] [HailoRT] [info] [internal_buffer_manager.cpp:212] [print_execution_results] Default Internal buffer planner executed successfully
[2026-05-07 13:04:59.871] [1897] [HailoRT] [info] [device_internal.cpp:57] [configure] Configuring HEF took 37.82524 milliseconds
[2026-05-07 13:04:59.871] [1897] [HailoRT] [info] [vdevice.cpp:749] [configure] Configuring HEF on VDevice took 39.194704 milliseconds
[2026-05-07 13:04:59.872] [1897] [HailoRT] [info] [hef.cpp:1929] [get_network_group_and_network_name] No name was given. Addressing all networks of default network_group: scrfd_2_5g
[2026-05-07 13:05:00.135] [2188] [HailoRT] [info] [edge_elements.cpp:52] [create] Created (HwWriteEl3scrfd_2_5g/input_layer1 | hw_frame_size: 1228800)
[2026-05-07 13:05:00.135] [2188] [HailoRT] [info] [vstream.cpp:754] [InputVStreamImpl] Creating scrfd_2_5g/input_layer1...
[2026-05-07 13:05:00.135] [2188] [HailoRT] [info] [vstream_builder.cpp:102] [create_inputs] Input pipeline 'scrfd_2_5g/input_layer1': (HwWriteEl3scrfd_2_5g/input_layer1 | hw_frame_size: 1228800) >> HW
[2026-05-07 13:05:00.135] [2188] [HailoRT] [info] [edge_elements.cpp:287] [create] Created (HwReadEl3scrfd_2_5g/conv42 | hw_frame_size: 12800)
[2026-05-07 13:05:00.139] [2188] [HailoRT] [info] [queue_elements.cpp:657] [create] Created (PullQEl_hw_read3scrfd_2_5g/conv42)
[2026-05-07 13:05:00.139] [2188] [HailoRT] [info] [filter_elements.cpp:375] [create] Created (PostInferEl3scrfd_2_5g/conv42 | Quantization - src_type: UINT8, dst_type FLOAT32, limvals_min: 0, limvals_max: 1)
[2026-05-07 13:05:00.139] [2188] [HailoRT] [info] [queue_elements.cpp:800] [create] Created (UserBuffQEl3scrfd_2_5g/conv42 | timeout: 60s)
[2026-05-07 13:05:00.139] [2188] [HailoRT] [info] [vstream.cpp:1114] [OutputVStreamImpl] Creating scrfd_2_5g/conv42...
[2026-05-07 13:05:00.139] [2188] [HailoRT] [info] [vstream_builder.cpp:220] [create_outputs] Output pipeline 'scrfd_2_5g/conv42': HW >> (HwReadEl3scrfd_2_5g/conv42 | hw_frame_size: 12800) >> (PullQEl_hw_read3scrfd_2_5g/conv42) >> (PostInferEl3scrfd_2_5g/conv42 | Quantization - src_type: UINT8, dst_type FLOAT32, limvals_min: 0, limvals_max: 1) >> (UserBuffQEl3scrfd_2_5g/conv42 | timeout: 60s)
[2026-05-07 13:05:00.139] [2188] [HailoRT] [info] [edge_elements.cpp:287] [create] Created (HwReadEl0scrfd_2_5g/conv43 | hw_frame_size: 51200)
[2026-05-07 13:05:00.159] [2188] [HailoRT] [info] [queue_elements.cpp:657] [create] Created (PullQEl_hw_read0scrfd_2_5g/conv43)
[2026-05-07 13:05:00.159] [2188] [HailoRT] [info] [filter_elements.cpp:375] [create] Created (PostInferEl0scrfd_2_5g/conv43 | Quantization - src_type: UINT8, dst_type FLOAT32, limvals_min: -0.0793963, limvals_max: 4.98212)
[2026-05-07 13:05:00.159] [2188] [HailoRT] [info] [queue_elements.cpp:800] [create] Created (UserBuffQEl0scrfd_2_5g/conv43 | timeout: 60s)
[2026-05-07 13:05:00.159] [2188] [HailoRT] [info] [vstream.cpp:1114] [OutputVStreamImpl] Creating scrfd_2_5g/conv43...
[2026-05-07 13:05:00.159] [2188] [HailoRT] [info] [vstream_builder.cpp:220] [create_outputs] Output pipeline 'scrfd_2_5g/conv43': HW >> (HwReadEl0scrfd_2_5g/conv43 | hw_frame_size: 51200) >> (PullQEl_hw_read0scrfd_2_5g/conv43) >> (PostInferEl0scrfd_2_5g/conv43 | Quantization - src_type: UINT8, dst_type FLOAT32, limvals_min: -0.0793963, limvals_max: 4.98212) >> (UserBuffQEl0scrfd_2_5g/conv43 | timeout: 60s)
[2026-05-07 13:05:00.168] [2188] [HailoRT] [info] [edge_elements.cpp:287] [create] Created (HwReadEl2scrfd_2_5g/conv44 | hw_frame_size: 153600)
[2026-05-07 13:05:00.168] [2188] [HailoRT] [info] [queue_elements.cpp:657] [create] Created (PullQEl_hw_read2scrfd_2_5g/conv44)
[2026-05-07 13:05:00.168] [2188] [HailoRT] [info] [filter_elements.cpp:375] [create] Created (PostInferEl2scrfd_2_5g/conv44 | Quantization - src_type: UINT8, dst_type FLOAT32, limvals_min: -3.16292, limvals_max: 3.50274 | Reorder - src_order: FCR, src_shape: (80, 80, 24), dst_order: FCR, dst_shape: (80, 80, 20))
[2026-05-07 13:05:00.169] [2188] [HailoRT] [info] [queue_elements.cpp:800] [create] Created (UserBuffQEl2scrfd_2_5g/conv44 | timeout: 60s)
[2026-05-07 13:05:00.169] [2188] [HailoRT] [info] [vstream.cpp:1114] [OutputVStreamImpl] Creating scrfd_2_5g/conv44...
[2026-05-07 13:05:00.169] [2188] [HailoRT] [info] [vstream_builder.cpp:220] [create_outputs] Output pipeline 'scrfd_2_5g/conv44': HW >> (HwReadEl2scrfd_2_5g/conv44 | hw_frame_size: 153600) >> (PullQEl_hw_read2scrfd_2_5g/conv44) >> (PostInferEl2scrfd_2_5g/conv44 | Quantization - src_type: UINT8, dst_type FLOAT32, limvals_min: -3.16292, limvals_max: 3.50274 | Reorder - src_order: FCR, src_shape: (80, 80, 24), dst_order: FCR, dst_shape: (80, 80, 20)) >> (UserBuffQEl2scrfd_2_5g/conv44 | timeout: 60s)
[2026-05-07 13:05:00.169] [2188] [HailoRT] [info] [edge_elements.cpp:287] [create] Created (HwReadEl14scrfd_2_5g/conv49 | hw_frame_size: 3200)
[2026-05-07 13:05:00.169] [2188] [HailoRT] [info] [queue_elements.cpp:657] [create] Created (PullQEl_hw_read14scrfd_2_5g/conv49)
[2026-05-07 13:05:00.169] [2188] [HailoRT] [info] [filter_elements.cpp:375] [create] Created (PostInferEl14scrfd_2_5g/conv49 | Quantization - src_type: UINT8, dst_type FLOAT32, limvals_min: 0, limvals_max: 1)
[2026-05-07 13:05:00.169] [2188] [HailoRT] [info] [queue_elements.cpp:800] [create] Created (UserBuffQEl14scrfd_2_5g/conv49 | timeout: 60s)
[2026-05-07 13:05:00.169] [2188] [HailoRT] [info] [vstream.cpp:1114] [OutputVStreamImpl] Creating scrfd_2_5g/conv49...
[2026-05-07 13:05:00.169] [2188] [HailoRT] [info] [vstream_builder.cpp:220] [create_outputs] Output pipeline 'scrfd_2_5g/conv49': HW >> (HwReadEl14scrfd_2_5g/conv49 | hw_frame_size: 3200) >> (PullQEl_hw_read14scrfd_2_5g/conv49) >> (PostInferEl14scrfd_2_5g/conv49 | Quantization - src_type: UINT8, dst_type FLOAT32, limvals_min: 0, limvals_max: 1) >> (UserBuffQEl14scrfd_2_5g/conv49 | timeout: 60s)
[2026-05-07 13:05:00.169] [2188] [HailoRT] [info] [edge_elements.cpp:287] [create] Created (HwReadEl12scrfd_2_5g/conv50 | hw_frame_size: 12800)
[2026-05-07 13:05:00.169] [2188] [HailoRT] [info] [queue_elements.cpp:657] [create] Created (PullQEl_hw_read12scrfd_2_5g/conv50)
[2026-05-07 13:05:00.169] [2188] [HailoRT] [info] [filter_elements.cpp:375] [create] Created (PostInferEl12scrfd_2_5g/conv50 | Quantization - src_type: UINT8, dst_type FLOAT32, limvals_min: 0, limvals_max: 8.10626)
[2026-05-07 13:05:00.169] [2188] [HailoRT] [info] [queue_elements.cpp:800] [create] Created (UserBuffQEl12scrfd_2_5g/conv50 | timeout: 60s)
[2026-05-07 13:05:00.169] [2188] [HailoRT] [info] [vstream.cpp:1114] [OutputVStreamImpl] Creating scrfd_2_5g/conv50...
[2026-05-07 13:05:00.169] [2188] [HailoRT] [info] [vstream_builder.cpp:220] [create_outputs] Output pipeline 'scrfd_2_5g/conv50': HW >> (HwReadEl12scrfd_2_5g/conv50 | hw_frame_size: 12800) >> (PullQEl_hw_read12scrfd_2_5g/conv50) >> (PostInferEl12scrfd_2_5g/conv50 | Quantization - src_type: UINT8, dst_type FLOAT32, limvals_min: 0, limvals_max: 8.10626) >> (UserBuffQEl12scrfd_2_5g/conv50 | timeout: 60s)
[2026-05-07 13:05:00.169] [2188] [HailoRT] [info] [edge_elements.cpp:287] [create] Created (HwReadEl1scrfd_2_5g/conv51 | hw_frame_size: 38400)
[2026-05-07 13:05:00.169] [2188] [HailoRT] [info] [queue_elements.cpp:657] [create] Created (PullQEl_hw_read1scrfd_2_5g/conv51)
[2026-05-07 13:05:00.169] [2188] [HailoRT] [info] [filter_elements.cpp:375] [create] Created (PostInferEl1scrfd_2_5g/conv51 | Quantization - src_type: UINT8, dst_type FLOAT32, limvals_min: -4.24698, limvals_max: 5.17024 | Reorder - src_order: FCR, src_shape: (40, 40, 24), dst_order: FCR, dst_shape: (40, 40, 20))
[2026-05-07 13:05:00.169] [2188] [HailoRT] [info] [queue_elements.cpp:800] [create] Created (UserBuffQEl1scrfd_2_5g/conv51 | timeout: 60s)
[2026-05-07 13:05:00.169] [2188] [HailoRT] [info] [vstream.cpp:1114] [OutputVStreamImpl] Creating scrfd_2_5g/conv51...
[2026-05-07 13:05:00.169] [2188] [HailoRT] [info] [vstream_builder.cpp:220] [create_outputs] Output pipeline 'scrfd_2_5g/conv51': HW >> (HwReadEl1scrfd_2_5g/conv51 | hw_frame_size: 38400) >> (PullQEl_hw_read1scrfd_2_5g/conv51) >> (PostInferEl1scrfd_2_5g/conv51 | Quantization - src_type: UINT8, dst_type FLOAT32, limvals_min: -4.24698, limvals_max: 5.17024 | Reorder - src_order: FCR, src_shape: (40, 40, 24), dst_order: FCR, dst_shape: (40, 40, 20)) >> (UserBuffQEl1scrfd_2_5g/conv51 | timeout: 60s)
[2026-05-07 13:05:00.169] [2188] [HailoRT] [info] [edge_elements.cpp:287] [create] Created (HwReadEl10scrfd_2_5g/conv55 | hw_frame_size: 800)
[2026-05-07 13:05:00.169] [2188] [HailoRT] [info] [queue_elements.cpp:657] [create] Created (PullQEl_hw_read10scrfd_2_5g/conv55)
[2026-05-07 13:05:00.169] [2188] [HailoRT] [info] [filter_elements.cpp:375] [create] Created (PostInferEl10scrfd_2_5g/conv55 | Quantization - src_type: UINT8, dst_type FLOAT32, limvals_min: 0, limvals_max: 1 | Reorder - src_order: NHCW, src_shape: (20, 20, 2), dst_order: NHWC, dst_shape: (20, 20, 2))
[2026-05-07 13:05:00.169] [2188] [HailoRT] [info] [queue_elements.cpp:800] [create] Created (UserBuffQEl10scrfd_2_5g/conv55 | timeout: 60s)
[2026-05-07 13:05:00.169] [2188] [HailoRT] [info] [vstream.cpp:1114] [OutputVStreamImpl] Creating scrfd_2_5g/conv55...
[2026-05-07 13:05:00.169] [2188] [HailoRT] [info] [vstream_builder.cpp:220] [create_outputs] Output pipeline 'scrfd_2_5g/conv55': HW >> (HwReadEl10scrfd_2_5g/conv55 | hw_frame_size: 800) >> (PullQEl_hw_read10scrfd_2_5g/conv55) >> (PostInferEl10scrfd_2_5g/conv55 | Quantization - src_type: UINT8, dst_type FLOAT32, limvals_min: 0, limvals_max: 1 | Reorder - src_order: NHCW, src_shape: (20, 20, 2), dst_order: NHWC, dst_shape: (20, 20, 2)) >> (UserBuffQEl10scrfd_2_5g/conv55 | timeout: 60s)
[2026-05-07 13:05:00.169] [2188] [HailoRT] [info] [edge_elements.cpp:287] [create] Created (HwReadEl9scrfd_2_5g/conv56 | hw_frame_size: 3200)
[2026-05-07 13:05:00.169] [2188] [HailoRT] [info] [queue_elements.cpp:657] [create] Created (PullQEl_hw_read9scrfd_2_5g/conv56)
[2026-05-07 13:05:00.169] [2188] [HailoRT] [info] [filter_elements.cpp:375] [create] Created (PostInferEl9scrfd_2_5g/conv56 | Quantization - src_type: UINT8, dst_type FLOAT32, limvals_min: -0.0299247, limvals_max: 7.60086 | Reorder - src_order: NHCW, src_shape: (20, 20, 8), dst_order: NHWC, dst_shape: (20, 20, 8))
[2026-05-07 13:05:00.170] [2188] [HailoRT] [info] [queue_elements.cpp:800] [create] Created (UserBuffQEl9scrfd_2_5g/conv56 | timeout: 60s)
[2026-05-07 13:05:00.170] [2188] [HailoRT] [info] [vstream.cpp:1114] [OutputVStreamImpl] Creating scrfd_2_5g/conv56...
[2026-05-07 13:05:00.170] [2188] [HailoRT] [info] [vstream_builder.cpp:220] [create_outputs] Output pipeline 'scrfd_2_5g/conv56': HW >> (HwReadEl9scrfd_2_5g/conv56 | hw_frame_size: 3200) >> (PullQEl_hw_read9scrfd_2_5g/conv56) >> (PostInferEl9scrfd_2_5g/conv56 | Quantization - src_type: UINT8, dst_type FLOAT32, limvals_min: -0.0299247, limvals_max: 7.60086 | Reorder - src_order: NHCW, src_shape: (20, 20, 8), dst_order: NHWC, dst_shape: (20, 20, 8)) >> (UserBuffQEl9scrfd_2_5g/conv56 | timeout: 60s)
[2026-05-07 13:05:00.170] [2188] [HailoRT] [info] [edge_elements.cpp:287] [create] Created (HwReadEl13scrfd_2_5g/conv57 | hw_frame_size: 9600)
[2026-05-07 13:05:00.170] [2188] [HailoRT] [info] [queue_elements.cpp:657] [create] Created (PullQEl_hw_read13scrfd_2_5g/conv57)
[2026-05-07 13:05:00.170] [2188] [HailoRT] [info] [filter_elements.cpp:375] [create] Created (PostInferEl13scrfd_2_5g/conv57 | Quantization - src_type: UINT8, dst_type FLOAT32, limvals_min: -4.03285, limvals_max: 5.14908 | Reorder - src_order: FCR, src_shape: (20, 20, 24), dst_order: FCR, dst_shape: (20, 20, 20))
[2026-05-07 13:05:00.170] [2188] [HailoRT] [info] [queue_elements.cpp:800] [create] Created (UserBuffQEl13scrfd_2_5g/conv57 | timeout: 60s)
[2026-05-07 13:05:00.170] [2188] [HailoRT] [info] [vstream.cpp:1114] [OutputVStreamImpl] Creating scrfd_2_5g/conv57...
[2026-05-07 13:05:00.170] [2188] [HailoRT] [info] [vstream_builder.cpp:220] [create_outputs] Output pipeline 'scrfd_2_5g/conv57': HW >> (HwReadEl13scrfd_2_5g/conv57 | hw_frame_size: 9600) >> (PullQEl_hw_read13scrfd_2_5g/conv57) >> (PostInferEl13scrfd_2_5g/conv57 | Quantization - src_type: UINT8, dst_type FLOAT32, limvals_min: -4.03285, limvals_max: 5.14908 | Reorder - src_order: FCR, src_shape: (20, 20, 24), dst_order: FCR, dst_shape: (20, 20, 20)) >> (UserBuffQEl13scrfd_2_5g/conv57 | timeout: 60s)
[2026-05-07 13:05:00.170] [2188] [HailoRT] [info] [core_op.cpp:156] [activate] Activating scrfd_2_5g took 0.504315 milliseconds. Note that the function is asynchronous and thus the network is not fully activated yet.
[2026-05-07 13:05:00.170] [2188] [HailoRT] [info] [core_op.cpp:156] [activate] Activating scrfd_2_5g took 0.514944 milliseconds. Note that the function is asynchronous and thus the network is not fully activated yet.
[2026-05-07 13:19:09.776] [1822] [HailoRT] [info] [vdevice.cpp:523] [create] Creating vdevice with params: device_count: 1, scheduling_algorithm: NONE, multi_process_service: false
[2026-05-07 13:19:09.809] [1822] [HailoRT] [info] [device.cpp:49] [Device] OS Version: Linux 6.12.75+rpt-rpi-2712 #1 SMP PREEMPT Debian 1:6.12.75-1+rpt1~bookworm (2026-03-11) aarch64
[2026-05-07 13:19:09.811] [1822] [HailoRT] [info] [control.cpp:108] [control__parse_identify_results] firmware_version is: 4.20.0
[2026-05-07 13:19:09.811] [1822] [HailoRT] [info] [vdevice.cpp:651] [create] VDevice Infos: 0001:01:00.0
[2026-05-07 13:19:09.837] [1822] [HailoRT] [info] [internal_buffer_manager.cpp:204] [print_execution_results] Planned internal buffer memory: CMA memory 0, user memory 462336. memory to edge layer usage factor is 1
[2026-05-07 13:19:09.837] [1822] [HailoRT] [info] [internal_buffer_manager.cpp:212] [print_execution_results] Default Internal buffer planner executed successfully
[2026-05-07 13:19:09.854] [1822] [HailoRT] [info] [device_internal.cpp:57] [configure] Configuring HEF took 42.073167 milliseconds
[2026-05-07 13:19:09.854] [1822] [HailoRT] [info] [vdevice.cpp:749] [configure] Configuring HEF on VDevice took 42.875871 milliseconds
[2026-05-07 13:19:09.856] [1822] [HailoRT] [info] [hef.cpp:1929] [get_network_group_and_network_name] No name was given. Addressing all networks of default network_group: scrfd_2_5g
[2026-05-07 13:19:10.118] [2192] [HailoRT] [info] [edge_elements.cpp:52] [create] Created (HwWriteEl3scrfd_2_5g/input_layer1 | hw_frame_size: 1228800)
[2026-05-07 13:19:10.118] [2192] [HailoRT] [info] [vstream.cpp:754] [InputVStreamImpl] Creating scrfd_2_5g/input_layer1...
[2026-05-07 13:19:10.118] [2192] [HailoRT] [info] [vstream_builder.cpp:102] [create_inputs] Input pipeline 'scrfd_2_5g/input_layer1': (HwWriteEl3scrfd_2_5g/input_layer1 | hw_frame_size: 1228800) >> HW
[2026-05-07 13:19:10.118] [2192] [HailoRT] [info] [edge_elements.cpp:287] [create] Created (HwReadEl3scrfd_2_5g/conv42 | hw_frame_size: 12800)
[2026-05-07 13:19:10.120] [2192] [HailoRT] [info] [queue_elements.cpp:657] [create] Created (PullQEl_hw_read3scrfd_2_5g/conv42)
[2026-05-07 13:19:10.120] [2192] [HailoRT] [info] [filter_elements.cpp:375] [create] Created (PostInferEl3scrfd_2_5g/conv42 | Quantization - src_type: UINT8, dst_type FLOAT32, limvals_min: 0, limvals_max: 1)
[2026-05-07 13:19:10.120] [2192] [HailoRT] [info] [queue_elements.cpp:800] [create] Created (UserBuffQEl3scrfd_2_5g/conv42 | timeout: 60s)
[2026-05-07 13:19:10.120] [2192] [HailoRT] [info] [vstream.cpp:1114] [OutputVStreamImpl] Creating scrfd_2_5g/conv42...
[2026-05-07 13:19:10.120] [2192] [HailoRT] [info] [vstream_builder.cpp:220] [create_outputs] Output pipeline 'scrfd_2_5g/conv42': HW >> (HwReadEl3scrfd_2_5g/conv42 | hw_frame_size: 12800) >> (PullQEl_hw_read3scrfd_2_5g/conv42) >> (PostInferEl3scrfd_2_5g/conv42 | Quantization - src_type: UINT8, dst_type FLOAT32, limvals_min: 0, limvals_max: 1) >> (UserBuffQEl3scrfd_2_5g/conv42 | timeout: 60s)
[2026-05-07 13:19:10.120] [2192] [HailoRT] [info] [edge_elements.cpp:287] [create] Created (HwReadEl0scrfd_2_5g/conv43 | hw_frame_size: 51200)
[2026-05-07 13:19:10.135] [2192] [HailoRT] [info] [queue_elements.cpp:657] [create] Created (PullQEl_hw_read0scrfd_2_5g/conv43)
[2026-05-07 13:19:10.135] [2192] [HailoRT] [info] [filter_elements.cpp:375] [create] Created (PostInferEl0scrfd_2_5g/conv43 | Quantization - src_type: UINT8, dst_type FLOAT32, limvals_min: -0.0793963, limvals_max: 4.98212)
[2026-05-07 13:19:10.135] [2192] [HailoRT] [info] [queue_elements.cpp:800] [create] Created (UserBuffQEl0scrfd_2_5g/conv43 | timeout: 60s)
[2026-05-07 13:19:10.135] [2192] [HailoRT] [info] [vstream.cpp:1114] [OutputVStreamImpl] Creating scrfd_2_5g/conv43...
[2026-05-07 13:19:10.135] [2192] [HailoRT] [info] [vstream_builder.cpp:220] [create_outputs] Output pipeline 'scrfd_2_5g/conv43': HW >> (HwReadEl0scrfd_2_5g/conv43 | hw_frame_size: 51200) >> (PullQEl_hw_read0scrfd_2_5g/conv43) >> (PostInferEl0scrfd_2_5g/conv43 | Quantization - src_type: UINT8, dst_type FLOAT32, limvals_min: -0.0793963, limvals_max: 4.98212) >> (UserBuffQEl0scrfd_2_5g/conv43 | timeout: 60s)
[2026-05-07 13:19:10.144] [2192] [HailoRT] [info] [edge_elements.cpp:287] [create] Created (HwReadEl2scrfd_2_5g/conv44 | hw_frame_size: 153600)
[2026-05-07 13:19:10.144] [2192] [HailoRT] [info] [queue_elements.cpp:657] [create] Created (PullQEl_hw_read2scrfd_2_5g/conv44)
[2026-05-07 13:19:10.144] [2192] [HailoRT] [info] [filter_elements.cpp:375] [create] Created (PostInferEl2scrfd_2_5g/conv44 | Quantization - src_type: UINT8, dst_type FLOAT32, limvals_min: -3.16292, limvals_max: 3.50274 | Reorder - src_order: FCR, src_shape: (80, 80, 24), dst_order: FCR, dst_shape: (80, 80, 20))
[2026-05-07 13:19:10.144] [2192] [HailoRT] [info] [queue_elements.cpp:800] [create] Created (UserBuffQEl2scrfd_2_5g/conv44 | timeout: 60s)
[2026-05-07 13:19:10.144] [2192] [HailoRT] [info] [vstream.cpp:1114] [OutputVStreamImpl] Creating scrfd_2_5g/conv44...
[2026-05-07 13:19:10.144] [2192] [HailoRT] [info] [vstream_builder.cpp:220] [create_outputs] Output pipeline 'scrfd_2_5g/conv44': HW >> (HwReadEl2scrfd_2_5g/conv44 | hw_frame_size: 153600) >> (PullQEl_hw_read2scrfd_2_5g/conv44) >> (PostInferEl2scrfd_2_5g/conv44 | Quantization - src_type: UINT8, dst_type FLOAT32, limvals_min: -3.16292, limvals_max: 3.50274 | Reorder - src_order: FCR, src_shape: (80, 80, 24), dst_order: FCR, dst_shape: (80, 80, 20)) >> (UserBuffQEl2scrfd_2_5g/conv44 | timeout: 60s)
[2026-05-07 13:19:10.144] [2192] [HailoRT] [info] [edge_elements.cpp:287] [create] Created (HwReadEl14scrfd_2_5g/conv49 | hw_frame_size: 3200)
[2026-05-07 13:19:10.144] [2192] [HailoRT] [info] [queue_elements.cpp:657] [create] Created (PullQEl_hw_read14scrfd_2_5g/conv49)
[2026-05-07 13:19:10.144] [2192] [HailoRT] [info] [filter_elements.cpp:375] [create] Created (PostInferEl14scrfd_2_5g/conv49 | Quantization - src_type: UINT8, dst_type FLOAT32, limvals_min: 0, limvals_max: 1)
[2026-05-07 13:19:10.144] [2192] [HailoRT] [info] [queue_elements.cpp:800] [create] Created (UserBuffQEl14scrfd_2_5g/conv49 | timeout: 60s)
[2026-05-07 13:19:10.144] [2192] [HailoRT] [info] [vstream.cpp:1114] [OutputVStreamImpl] Creating scrfd_2_5g/conv49...
[2026-05-07 13:19:10.144] [2192] [HailoRT] [info] [vstream_builder.cpp:220] [create_outputs] Output pipeline 'scrfd_2_5g/conv49': HW >> (HwReadEl14scrfd_2_5g/conv49 | hw_frame_size: 3200) >> (PullQEl_hw_read14scrfd_2_5g/conv49) >> (PostInferEl14scrfd_2_5g/conv49 | Quantization - src_type: UINT8, dst_type FLOAT32, limvals_min: 0, limvals_max: 1) >> (UserBuffQEl14scrfd_2_5g/conv49 | timeout: 60s)
[2026-05-07 13:19:10.144] [2192] [HailoRT] [info] [edge_elements.cpp:287] [create] Created (HwReadEl12scrfd_2_5g/conv50 | hw_frame_size: 12800)
[2026-05-07 13:19:10.144] [2192] [HailoRT] [info] [queue_elements.cpp:657] [create] Created (PullQEl_hw_read12scrfd_2_5g/conv50)
[2026-05-07 13:19:10.144] [2192] [HailoRT] [info] [filter_elements.cpp:375] [create] Created (PostInferEl12scrfd_2_5g/conv50 | Quantization - src_type: UINT8, dst_type FLOAT32, limvals_min: 0, limvals_max: 8.10626)
[2026-05-07 13:19:10.144] [2192] [HailoRT] [info] [queue_elements.cpp:800] [create] Created (UserBuffQEl12scrfd_2_5g/conv50 | timeout: 60s)
[2026-05-07 13:19:10.144] [2192] [HailoRT] [info] [vstream.cpp:1114] [OutputVStreamImpl] Creating scrfd_2_5g/conv50...
[2026-05-07 13:19:10.144] [2192] [HailoRT] [info] [vstream_builder.cpp:220] [create_outputs] Output pipeline 'scrfd_2_5g/conv50': HW >> (HwReadEl12scrfd_2_5g/conv50 | hw_frame_size: 12800) >> (PullQEl_hw_read12scrfd_2_5g/conv50) >> (PostInferEl12scrfd_2_5g/conv50 | Quantization - src_type: UINT8, dst_type FLOAT32, limvals_min: 0, limvals_max: 8.10626) >> (UserBuffQEl12scrfd_2_5g/conv50 | timeout: 60s)
[2026-05-07 13:19:10.144] [2192] [HailoRT] [info] [edge_elements.cpp:287] [create] Created (HwReadEl1scrfd_2_5g/conv51 | hw_frame_size: 38400)
[2026-05-07 13:19:10.144] [2192] [HailoRT] [info] [queue_elements.cpp:657] [create] Created (PullQEl_hw_read1scrfd_2_5g/conv51)
[2026-05-07 13:19:10.144] [2192] [HailoRT] [info] [filter_elements.cpp:375] [create] Created (PostInferEl1scrfd_2_5g/conv51 | Quantization - src_type: UINT8, dst_type FLOAT32, limvals_min: -4.24698, limvals_max: 5.17024 | Reorder - src_order: FCR, src_shape: (40, 40, 24), dst_order: FCR, dst_shape: (40, 40, 20))
[2026-05-07 13:19:10.144] [2192] [HailoRT] [info] [queue_elements.cpp:800] [create] Created (UserBuffQEl1scrfd_2_5g/conv51 | timeout: 60s)
[2026-05-07 13:19:10.144] [2192] [HailoRT] [info] [vstream.cpp:1114] [OutputVStreamImpl] Creating scrfd_2_5g/conv51...
[2026-05-07 13:19:10.144] [2192] [HailoRT] [info] [vstream_builder.cpp:220] [create_outputs] Output pipeline 'scrfd_2_5g/conv51': HW >> (HwReadEl1scrfd_2_5g/conv51 | hw_frame_size: 38400) >> (PullQEl_hw_read1scrfd_2_5g/conv51) >> (PostInferEl1scrfd_2_5g/conv51 | Quantization - src_type: UINT8, dst_type FLOAT32, limvals_min: -4.24698, limvals_max: 5.17024 | Reorder - src_order: FCR, src_shape: (40, 40, 24), dst_order: FCR, dst_shape: (40, 40, 20)) >> (UserBuffQEl1scrfd_2_5g/conv51 | timeout: 60s)
[2026-05-07 13:19:10.144] [2192] [HailoRT] [info] [edge_elements.cpp:287] [create] Created (HwReadEl10scrfd_2_5g/conv55 | hw_frame_size: 800)
[2026-05-07 13:19:10.144] [2192] [HailoRT] [info] [queue_elements.cpp:657] [create] Created (PullQEl_hw_read10scrfd_2_5g/conv55)
[2026-05-07 13:19:10.144] [2192] [HailoRT] [info] [filter_elements.cpp:375] [create] Created (PostInferEl10scrfd_2_5g/conv55 | Quantization - src_type: UINT8, dst_type FLOAT32, limvals_min: 0, limvals_max: 1 | Reorder - src_order: NHCW, src_shape: (20, 20, 2), dst_order: NHWC, dst_shape: (20, 20, 2))
[2026-05-07 13:19:10.145] [2192] [HailoRT] [info] [queue_elements.cpp:800] [create] Created (UserBuffQEl10scrfd_2_5g/conv55 | timeout: 60s)
[2026-05-07 13:19:10.145] [2192] [HailoRT] [info] [vstream.cpp:1114] [OutputVStreamImpl] Creating scrfd_2_5g/conv55...
[2026-05-07 13:19:10.145] [2192] [HailoRT] [info] [vstream_builder.cpp:220] [create_outputs] Output pipeline 'scrfd_2_5g/conv55': HW >> (HwReadEl10scrfd_2_5g/conv55 | hw_frame_size: 800) >> (PullQEl_hw_read10scrfd_2_5g/conv55) >> (PostInferEl10scrfd_2_5g/conv55 | Quantization - src_type: UINT8, dst_type FLOAT32, limvals_min: 0, limvals_max: 1 | Reorder - src_order: NHCW, src_shape: (20, 20, 2), dst_order: NHWC, dst_shape: (20, 20, 2)) >> (UserBuffQEl10scrfd_2_5g/conv55 | timeout: 60s)
[2026-05-07 13:19:10.145] [2192] [HailoRT] [info] [edge_elements.cpp:287] [create] Created (HwReadEl9scrfd_2_5g/conv56 | hw_frame_size: 3200)
[2026-05-07 13:19:10.145] [2192] [HailoRT] [info] [queue_elements.cpp:657] [create] Created (PullQEl_hw_read9scrfd_2_5g/conv56)
[2026-05-07 13:19:10.145] [2192] [HailoRT] [info] [filter_elements.cpp:375] [create] Created (PostInferEl9scrfd_2_5g/conv56 | Quantization - src_type: UINT8, dst_type FLOAT32, limvals_min: -0.0299247, limvals_max: 7.60086 | Reorder - src_order: NHCW, src_shape: (20, 20, 8), dst_order: NHWC, dst_shape: (20, 20, 8))
[2026-05-07 13:19:10.145] [2192] [HailoRT] [info] [queue_elements.cpp:800] [create] Created (UserBuffQEl9scrfd_2_5g/conv56 | timeout: 60s)
[2026-05-07 13:19:10.145] [2192] [HailoRT] [info] [vstream.cpp:1114] [OutputVStreamImpl] Creating scrfd_2_5g/conv56...
[2026-05-07 13:19:10.145] [2192] [HailoRT] [info] [vstream_builder.cpp:220] [create_outputs] Output pipeline 'scrfd_2_5g/conv56': HW >> (HwReadEl9scrfd_2_5g/conv56 | hw_frame_size: 3200) >> (PullQEl_hw_read9scrfd_2_5g/conv56) >> (PostInferEl9scrfd_2_5g/conv56 | Quantization - src_type: UINT8, dst_type FLOAT32, limvals_min: -0.0299247, limvals_max: 7.60086 | Reorder - src_order: NHCW, src_shape: (20, 20, 8), dst_order: NHWC, dst_shape: (20, 20, 8)) >> (UserBuffQEl9scrfd_2_5g/conv56 | timeout: 60s)
[2026-05-07 13:19:10.145] [2192] [HailoRT] [info] [edge_elements.cpp:287] [create] Created (HwReadEl13scrfd_2_5g/conv57 | hw_frame_size: 9600)
[2026-05-07 13:19:10.145] [2192] [HailoRT] [info] [queue_elements.cpp:657] [create] Created (PullQEl_hw_read13scrfd_2_5g/conv57)
[2026-05-07 13:19:10.145] [2192] [HailoRT] [info] [filter_elements.cpp:375] [create] Created (PostInferEl13scrfd_2_5g/conv57 | Quantization - src_type: UINT8, dst_type FLOAT32, limvals_min: -4.03285, limvals_max: 5.14908 | Reorder - src_order: FCR, src_shape: (20, 20, 24), dst_order: FCR, dst_shape: (20, 20, 20))
[2026-05-07 13:19:10.145] [2192] [HailoRT] [info] [queue_elements.cpp:800] [create] Created (UserBuffQEl13scrfd_2_5g/conv57 | timeout: 60s)
[2026-05-07 13:19:10.145] [2192] [HailoRT] [info] [vstream.cpp:1114] [OutputVStreamImpl] Creating scrfd_2_5g/conv57...
[2026-05-07 13:19:10.145] [2192] [HailoRT] [info] [vstream_builder.cpp:220] [create_outputs] Output pipeline 'scrfd_2_5g/conv57': HW >> (HwReadEl13scrfd_2_5g/conv57 | hw_frame_size: 9600) >> (PullQEl_hw_read13scrfd_2_5g/conv57) >> (PostInferEl13scrfd_2_5g/conv57 | Quantization - src_type: UINT8, dst_type FLOAT32, limvals_min: -4.03285, limvals_max: 5.14908 | Reorder - src_order: FCR, src_shape: (20, 20, 24), dst_order: FCR, dst_shape: (20, 20, 20)) >> (UserBuffQEl13scrfd_2_5g/conv57 | timeout: 60s)
[2026-05-07 13:19:10.146] [2192] [HailoRT] [info] [core_op.cpp:156] [activate] Activating scrfd_2_5g took 0.599482 milliseconds. Note that the function is asynchronous and thus the network is not fully activated yet.
[2026-05-07 13:19:10.146] [2192] [HailoRT] [info] [core_op.cpp:156] [activate] Activating scrfd_2_5g took 0.610611 milliseconds. Note that the function is asynchronous and thus the network is not fully activated yet.
[2026-05-07 13:29:02.390] [370479] [HailoRT] [info] [vdevice.cpp:523] [create] Creating vdevice with params: device_count: 1, scheduling_algorithm: NONE, multi_process_service: false
[2026-05-07 13:29:02.401] [370479] [HailoRT] [info] [device.cpp:49] [Device] OS Version: Linux 6.12.75+rpt-rpi-2712 #1 SMP PREEMPT Debian 1:6.12.75-1+rpt1~bookworm (2026-03-11) aarch64
[2026-05-07 13:29:02.402] [370479] [HailoRT] [info] [control.cpp:108] [control__parse_identify_results] firmware_version is: 4.20.0
[2026-05-07 13:29:02.402] [370479] [HailoRT] [info] [vdevice.cpp:651] [create] VDevice Infos: 0001:01:00.0
[2026-05-07 13:29:02.408] [370479] [HailoRT] [info] [internal_buffer_manager.cpp:204] [print_execution_results] Planned internal buffer memory: CMA memory 0, user memory 462336. memory to edge layer usage factor is 1
[2026-05-07 13:29:02.408] [370479] [HailoRT] [info] [internal_buffer_manager.cpp:212] [print_execution_results] Default Internal buffer planner executed successfully
[2026-05-07 13:29:02.422] [370479] [HailoRT] [info] [device_internal.cpp:57] [configure] Configuring HEF took 19.823533 milliseconds
[2026-05-07 13:29:02.422] [370479] [HailoRT] [info] [vdevice.cpp:749] [configure] Configuring HEF on VDevice took 20.219393 milliseconds
[2026-05-07 13:29:02.423] [370479] [HailoRT] [info] [hef.cpp:1929] [get_network_group_and_network_name] No name was given. Addressing all networks of default network_group: scrfd_2_5g
[2026-05-07 13:29:02.455] [370501] [HailoRT] [info] [edge_elements.cpp:52] [create] Created (HwWriteEl3scrfd_2_5g/input_layer1 | hw_frame_size: 1228800)
[2026-05-07 13:29:02.455] [370501] [HailoRT] [info] [vstream.cpp:754] [InputVStreamImpl] Creating scrfd_2_5g/input_layer1...
[2026-05-07 13:29:02.455] [370501] [HailoRT] [info] [vstream_builder.cpp:102] [create_inputs] Input pipeline 'scrfd_2_5g/input_layer1': (HwWriteEl3scrfd_2_5g/input_layer1 | hw_frame_size: 1228800) >> HW
[2026-05-07 13:29:02.455] [370501] [HailoRT] [info] [edge_elements.cpp:287] [create] Created (HwReadEl3scrfd_2_5g/conv42 | hw_frame_size: 12800)
[2026-05-07 13:29:02.455] [370501] [HailoRT] [info] [queue_elements.cpp:657] [create] Created (PullQEl_hw_read3scrfd_2_5g/conv42)
[2026-05-07 13:29:02.455] [370501] [HailoRT] [info] [filter_elements.cpp:375] [create] Created (PostInferEl3scrfd_2_5g/conv42 | Quantization - src_type: UINT8, dst_type FLOAT32, limvals_min: 0, limvals_max: 1)
[2026-05-07 13:29:02.455] [370501] [HailoRT] [info] [queue_elements.cpp:800] [create] Created (UserBuffQEl3scrfd_2_5g/conv42 | timeout: 60s)
[2026-05-07 13:29:02.455] [370501] [HailoRT] [info] [vstream.cpp:1114] [OutputVStreamImpl] Creating scrfd_2_5g/conv42...
[2026-05-07 13:29:02.455] [370501] [HailoRT] [info] [vstream_builder.cpp:220] [create_outputs] Output pipeline 'scrfd_2_5g/conv42': HW >> (HwReadEl3scrfd_2_5g/conv42 | hw_frame_size: 12800) >> (PullQEl_hw_read3scrfd_2_5g/conv42) >> (PostInferEl3scrfd_2_5g/conv42 | Quantization - src_type: UINT8, dst_type FLOAT32, limvals_min: 0, limvals_max: 1) >> (UserBuffQEl3scrfd_2_5g/conv42 | timeout: 60s)
[2026-05-07 13:29:02.455] [370501] [HailoRT] [info] [edge_elements.cpp:287] [create] Created (HwReadEl0scrfd_2_5g/conv43 | hw_frame_size: 51200)
[2026-05-07 13:29:02.485] [370501] [HailoRT] [info] [queue_elements.cpp:657] [create] Created (PullQEl_hw_read0scrfd_2_5g/conv43)
[2026-05-07 13:29:02.485] [370501] [HailoRT] [info] [filter_elements.cpp:375] [create] Created (PostInferEl0scrfd_2_5g/conv43 | Quantization - src_type: UINT8, dst_type FLOAT32, limvals_min: -0.0793963, limvals_max: 4.98212)
[2026-05-07 13:29:02.485] [370501] [HailoRT] [info] [queue_elements.cpp:800] [create] Created (UserBuffQEl0scrfd_2_5g/conv43 | timeout: 60s)
[2026-05-07 13:29:02.485] [370501] [HailoRT] [info] [vstream.cpp:1114] [OutputVStreamImpl] Creating scrfd_2_5g/conv43...
[2026-05-07 13:29:02.485] [370501] [HailoRT] [info] [vstream_builder.cpp:220] [create_outputs] Output pipeline 'scrfd_2_5g/conv43': HW >> (HwReadEl0scrfd_2_5g/conv43 | hw_frame_size: 51200) >> (PullQEl_hw_read0scrfd_2_5g/conv43) >> (PostInferEl0scrfd_2_5g/conv43 | Quantization - src_type: UINT8, dst_type FLOAT32, limvals_min: -0.0793963, limvals_max: 4.98212) >> (UserBuffQEl0scrfd_2_5g/conv43 | timeout: 60s)
[2026-05-07 13:29:02.485] [370501] [HailoRT] [info] [edge_elements.cpp:287] [create] Created (HwReadEl2scrfd_2_5g/conv44 | hw_frame_size: 153600)
[2026-05-07 13:29:02.485] [370501] [HailoRT] [info] [queue_elements.cpp:657] [create] Created (PullQEl_hw_read2scrfd_2_5g/conv44)
[2026-05-07 13:29:02.485] [370501] [HailoRT] [info] [filter_elements.cpp:375] [create] Created (PostInferEl2scrfd_2_5g/conv44 | Quantization - src_type: UINT8, dst_type FLOAT32, limvals_min: -3.16292, limvals_max: 3.50274 | Reorder - src_order: FCR, src_shape: (80, 80, 24), dst_order: FCR, dst_shape: (80, 80, 20))
[2026-05-07 13:29:02.485] [370501] [HailoRT] [info] [queue_elements.cpp:800] [create] Created (UserBuffQEl2scrfd_2_5g/conv44 | timeout: 60s)
[2026-05-07 13:29:02.485] [370501] [HailoRT] [info] [vstream.cpp:1114] [OutputVStreamImpl] Creating scrfd_2_5g/conv44...
[2026-05-07 13:29:02.485] [370501] [HailoRT] [info] [vstream_builder.cpp:220] [create_outputs] Output pipeline 'scrfd_2_5g/conv44': HW >> (HwReadEl2scrfd_2_5g/conv44 | hw_frame_size: 153600) >> (PullQEl_hw_read2scrfd_2_5g/conv44) >> (PostInferEl2scrfd_2_5g/conv44 | Quantization - src_type: UINT8, dst_type FLOAT32, limvals_min: -3.16292, limvals_max: 3.50274 | Reorder - src_order: FCR, src_shape: (80, 80, 24), dst_order: FCR, dst_shape: (80, 80, 20)) >> (UserBuffQEl2scrfd_2_5g/conv44 | timeout: 60s)
[2026-05-07 13:29:02.485] [370501] [HailoRT] [info] [edge_elements.cpp:287] [create] Created (HwReadEl14scrfd_2_5g/conv49 | hw_frame_size: 3200)
[2026-05-07 13:29:02.485] [370501] [HailoRT] [info] [queue_elements.cpp:657] [create] Created (PullQEl_hw_read14scrfd_2_5g/conv49)
[2026-05-07 13:29:02.485] [370501] [HailoRT] [info] [filter_elements.cpp:375] [create] Created (PostInferEl14scrfd_2_5g/conv49 | Quantization - src_type: UINT8, dst_type FLOAT32, limvals_min: 0, limvals_max: 1)
[2026-05-07 13:29:02.486] [370501] [HailoRT] [info] [queue_elements.cpp:800] [create] Created (UserBuffQEl14scrfd_2_5g/conv49 | timeout: 60s)
[2026-05-07 13:29:02.486] [370501] [HailoRT] [info] [vstream.cpp:1114] [OutputVStreamImpl] Creating scrfd_2_5g/conv49...
[2026-05-07 13:29:02.486] [370501] [HailoRT] [info] [vstream_builder.cpp:220] [create_outputs] Output pipeline 'scrfd_2_5g/conv49': HW >> (HwReadEl14scrfd_2_5g/conv49 | hw_frame_size: 3200) >> (PullQEl_hw_read14scrfd_2_5g/conv49) >> (PostInferEl14scrfd_2_5g/conv49 | Quantization - src_type: UINT8, dst_type FLOAT32, limvals_min: 0, limvals_max: 1) >> (UserBuffQEl14scrfd_2_5g/conv49 | timeout: 60s)
[2026-05-07 13:29:02.486] [370501] [HailoRT] [info] [edge_elements.cpp:287] [create] Created (HwReadEl12scrfd_2_5g/conv50 | hw_frame_size: 12800)
[2026-05-07 13:29:02.486] [370501] [HailoRT] [info] [queue_elements.cpp:657] [create] Created (PullQEl_hw_read12scrfd_2_5g/conv50)
[2026-05-07 13:29:02.486] [370501] [HailoRT] [info] [filter_elements.cpp:375] [create] Created (PostInferEl12scrfd_2_5g/conv50 | Quantization - src_type: UINT8, dst_type FLOAT32, limvals_min: 0, limvals_max: 8.10626)
[2026-05-07 13:29:02.486] [370501] [HailoRT] [info] [queue_elements.cpp:800] [create] Created (UserBuffQEl12scrfd_2_5g/conv50 | timeout: 60s)
[2026-05-07 13:29:02.486] [370501] [HailoRT] [info] [vstream.cpp:1114] [OutputVStreamImpl] Creating scrfd_2_5g/conv50...
[2026-05-07 13:29:02.486] [370501] [HailoRT] [info] [vstream_builder.cpp:220] [create_outputs] Output pipeline 'scrfd_2_5g/conv50': HW >> (HwReadEl12scrfd_2_5g/conv50 | hw_frame_size: 12800) >> (PullQEl_hw_read12scrfd_2_5g/conv50) >> (PostInferEl12scrfd_2_5g/conv50 | Quantization - src_type: UINT8, dst_type FLOAT32, limvals_min: 0, limvals_max: 8.10626) >> (UserBuffQEl12scrfd_2_5g/conv50 | timeout: 60s)
[2026-05-07 13:29:02.486] [370501] [HailoRT] [info] [edge_elements.cpp:287] [create] Created (HwReadEl1scrfd_2_5g/conv51 | hw_frame_size: 38400)
[2026-05-07 13:29:02.486] [370501] [HailoRT] [info] [queue_elements.cpp:657] [create] Created (PullQEl_hw_read1scrfd_2_5g/conv51)
[2026-05-07 13:29:02.486] [370501] [HailoRT] [info] [filter_elements.cpp:375] [create] Created (PostInferEl1scrfd_2_5g/conv51 | Quantization - src_type: UINT8, dst_type FLOAT32, limvals_min: -4.24698, limvals_max: 5.17024 | Reorder - src_order: FCR, src_shape: (40, 40, 24), dst_order: FCR, dst_shape: (40, 40, 20))
[2026-05-07 13:29:02.486] [370501] [HailoRT] [info] [queue_elements.cpp:800] [create] Created (UserBuffQEl1scrfd_2_5g/conv51 | timeout: 60s)
[2026-05-07 13:29:02.486] [370501] [HailoRT] [info] [vstream.cpp:1114] [OutputVStreamImpl] Creating scrfd_2_5g/conv51...
[2026-05-07 13:29:02.486] [370501] [HailoRT] [info] [vstream_builder.cpp:220] [create_outputs] Output pipeline 'scrfd_2_5g/conv51': HW >> (HwReadEl1scrfd_2_5g/conv51 | hw_frame_size: 38400) >> (PullQEl_hw_read1scrfd_2_5g/conv51) >> (PostInferEl1scrfd_2_5g/conv51 | Quantization - src_type: UINT8, dst_type FLOAT32, limvals_min: -4.24698, limvals_max: 5.17024 | Reorder - src_order: FCR, src_shape: (40, 40, 24), dst_order: FCR, dst_shape: (40, 40, 20)) >> (UserBuffQEl1scrfd_2_5g/conv51 | timeout: 60s)
[2026-05-07 13:29:02.486] [370501] [HailoRT] [info] [edge_elements.cpp:287] [create] Created (HwReadEl10scrfd_2_5g/conv55 | hw_frame_size: 800)
[2026-05-07 13:29:02.486] [370501] [HailoRT] [info] [queue_elements.cpp:657] [create] Created (PullQEl_hw_read10scrfd_2_5g/conv55)
[2026-05-07 13:29:02.486] [370501] [HailoRT] [info] [filter_elements.cpp:375] [create] Created (PostInferEl10scrfd_2_5g/conv55 | Quantization - src_type: UINT8, dst_type FLOAT32, limvals_min: 0, limvals_max: 1 | Reorder - src_order: NHCW, src_shape: (20, 20, 2), dst_order: NHWC, dst_shape: (20, 20, 2))
[2026-05-07 13:29:02.486] [370501] [HailoRT] [info] [queue_elements.cpp:800] [create] Created (UserBuffQEl10scrfd_2_5g/conv55 | timeout: 60s)
[2026-05-07 13:29:02.486] [370501] [HailoRT] [info] [vstream.cpp:1114] [OutputVStreamImpl] Creating scrfd_2_5g/conv55...
[2026-05-07 13:29:02.486] [370501] [HailoRT] [info] [vstream_builder.cpp:220] [create_outputs] Output pipeline 'scrfd_2_5g/conv55': HW >> (HwReadEl10scrfd_2_5g/conv55 | hw_frame_size: 800) >> (PullQEl_hw_read10scrfd_2_5g/conv55) >> (PostInferEl10scrfd_2_5g/conv55 | Quantization - src_type: UINT8, dst_type FLOAT32, limvals_min: 0, limvals_max: 1 | Reorder - src_order: NHCW, src_shape: (20, 20, 2), dst_order: NHWC, dst_shape: (20, 20, 2)) >> (UserBuffQEl10scrfd_2_5g/conv55 | timeout: 60s)
[2026-05-07 13:29:02.486] [370501] [HailoRT] [info] [edge_elements.cpp:287] [create] Created (HwReadEl9scrfd_2_5g/conv56 | hw_frame_size: 3200)
[2026-05-07 13:29:02.486] [370501] [HailoRT] [info] [queue_elements.cpp:657] [create] Created (PullQEl_hw_read9scrfd_2_5g/conv56)
[2026-05-07 13:29:02.486] [370501] [HailoRT] [info] [filter_elements.cpp:375] [create] Created (PostInferEl9scrfd_2_5g/conv56 | Quantization - src_type: UINT8, dst_type FLOAT32, limvals_min: -0.0299247, limvals_max: 7.60086 | Reorder - src_order: NHCW, src_shape: (20, 20, 8), dst_order: NHWC, dst_shape: (20, 20, 8))
[2026-05-07 13:29:02.486] [370501] [HailoRT] [info] [queue_elements.cpp:800] [create] Created (UserBuffQEl9scrfd_2_5g/conv56 | timeout: 60s)
[2026-05-07 13:29:02.486] [370501] [HailoRT] [info] [vstream.cpp:1114] [OutputVStreamImpl] Creating scrfd_2_5g/conv56...
[2026-05-07 13:29:02.486] [370501] [HailoRT] [info] [vstream_builder.cpp:220] [create_outputs] Output pipeline 'scrfd_2_5g/conv56': HW >> (HwReadEl9scrfd_2_5g/conv56 | hw_frame_size: 3200) >> (PullQEl_hw_read9scrfd_2_5g/conv56) >> (PostInferEl9scrfd_2_5g/conv56 | Quantization - src_type: UINT8, dst_type FLOAT32, limvals_min: -0.0299247, limvals_max: 7.60086 | Reorder - src_order: NHCW, src_shape: (20, 20, 8), dst_order: NHWC, dst_shape: (20, 20, 8)) >> (UserBuffQEl9scrfd_2_5g/conv56 | timeout: 60s)
[2026-05-07 13:29:02.486] [370501] [HailoRT] [info] [edge_elements.cpp:287] [create] Created (HwReadEl13scrfd_2_5g/conv57 | hw_frame_size: 9600)
[2026-05-07 13:29:02.486] [370501] [HailoRT] [info] [queue_elements.cpp:657] [create] Created (PullQEl_hw_read13scrfd_2_5g/conv57)
[2026-05-07 13:29:02.486] [370501] [HailoRT] [info] [filter_elements.cpp:375] [create] Created (PostInferEl13scrfd_2_5g/conv57 | Quantization - src_type: UINT8, dst_type FLOAT32, limvals_min: -4.03285, limvals_max: 5.14908 | Reorder - src_order: FCR, src_shape: (20, 20, 24), dst_order: FCR, dst_shape: (20, 20, 20))
[2026-05-07 13:29:02.486] [370501] [HailoRT] [info] [queue_elements.cpp:800] [create] Created (UserBuffQEl13scrfd_2_5g/conv57 | timeout: 60s)
[2026-05-07 13:29:02.486] [370501] [HailoRT] [info] [vstream.cpp:1114] [OutputVStreamImpl] Creating scrfd_2_5g/conv57...
[2026-05-07 13:29:02.486] [370501] [HailoRT] [info] [vstream_builder.cpp:220] [create_outputs] Output pipeline 'scrfd_2_5g/conv57': HW >> (HwReadEl13scrfd_2_5g/conv57 | hw_frame_size: 9600) >> (PullQEl_hw_read13scrfd_2_5g/conv57) >> (PostInferEl13scrfd_2_5g/conv57 | Quantization - src_type: UINT8, dst_type FLOAT32, limvals_min: -4.03285, limvals_max: 5.14908 | Reorder - src_order: FCR, src_shape: (20, 20, 24), dst_order: FCR, dst_shape: (20, 20, 20)) >> (UserBuffQEl13scrfd_2_5g/conv57 | timeout: 60s)
[2026-05-07 13:29:02.487] [370501] [HailoRT] [info] [core_op.cpp:156] [activate] Activating scrfd_2_5g took 0.502065 milliseconds. Note that the function is asynchronous and thus the network is not fully activated yet.
[2026-05-07 13:29:02.487] [370501] [HailoRT] [info] [core_op.cpp:156] [activate] Activating scrfd_2_5g took 0.512343 milliseconds. Note that the function is asynchronous and thus the network is not fully activated yet.
[2026-05-07 13:30:07.840] [372863] [HailoRT] [error] [queue_elements.cpp:838] [run_pull] CHECK failed - UserBuffQEl3scrfd_2_5g/conv42 (D2H) failed with status=HAILO_TIMEOUT(4) (timeout=60000ms)
[2026-05-07 13:30:07.840] [370503] [HailoRT] [info] [queue_elements.cpp:706] [run_pull] Shutdown event was signaled in dequeue of queue element PullQEl_hw_read3scrfd_2_5g/conv42!
[2026-05-07 13:30:07.840] [370502] [HailoRT] [info] [vdevice_native_stream.cpp:331] [read_impl] Failed read from stream HAILO_STREAM_ABORT(63) (device: 0001:01:00.0)
[2026-05-07 13:30:07.840] [370502] [HailoRT] [info] [edge_elements.cpp:396] [run_pull] Reading from stream was aborted!
[2026-05-07 13:30:07.840] [370502] [HailoRT] [info] [queue_elements.cpp:738] [run_in_thread] run_pull of queue element PullQEl_hw_read3scrfd_2_5g/conv42 was aborted!
[2026-05-07 13:30:07.840] [370503] [HailoRT] [info] [queue_elements.cpp:862] [run_in_thread] Shutdown event was signaled in run_pull of UserBuffQEl3scrfd_2_5g/conv42!
[2026-05-07 13:30:07.841] [370501] [HailoRT] [error] [inference_pipeline.cpp:257] [infer] Failed waiting for threads with status HAILO_TIMEOUT(4)
[2026-05-07 13:30:07.845] [372861] [HailoRT] [info] [vdevice_native_stream.cpp:331] [read_impl] Failed read from stream HAILO_STREAM_NOT_ACTIVATED(72) (device: 0001:01:00.0)
[2026-05-07 13:30:07.846] [370510] [HailoRT] [info] [vdevice_native_stream.cpp:331] [read_impl] Failed read from stream HAILO_STREAM_NOT_ACTIVATED(72) (device: 0001:01:00.0)
[2026-05-07 13:30:07.846] [372876] [HailoRT] [info] [vdevice_native_stream.cpp:331] [read_impl] Failed read from stream HAILO_STREAM_NOT_ACTIVATED(72) (device: 0001:01:00.0)
[2026-05-07 13:30:07.846] [370508] [HailoRT] [info] [vdevice_native_stream.cpp:331] [read_impl] Failed read from stream HAILO_STREAM_NOT_ACTIVATED(72) (device: 0001:01:00.0)
[2026-05-07 13:30:07.846] [370518] [HailoRT] [info] [vdevice_native_stream.cpp:331] [read_impl] Failed read from stream HAILO_STREAM_NOT_ACTIVATED(72) (device: 0001:01:00.0)
[2026-05-07 13:30:07.846] [372874] [HailoRT] [info] [vdevice_native_stream.cpp:331] [read_impl] Failed read from stream HAILO_STREAM_NOT_ACTIVATED(72) (device: 0001:01:00.0)
[2026-05-07 13:30:07.846] [370514] [HailoRT] [info] [vdevice_native_stream.cpp:331] [read_impl] Failed read from stream HAILO_STREAM_NOT_ACTIVATED(72) (device: 0001:01:00.0)
[2026-05-07 13:30:07.846] [370516] [HailoRT] [info] [vdevice_native_stream.cpp:331] [read_impl] Failed read from stream HAILO_STREAM_NOT_ACTIVATED(72) (device: 0001:01:00.0)
[2026-05-07 13:30:07.846] [372873] [HailoRT] [info] [vdevice_native_stream.cpp:331] [read_impl] Failed read from stream HAILO_STREAM_NOT_ACTIVATED(72) (device: 0001:01:00.0)
[2026-05-07 13:30:07.846] [372878] [HailoRT] [info] [vdevice_native_stream.cpp:331] [read_impl] Failed read from stream HAILO_STREAM_NOT_ACTIVATED(72) (device: 0001:01:00.0)
[2026-05-07 13:30:07.846] [370502] [HailoRT] [info] [vdevice_native_stream.cpp:331] [read_impl] Failed read from stream HAILO_STREAM_NOT_ACTIVATED(72) (device: 0001:01:00.0)
[2026-05-07 13:30:07.846] [370504] [HailoRT] [info] [vdevice_native_stream.cpp:331] [read_impl] Failed read from stream HAILO_STREAM_NOT_ACTIVATED(72) (device: 0001:01:00.0)
[2026-05-07 13:30:07.846] [372872] [HailoRT] [info] [vdevice_native_stream.cpp:331] [read_impl] Failed read from stream HAILO_STREAM_NOT_ACTIVATED(72) (device: 0001:01:00.0)
[2026-05-07 13:30:07.846] [370506] [HailoRT] [info] [vdevice_native_stream.cpp:331] [read_impl] Failed read from stream HAILO_STREAM_NOT_ACTIVATED(72) (device: 0001:01:00.0)
[2026-05-07 13:30:07.846] [372875] [HailoRT] [info] [vdevice_native_stream.cpp:331] [read_impl] Failed read from stream HAILO_STREAM_NOT_ACTIVATED(72) (device: 0001:01:00.0)
[2026-05-07 13:30:07.846] [370512] [HailoRT] [info] [vdevice_native_stream.cpp:331] [read_impl] Failed read from stream HAILO_STREAM_NOT_ACTIVATED(72) (device: 0001:01:00.0)
[2026-05-07 13:30:07.846] [372877] [HailoRT] [info] [vdevice_native_stream.cpp:331] [read_impl] Failed read from stream HAILO_STREAM_NOT_ACTIVATED(72) (device: 0001:01:00.0)
[2026-05-07 13:30:07.846] [372879] [HailoRT] [info] [vdevice_native_stream.cpp:331] [read_impl] Failed read from stream HAILO_STREAM_NOT_ACTIVATED(72) (device: 0001:01:00.0)
[2026-05-07 13:30:07.846] [370501] [HailoRT] [info] [core_op.cpp:186] [deactivate] Deactivating took 1.140199 ms
[2026-05-07 13:30:07.846] [370501] [HailoRT] [info] [core_op.cpp:186] [deactivate] Deactivating took 1.173847 ms
[2026-05-07 13:30:07.847] [370502] [HailoRT] [info] [queue_elements.cpp:734] [run_in_thread] Shutdown event was signaled in run_pull of queue element PullQEl_hw_read3scrfd_2_5g/conv42!
[2026-05-07 13:30:07.847] [370503] [HailoRT] [info] [queue_elements.cpp:855] [run_in_thread] Shutdown event was signaled in dequeue of UserBuffQEl3scrfd_2_5g/conv42!
[2026-05-07 13:30:07.847] [370502] [HailoRT] [info] [queue_elements.cpp:68] [operator()] Thread in element PullQEl_hw_read3scrfd_2_5g/conv42 is not running anymore, exiting..
[2026-05-07 13:30:07.847] [370501] [HailoRT] [info] [queue_elements.cpp:46] [~BaseQueueElement] Queue element PullQEl_hw_read3scrfd_2_5g/conv42 has 0 frames in his Queue on destruction
[2026-05-07 13:30:07.847] [370503] [HailoRT] [info] [queue_elements.cpp:68] [operator()] Thread in element UserBuffQEl3scrfd_2_5g/conv42 is not running anymore, exiting..
[2026-05-07 13:30:07.847] [370501] [HailoRT] [info] [queue_elements.cpp:46] [~BaseQueueElement] Queue element UserBuffQEl3scrfd_2_5g/conv42 has 0 frames in his Queue on destruction
[2026-05-07 13:30:07.847] [370504] [HailoRT] [info] [queue_elements.cpp:734] [run_in_thread] Shutdown event was signaled in run_pull of queue element PullQEl_hw_read0scrfd_2_5g/conv43!
[2026-05-07 13:30:07.847] [370505] [HailoRT] [info] [queue_elements.cpp:855] [run_in_thread] Shutdown event was signaled in dequeue of UserBuffQEl0scrfd_2_5g/conv43!
[2026-05-07 13:30:07.847] [370504] [HailoRT] [info] [queue_elements.cpp:68] [operator()] Thread in element PullQEl_hw_read0scrfd_2_5g/conv43 is not running anymore, exiting..
[2026-05-07 13:30:07.847] [370501] [HailoRT] [info] [queue_elements.cpp:46] [~BaseQueueElement] Queue element PullQEl_hw_read0scrfd_2_5g/conv43 has 0 frames in his Queue on destruction
[2026-05-07 13:30:07.847] [370505] [HailoRT] [info] [queue_elements.cpp:68] [operator()] Thread in element UserBuffQEl0scrfd_2_5g/conv43 is not running anymore, exiting..
[2026-05-07 13:30:07.847] [370501] [HailoRT] [info] [queue_elements.cpp:46] [~BaseQueueElement] Queue element UserBuffQEl0scrfd_2_5g/conv43 has 0 frames in his Queue on destruction
[2026-05-07 13:30:07.847] [370507] [HailoRT] [info] [queue_elements.cpp:855] [run_in_thread] Shutdown event was signaled in dequeue of UserBuffQEl2scrfd_2_5g/conv44!
[2026-05-07 13:30:07.847] [370506] [HailoRT] [info] [queue_elements.cpp:734] [run_in_thread] Shutdown event was signaled in run_pull of queue element PullQEl_hw_read2scrfd_2_5g/conv44!
[2026-05-07 13:30:07.847] [370501] [HailoRT] [info] [queue_elements.cpp:46] [~BaseQueueElement] Queue element PullQEl_hw_read2scrfd_2_5g/conv44 has 0 frames in his Queue on destruction
[2026-05-07 13:30:07.847] [370507] [HailoRT] [info] [queue_elements.cpp:68] [operator()] Thread in element UserBuffQEl2scrfd_2_5g/conv44 is not running anymore, exiting..
[2026-05-07 13:30:07.847] [370501] [HailoRT] [info] [queue_elements.cpp:46] [~BaseQueueElement] Queue element UserBuffQEl2scrfd_2_5g/conv44 has 0 frames in his Queue on destruction
[2026-05-07 13:30:07.847] [370508] [HailoRT] [info] [queue_elements.cpp:734] [run_in_thread] Shutdown event was signaled in run_pull of queue element PullQEl_hw_read14scrfd_2_5g/conv49!
[2026-05-07 13:30:07.847] [370509] [HailoRT] [info] [queue_elements.cpp:855] [run_in_thread] Shutdown event was signaled in dequeue of UserBuffQEl14scrfd_2_5g/conv49!
[2026-05-07 13:30:07.847] [370508] [HailoRT] [info] [queue_elements.cpp:68] [operator()] Thread in element PullQEl_hw_read14scrfd_2_5g/conv49 is not running anymore, exiting..
[2026-05-07 13:30:07.847] [370501] [HailoRT] [info] [queue_elements.cpp:46] [~BaseQueueElement] Queue element PullQEl_hw_read14scrfd_2_5g/conv49 has 0 frames in his Queue on destruction
[2026-05-07 13:30:07.847] [370509] [HailoRT] [info] [queue_elements.cpp:68] [operator()] Thread in element UserBuffQEl14scrfd_2_5g/conv49 is not running anymore, exiting..
[2026-05-07 13:30:07.847] [370501] [HailoRT] [info] [queue_elements.cpp:46] [~BaseQueueElement] Queue element UserBuffQEl14scrfd_2_5g/conv49 has 0 frames in his Queue on destruction
[2026-05-07 13:30:07.847] [370510] [HailoRT] [info] [queue_elements.cpp:734] [run_in_thread] Shutdown event was signaled in run_pull of queue element PullQEl_hw_read12scrfd_2_5g/conv50!
[2026-05-07 13:30:07.847] [370511] [HailoRT] [info] [queue_elements.cpp:855] [run_in_thread] Shutdown event was signaled in dequeue of UserBuffQEl12scrfd_2_5g/conv50!
[2026-05-07 13:30:07.847] [370510] [HailoRT] [info] [queue_elements.cpp:68] [operator()] Thread in element PullQEl_hw_read12scrfd_2_5g/conv50 is not running anymore, exiting..
[2026-05-07 13:30:07.847] [370501] [HailoRT] [info] [queue_elements.cpp:46] [~BaseQueueElement] Queue element PullQEl_hw_read12scrfd_2_5g/conv50 has 0 frames in his Queue on destruction
[2026-05-07 13:30:07.848] [370511] [HailoRT] [info] [queue_elements.cpp:68] [operator()] Thread in element UserBuffQEl12scrfd_2_5g/conv50 is not running anymore, exiting..
[2026-05-07 13:30:07.848] [370501] [HailoRT] [info] [queue_elements.cpp:46] [~BaseQueueElement] Queue element UserBuffQEl12scrfd_2_5g/conv50 has 0 frames in his Queue on destruction
[2026-05-07 13:30:07.848] [370513] [HailoRT] [info] [queue_elements.cpp:855] [run_in_thread] Shutdown event was signaled in dequeue of UserBuffQEl1scrfd_2_5g/conv51!
[2026-05-07 13:30:07.848] [370512] [HailoRT] [info] [queue_elements.cpp:734] [run_in_thread] Shutdown event was signaled in run_pull of queue element PullQEl_hw_read1scrfd_2_5g/conv51!
[2026-05-07 13:30:07.848] [370512] [HailoRT] [info] [queue_elements.cpp:68] [operator()] Thread in element PullQEl_hw_read1scrfd_2_5g/conv51 is not running anymore, exiting..
[2026-05-07 13:30:07.848] [370501] [HailoRT] [info] [queue_elements.cpp:46] [~BaseQueueElement] Queue element PullQEl_hw_read1scrfd_2_5g/conv51 has 0 frames in his Queue on destruction
[2026-05-07 13:30:07.848] [370513] [HailoRT] [info] [queue_elements.cpp:68] [operator()] Thread in element UserBuffQEl1scrfd_2_5g/conv51 is not running anymore, exiting..
[2026-05-07 13:30:07.848] [370501] [HailoRT] [info] [queue_elements.cpp:46] [~BaseQueueElement] Queue element UserBuffQEl1scrfd_2_5g/conv51 has 0 frames in his Queue on destruction
[2026-05-07 13:30:07.848] [370514] [HailoRT] [info] [queue_elements.cpp:734] [run_in_thread] Shutdown event was signaled in run_pull of queue element PullQEl_hw_read10scrfd_2_5g/conv55!
[2026-05-07 13:30:07.848] [370515] [HailoRT] [info] [queue_elements.cpp:855] [run_in_thread] Shutdown event was signaled in dequeue of UserBuffQEl10scrfd_2_5g/conv55!
[2026-05-07 13:30:07.848] [370514] [HailoRT] [info] [queue_elements.cpp:68] [operator()] Thread in element PullQEl_hw_read10scrfd_2_5g/conv55 is not running anymore, exiting..
[2026-05-07 13:30:07.848] [370501] [HailoRT] [info] [queue_elements.cpp:46] [~BaseQueueElement] Queue element PullQEl_hw_read10scrfd_2_5g/conv55 has 0 frames in his Queue on destruction
[2026-05-07 13:30:07.848] [370515] [HailoRT] [info] [queue_elements.cpp:68] [operator()] Thread in element UserBuffQEl10scrfd_2_5g/conv55 is not running anymore, exiting..
[2026-05-07 13:30:07.848] [370501] [HailoRT] [info] [queue_elements.cpp:46] [~BaseQueueElement] Queue element UserBuffQEl10scrfd_2_5g/conv55 has 0 frames in his Queue on destruction
[2026-05-07 13:30:07.848] [370516] [HailoRT] [info] [queue_elements.cpp:734] [run_in_thread] Shutdown event was signaled in run_pull of queue element PullQEl_hw_read9scrfd_2_5g/conv56!
[2026-05-07 13:30:07.848] [370517] [HailoRT] [info] [queue_elements.cpp:855] [run_in_thread] Shutdown event was signaled in dequeue of UserBuffQEl9scrfd_2_5g/conv56!
[2026-05-07 13:30:07.848] [370516] [HailoRT] [info] [queue_elements.cpp:68] [operator()] Thread in element PullQEl_hw_read9scrfd_2_5g/conv56 is not running anymore, exiting..
[2026-05-07 13:30:07.848] [370501] [HailoRT] [info] [queue_elements.cpp:46] [~BaseQueueElement] Queue element PullQEl_hw_read9scrfd_2_5g/conv56 has 0 frames in his Queue on destruction
[2026-05-07 13:30:07.848] [370517] [HailoRT] [info] [queue_elements.cpp:68] [operator()] Thread in element UserBuffQEl9scrfd_2_5g/conv56 is not running anymore, exiting..
[2026-05-07 13:30:07.848] [370501] [HailoRT] [info] [queue_elements.cpp:46] [~BaseQueueElement] Queue element UserBuffQEl9scrfd_2_5g/conv56 has 0 frames in his Queue on destruction
[2026-05-07 13:30:07.848] [370518] [HailoRT] [info] [queue_elements.cpp:734] [run_in_thread] Shutdown event was signaled in run_pull of queue element PullQEl_hw_read13scrfd_2_5g/conv57!
[2026-05-07 13:30:07.848] [370519] [HailoRT] [info] [queue_elements.cpp:855] [run_in_thread] Shutdown event was signaled in dequeue of UserBuffQEl13scrfd_2_5g/conv57!
[2026-05-07 13:30:07.848] [370518] [HailoRT] [info] [queue_elements.cpp:68] [operator()] Thread in element PullQEl_hw_read13scrfd_2_5g/conv57 is not running anymore, exiting..
[2026-05-07 13:30:07.848] [370501] [HailoRT] [info] [queue_elements.cpp:46] [~BaseQueueElement] Queue element PullQEl_hw_read13scrfd_2_5g/conv57 has 0 frames in his Queue on destruction
[2026-05-07 13:30:07.848] [370519] [HailoRT] [info] [queue_elements.cpp:68] [operator()] Thread in element UserBuffQEl13scrfd_2_5g/conv57 is not running anymore, exiting..
[2026-05-07 13:30:07.848] [370501] [HailoRT] [info] [queue_elements.cpp:46] [~BaseQueueElement] Queue element UserBuffQEl13scrfd_2_5g/conv57 has 0 frames in his Queue on destruction
[2026-05-07 13:30:50.766] [372986] [HailoRT] [info] [vdevice.cpp:523] [create] Creating vdevice with params: device_count: 1, scheduling_algorithm: NONE, multi_process_service: false
[2026-05-07 13:30:50.777] [372986] [HailoRT] [info] [device.cpp:49] [Device] OS Version: Linux 6.12.75+rpt-rpi-2712 #1 SMP PREEMPT Debian 1:6.12.75-1+rpt1~bookworm (2026-03-11) aarch64
[2026-05-07 13:30:50.778] [372986] [HailoRT] [info] [control.cpp:108] [control__parse_identify_results] firmware_version is: 4.20.0
[2026-05-07 13:30:50.779] [372986] [HailoRT] [info] [vdevice.cpp:651] [create] VDevice Infos: 0001:01:00.0
[2026-05-07 13:30:50.785] [372986] [HailoRT] [info] [internal_buffer_manager.cpp:204] [print_execution_results] Planned internal buffer memory: CMA memory 0, user memory 462336. memory to edge layer usage factor is 1
[2026-05-07 13:30:50.785] [372986] [HailoRT] [info] [internal_buffer_manager.cpp:212] [print_execution_results] Default Internal buffer planner executed successfully
[2026-05-07 13:30:50.801] [372986] [HailoRT] [info] [device_internal.cpp:57] [configure] Configuring HEF took 22.379884 milliseconds
[2026-05-07 13:30:50.801] [372986] [HailoRT] [info] [vdevice.cpp:749] [configure] Configuring HEF on VDevice took 22.797998 milliseconds
[2026-05-07 13:30:50.801] [372986] [HailoRT] [info] [hef.cpp:1929] [get_network_group_and_network_name] No name was given. Addressing all networks of default network_group: scrfd_2_5g
[2026-05-07 13:30:50.913] [373008] [HailoRT] [info] [edge_elements.cpp:52] [create] Created (HwWriteEl3scrfd_2_5g/input_layer1 | hw_frame_size: 1228800)
[2026-05-07 13:30:50.913] [373008] [HailoRT] [info] [vstream.cpp:754] [InputVStreamImpl] Creating scrfd_2_5g/input_layer1...
[2026-05-07 13:30:50.913] [373008] [HailoRT] [info] [vstream_builder.cpp:102] [create_inputs] Input pipeline 'scrfd_2_5g/input_layer1': (HwWriteEl3scrfd_2_5g/input_layer1 | hw_frame_size: 1228800) >> HW
[2026-05-07 13:30:50.913] [373008] [HailoRT] [info] [edge_elements.cpp:287] [create] Created (HwReadEl3scrfd_2_5g/conv42 | hw_frame_size: 12800)
[2026-05-07 13:30:50.913] [373008] [HailoRT] [info] [queue_elements.cpp:657] [create] Created (PullQEl_hw_read3scrfd_2_5g/conv42)
[2026-05-07 13:30:50.913] [373008] [HailoRT] [info] [filter_elements.cpp:375] [create] Created (PostInferEl3scrfd_2_5g/conv42 | Quantization - src_type: UINT8, dst_type FLOAT32, limvals_min: 0, limvals_max: 1)
[2026-05-07 13:30:50.914] [373008] [HailoRT] [info] [queue_elements.cpp:800] [create] Created (UserBuffQEl3scrfd_2_5g/conv42 | timeout: 60s)
[2026-05-07 13:30:50.914] [373008] [HailoRT] [info] [vstream.cpp:1114] [OutputVStreamImpl] Creating scrfd_2_5g/conv42...
[2026-05-07 13:30:50.914] [373008] [HailoRT] [info] [vstream_builder.cpp:220] [create_outputs] Output pipeline 'scrfd_2_5g/conv42': HW >> (HwReadEl3scrfd_2_5g/conv42 | hw_frame_size: 12800) >> (PullQEl_hw_read3scrfd_2_5g/conv42) >> (PostInferEl3scrfd_2_5g/conv42 | Quantization - src_type: UINT8, dst_type FLOAT32, limvals_min: 0, limvals_max: 1) >> (UserBuffQEl3scrfd_2_5g/conv42 | timeout: 60s)
[2026-05-07 13:30:50.914] [373008] [HailoRT] [info] [edge_elements.cpp:287] [create] Created (HwReadEl0scrfd_2_5g/conv43 | hw_frame_size: 51200)
[2026-05-07 13:30:50.929] [373008] [HailoRT] [info] [queue_elements.cpp:657] [create] Created (PullQEl_hw_read0scrfd_2_5g/conv43)
[2026-05-07 13:30:50.929] [373008] [HailoRT] [info] [filter_elements.cpp:375] [create] Created (PostInferEl0scrfd_2_5g/conv43 | Quantization - src_type: UINT8, dst_type FLOAT32, limvals_min: -0.0793963, limvals_max: 4.98212)
[2026-05-07 13:30:50.929] [373008] [HailoRT] [info] [queue_elements.cpp:800] [create] Created (UserBuffQEl0scrfd_2_5g/conv43 | timeout: 60s)
[2026-05-07 13:30:50.929] [373008] [HailoRT] [info] [vstream.cpp:1114] [OutputVStreamImpl] Creating scrfd_2_5g/conv43...
[2026-05-07 13:30:50.929] [373008] [HailoRT] [info] [vstream_builder.cpp:220] [create_outputs] Output pipeline 'scrfd_2_5g/conv43': HW >> (HwReadEl0scrfd_2_5g/conv43 | hw_frame_size: 51200) >> (PullQEl_hw_read0scrfd_2_5g/conv43) >> (PostInferEl0scrfd_2_5g/conv43 | Quantization - src_type: UINT8, dst_type FLOAT32, limvals_min: -0.0793963, limvals_max: 4.98212) >> (UserBuffQEl0scrfd_2_5g/conv43 | timeout: 60s)
[2026-05-07 13:30:50.929] [373008] [HailoRT] [info] [edge_elements.cpp:287] [create] Created (HwReadEl2scrfd_2_5g/conv44 | hw_frame_size: 153600)
[2026-05-07 13:30:50.929] [373008] [HailoRT] [info] [queue_elements.cpp:657] [create] Created (PullQEl_hw_read2scrfd_2_5g/conv44)
[2026-05-07 13:30:50.929] [373008] [HailoRT] [info] [filter_elements.cpp:375] [create] Created (PostInferEl2scrfd_2_5g/conv44 | Quantization - src_type: UINT8, dst_type FLOAT32, limvals_min: -3.16292, limvals_max: 3.50274 | Reorder - src_order: FCR, src_shape: (80, 80, 24), dst_order: FCR, dst_shape: (80, 80, 20))
[2026-05-07 13:30:50.929] [373008] [HailoRT] [info] [queue_elements.cpp:800] [create] Created (UserBuffQEl2scrfd_2_5g/conv44 | timeout: 60s)
[2026-05-07 13:30:50.929] [373008] [HailoRT] [info] [vstream.cpp:1114] [OutputVStreamImpl] Creating scrfd_2_5g/conv44...
[2026-05-07 13:30:50.929] [373008] [HailoRT] [info] [vstream_builder.cpp:220] [create_outputs] Output pipeline 'scrfd_2_5g/conv44': HW >> (HwReadEl2scrfd_2_5g/conv44 | hw_frame_size: 153600) >> (PullQEl_hw_read2scrfd_2_5g/conv44) >> (PostInferEl2scrfd_2_5g/conv44 | Quantization - src_type: UINT8, dst_type FLOAT32, limvals_min: -3.16292, limvals_max: 3.50274 | Reorder - src_order: FCR, src_shape: (80, 80, 24), dst_order: FCR, dst_shape: (80, 80, 20)) >> (UserBuffQEl2scrfd_2_5g/conv44 | timeout: 60s)
[2026-05-07 13:30:50.929] [373008] [HailoRT] [info] [edge_elements.cpp:287] [create] Created (HwReadEl14scrfd_2_5g/conv49 | hw_frame_size: 3200)
[2026-05-07 13:30:50.929] [373008] [HailoRT] [info] [queue_elements.cpp:657] [create] Created (PullQEl_hw_read14scrfd_2_5g/conv49)
[2026-05-07 13:30:50.929] [373008] [HailoRT] [info] [filter_elements.cpp:375] [create] Created (PostInferEl14scrfd_2_5g/conv49 | Quantization - src_type: UINT8, dst_type FLOAT32, limvals_min: 0, limvals_max: 1)
[2026-05-07 13:30:50.930] [373008] [HailoRT] [info] [queue_elements.cpp:800] [create] Created (UserBuffQEl14scrfd_2_5g/conv49 | timeout: 60s)
[2026-05-07 13:30:50.930] [373008] [HailoRT] [info] [vstream.cpp:1114] [OutputVStreamImpl] Creating scrfd_2_5g/conv49...
[2026-05-07 13:30:50.930] [373008] [HailoRT] [info] [vstream_builder.cpp:220] [create_outputs] Output pipeline 'scrfd_2_5g/conv49': HW >> (HwReadEl14scrfd_2_5g/conv49 | hw_frame_size: 3200) >> (PullQEl_hw_read14scrfd_2_5g/conv49) >> (PostInferEl14scrfd_2_5g/conv49 | Quantization - src_type: UINT8, dst_type FLOAT32, limvals_min: 0, limvals_max: 1) >> (UserBuffQEl14scrfd_2_5g/conv49 | timeout: 60s)
[2026-05-07 13:30:50.930] [373008] [HailoRT] [info] [edge_elements.cpp:287] [create] Created (HwReadEl12scrfd_2_5g/conv50 | hw_frame_size: 12800)
[2026-05-07 13:30:50.930] [373008] [HailoRT] [info] [queue_elements.cpp:657] [create] Created (PullQEl_hw_read12scrfd_2_5g/conv50)
[2026-05-07 13:30:50.930] [373008] [HailoRT] [info] [filter_elements.cpp:375] [create] Created (PostInferEl12scrfd_2_5g/conv50 | Quantization - src_type: UINT8, dst_type FLOAT32, limvals_min: 0, limvals_max: 8.10626)
[2026-05-07 13:30:50.930] [373008] [HailoRT] [info] [queue_elements.cpp:800] [create] Created (UserBuffQEl12scrfd_2_5g/conv50 | timeout: 60s)
[2026-05-07 13:30:50.930] [373008] [HailoRT] [info] [vstream.cpp:1114] [OutputVStreamImpl] Creating scrfd_2_5g/conv50...
[2026-05-07 13:30:50.930] [373008] [HailoRT] [info] [vstream_builder.cpp:220] [create_outputs] Output pipeline 'scrfd_2_5g/conv50': HW >> (HwReadEl12scrfd_2_5g/conv50 | hw_frame_size: 12800) >> (PullQEl_hw_read12scrfd_2_5g/conv50) >> (PostInferEl12scrfd_2_5g/conv50 | Quantization - src_type: UINT8, dst_type FLOAT32, limvals_min: 0, limvals_max: 8.10626) >> (UserBuffQEl12scrfd_2_5g/conv50 | timeout: 60s)
[2026-05-07 13:30:50.930] [373008] [HailoRT] [info] [edge_elements.cpp:287] [create] Created (HwReadEl1scrfd_2_5g/conv51 | hw_frame_size: 38400)
[2026-05-07 13:30:50.930] [373008] [HailoRT] [info] [queue_elements.cpp:657] [create] Created (PullQEl_hw_read1scrfd_2_5g/conv51)
[2026-05-07 13:30:50.930] [373008] [HailoRT] [info] [filter_elements.cpp:375] [create] Created (PostInferEl1scrfd_2_5g/conv51 | Quantization - src_type: UINT8, dst_type FLOAT32, limvals_min: -4.24698, limvals_max: 5.17024 | Reorder - src_order: FCR, src_shape: (40, 40, 24), dst_order: FCR, dst_shape: (40, 40, 20))
[2026-05-07 13:30:50.930] [373008] [HailoRT] [info] [queue_elements.cpp:800] [create] Created (UserBuffQEl1scrfd_2_5g/conv51 | timeout: 60s)
[2026-05-07 13:30:50.930] [373008] [HailoRT] [info] [vstream.cpp:1114] [OutputVStreamImpl] Creating scrfd_2_5g/conv51...
[2026-05-07 13:30:50.930] [373008] [HailoRT] [info] [vstream_builder.cpp:220] [create_outputs] Output pipeline 'scrfd_2_5g/conv51': HW >> (HwReadEl1scrfd_2_5g/conv51 | hw_frame_size: 38400) >> (PullQEl_hw_read1scrfd_2_5g/conv51) >> (PostInferEl1scrfd_2_5g/conv51 | Quantization - src_type: UINT8, dst_type FLOAT32, limvals_min: -4.24698, limvals_max: 5.17024 | Reorder - src_order: FCR, src_shape: (40, 40, 24), dst_order: FCR, dst_shape: (40, 40, 20)) >> (UserBuffQEl1scrfd_2_5g/conv51 | timeout: 60s)
[2026-05-07 13:30:50.930] [373008] [HailoRT] [info] [edge_elements.cpp:287] [create] Created (HwReadEl10scrfd_2_5g/conv55 | hw_frame_size: 800)
[2026-05-07 13:30:50.930] [373008] [HailoRT] [info] [queue_elements.cpp:657] [create] Created (PullQEl_hw_read10scrfd_2_5g/conv55)
[2026-05-07 13:30:50.930] [373008] [HailoRT] [info] [filter_elements.cpp:375] [create] Created (PostInferEl10scrfd_2_5g/conv55 | Quantization - src_type: UINT8, dst_type FLOAT32, limvals_min: 0, limvals_max: 1 | Reorder - src_order: NHCW, src_shape: (20, 20, 2), dst_order: NHWC, dst_shape: (20, 20, 2))
[2026-05-07 13:30:50.930] [373008] [HailoRT] [info] [queue_elements.cpp:800] [create] Created (UserBuffQEl10scrfd_2_5g/conv55 | timeout: 60s)
[2026-05-07 13:30:50.930] [373008] [HailoRT] [info] [vstream.cpp:1114] [OutputVStreamImpl] Creating scrfd_2_5g/conv55...
[2026-05-07 13:30:50.930] [373008] [HailoRT] [info] [vstream_builder.cpp:220] [create_outputs] Output pipeline 'scrfd_2_5g/conv55': HW >> (HwReadEl10scrfd_2_5g/conv55 | hw_frame_size: 800) >> (PullQEl_hw_read10scrfd_2_5g/conv55) >> (PostInferEl10scrfd_2_5g/conv55 | Quantization - src_type: UINT8, dst_type FLOAT32, limvals_min: 0, limvals_max: 1 | Reorder - src_order: NHCW, src_shape: (20, 20, 2), dst_order: NHWC, dst_shape: (20, 20, 2)) >> (UserBuffQEl10scrfd_2_5g/conv55 | timeout: 60s)
[2026-05-07 13:30:50.930] [373008] [HailoRT] [info] [edge_elements.cpp:287] [create] Created (HwReadEl9scrfd_2_5g/conv56 | hw_frame_size: 3200)
[2026-05-07 13:30:50.930] [373008] [HailoRT] [info] [queue_elements.cpp:657] [create] Created (PullQEl_hw_read9scrfd_2_5g/conv56)
[2026-05-07 13:30:50.930] [373008] [HailoRT] [info] [filter_elements.cpp:375] [create] Created (PostInferEl9scrfd_2_5g/conv56 | Quantization - src_type: UINT8, dst_type FLOAT32, limvals_min: -0.0299247, limvals_max: 7.60086 | Reorder - src_order: NHCW, src_shape: (20, 20, 8), dst_order: NHWC, dst_shape: (20, 20, 8))
[2026-05-07 13:30:50.930] [373008] [HailoRT] [info] [queue_elements.cpp:800] [create] Created (UserBuffQEl9scrfd_2_5g/conv56 | timeout: 60s)
[2026-05-07 13:30:50.930] [373008] [HailoRT] [info] [vstream.cpp:1114] [OutputVStreamImpl] Creating scrfd_2_5g/conv56...
[2026-05-07 13:30:50.930] [373008] [HailoRT] [info] [vstream_builder.cpp:220] [create_outputs] Output pipeline 'scrfd_2_5g/conv56': HW >> (HwReadEl9scrfd_2_5g/conv56 | hw_frame_size: 3200) >> (PullQEl_hw_read9scrfd_2_5g/conv56) >> (PostInferEl9scrfd_2_5g/conv56 | Quantization - src_type: UINT8, dst_type FLOAT32, limvals_min: -0.0299247, limvals_max: 7.60086 | Reorder - src_order: NHCW, src_shape: (20, 20, 8), dst_order: NHWC, dst_shape: (20, 20, 8)) >> (UserBuffQEl9scrfd_2_5g/conv56 | timeout: 60s)
[2026-05-07 13:30:50.930] [373008] [HailoRT] [info] [edge_elements.cpp:287] [create] Created (HwReadEl13scrfd_2_5g/conv57 | hw_frame_size: 9600)
[2026-05-07 13:30:50.930] [373008] [HailoRT] [info] [queue_elements.cpp:657] [create] Created (PullQEl_hw_read13scrfd_2_5g/conv57)
[2026-05-07 13:30:50.930] [373008] [HailoRT] [info] [filter_elements.cpp:375] [create] Created (PostInferEl13scrfd_2_5g/conv57 | Quantization - src_type: UINT8, dst_type FLOAT32, limvals_min: -4.03285, limvals_max: 5.14908 | Reorder - src_order: FCR, src_shape: (20, 20, 24), dst_order: FCR, dst_shape: (20, 20, 20))
[2026-05-07 13:30:50.930] [373008] [HailoRT] [info] [queue_elements.cpp:800] [create] Created (UserBuffQEl13scrfd_2_5g/conv57 | timeout: 60s)
[2026-05-07 13:30:50.930] [373008] [HailoRT] [info] [vstream.cpp:1114] [OutputVStreamImpl] Creating scrfd_2_5g/conv57...
[2026-05-07 13:30:50.930] [373008] [HailoRT] [info] [vstream_builder.cpp:220] [create_outputs] Output pipeline 'scrfd_2_5g/conv57': HW >> (HwReadEl13scrfd_2_5g/conv57 | hw_frame_size: 9600) >> (PullQEl_hw_read13scrfd_2_5g/conv57) >> (PostInferEl13scrfd_2_5g/conv57 | Quantization - src_type: UINT8, dst_type FLOAT32, limvals_min: -4.03285, limvals_max: 5.14908 | Reorder - src_order: FCR, src_shape: (20, 20, 24), dst_order: FCR, dst_shape: (20, 20, 20)) >> (UserBuffQEl13scrfd_2_5g/conv57 | timeout: 60s)
[2026-05-07 13:30:50.931] [373008] [HailoRT] [info] [core_op.cpp:156] [activate] Activating scrfd_2_5g took 0.529227 milliseconds. Note that the function is asynchronous and thus the network is not fully activated yet.
[2026-05-07 13:30:50.931] [373008] [HailoRT] [info] [core_op.cpp:156] [activate] Activating scrfd_2_5g took 0.538375 milliseconds. Note that the function is asynchronous and thus the network is not fully activated yet.
[2026-05-07 13:31:17.022] [384302] [HailoRT] [info] [vdevice.cpp:523] [create] Creating vdevice with params: device_count: 1, scheduling_algorithm: NONE, multi_process_service: false
[2026-05-07 13:31:17.033] [384302] [HailoRT] [info] [device.cpp:49] [Device] OS Version: Linux 6.12.75+rpt-rpi-2712 #1 SMP PREEMPT Debian 1:6.12.75-1+rpt1~bookworm (2026-03-11) aarch64
[2026-05-07 13:31:17.034] [384302] [HailoRT] [info] [control.cpp:108] [control__parse_identify_results] firmware_version is: 4.20.0
[2026-05-07 13:31:17.034] [384302] [HailoRT] [info] [vdevice.cpp:651] [create] VDevice Infos: 0001:01:00.0
[2026-05-07 13:31:17.040] [384302] [HailoRT] [info] [internal_buffer_manager.cpp:204] [print_execution_results] Planned internal buffer memory: CMA memory 0, user memory 462336. memory to edge layer usage factor is 1
[2026-05-07 13:31:17.040] [384302] [HailoRT] [info] [internal_buffer_manager.cpp:212] [print_execution_results] Default Internal buffer planner executed successfully
[2026-05-07 13:31:17.054] [384302] [HailoRT] [info] [device_internal.cpp:57] [configure] Configuring HEF took 19.735071 milliseconds
[2026-05-07 13:31:17.054] [384302] [HailoRT] [info] [vdevice.cpp:749] [configure] Configuring HEF on VDevice took 20.153056 milliseconds
[2026-05-07 13:31:17.054] [384302] [HailoRT] [info] [hef.cpp:1929] [get_network_group_and_network_name] No name was given. Addressing all networks of default network_group: scrfd_2_5g
[2026-05-07 13:31:17.085] [384324] [HailoRT] [info] [edge_elements.cpp:52] [create] Created (HwWriteEl3scrfd_2_5g/input_layer1 | hw_frame_size: 1228800)
[2026-05-07 13:31:17.085] [384324] [HailoRT] [info] [vstream.cpp:754] [InputVStreamImpl] Creating scrfd_2_5g/input_layer1...
[2026-05-07 13:31:17.085] [384324] [HailoRT] [info] [vstream_builder.cpp:102] [create_inputs] Input pipeline 'scrfd_2_5g/input_layer1': (HwWriteEl3scrfd_2_5g/input_layer1 | hw_frame_size: 1228800) >> HW
[2026-05-07 13:31:17.086] [384324] [HailoRT] [info] [edge_elements.cpp:287] [create] Created (HwReadEl3scrfd_2_5g/conv42 | hw_frame_size: 12800)
[2026-05-07 13:31:17.086] [384324] [HailoRT] [info] [queue_elements.cpp:657] [create] Created (PullQEl_hw_read3scrfd_2_5g/conv42)
[2026-05-07 13:31:17.086] [384324] [HailoRT] [info] [filter_elements.cpp:375] [create] Created (PostInferEl3scrfd_2_5g/conv42 | Quantization - src_type: UINT8, dst_type FLOAT32, limvals_min: 0, limvals_max: 1)
[2026-05-07 13:31:17.086] [384324] [HailoRT] [info] [queue_elements.cpp:800] [create] Created (UserBuffQEl3scrfd_2_5g/conv42 | timeout: 60s)
[2026-05-07 13:31:17.086] [384324] [HailoRT] [info] [vstream.cpp:1114] [OutputVStreamImpl] Creating scrfd_2_5g/conv42...
[2026-05-07 13:31:17.086] [384324] [HailoRT] [info] [vstream_builder.cpp:220] [create_outputs] Output pipeline 'scrfd_2_5g/conv42': HW >> (HwReadEl3scrfd_2_5g/conv42 | hw_frame_size: 12800) >> (PullQEl_hw_read3scrfd_2_5g/conv42) >> (PostInferEl3scrfd_2_5g/conv42 | Quantization - src_type: UINT8, dst_type FLOAT32, limvals_min: 0, limvals_max: 1) >> (UserBuffQEl3scrfd_2_5g/conv42 | timeout: 60s)
[2026-05-07 13:31:17.086] [384324] [HailoRT] [info] [edge_elements.cpp:287] [create] Created (HwReadEl0scrfd_2_5g/conv43 | hw_frame_size: 51200)
[2026-05-07 13:31:17.109] [384324] [HailoRT] [info] [queue_elements.cpp:657] [create] Created (PullQEl_hw_read0scrfd_2_5g/conv43)
[2026-05-07 13:31:17.109] [384324] [HailoRT] [info] [filter_elements.cpp:375] [create] Created (PostInferEl0scrfd_2_5g/conv43 | Quantization - src_type: UINT8, dst_type FLOAT32, limvals_min: -0.0793963, limvals_max: 4.98212)
[2026-05-07 13:31:17.109] [384324] [HailoRT] [info] [queue_elements.cpp:800] [create] Created (UserBuffQEl0scrfd_2_5g/conv43 | timeout: 60s)
[2026-05-07 13:31:17.109] [384324] [HailoRT] [info] [vstream.cpp:1114] [OutputVStreamImpl] Creating scrfd_2_5g/conv43...
[2026-05-07 13:31:17.109] [384324] [HailoRT] [info] [vstream_builder.cpp:220] [create_outputs] Output pipeline 'scrfd_2_5g/conv43': HW >> (HwReadEl0scrfd_2_5g/conv43 | hw_frame_size: 51200) >> (PullQEl_hw_read0scrfd_2_5g/conv43) >> (PostInferEl0scrfd_2_5g/conv43 | Quantization - src_type: UINT8, dst_type FLOAT32, limvals_min: -0.0793963, limvals_max: 4.98212) >> (UserBuffQEl0scrfd_2_5g/conv43 | timeout: 60s)
[2026-05-07 13:31:17.109] [384324] [HailoRT] [info] [edge_elements.cpp:287] [create] Created (HwReadEl2scrfd_2_5g/conv44 | hw_frame_size: 153600)
[2026-05-07 13:31:17.110] [384324] [HailoRT] [info] [queue_elements.cpp:657] [create] Created (PullQEl_hw_read2scrfd_2_5g/conv44)
[2026-05-07 13:31:17.110] [384324] [HailoRT] [info] [filter_elements.cpp:375] [create] Created (PostInferEl2scrfd_2_5g/conv44 | Quantization - src_type: UINT8, dst_type FLOAT32, limvals_min: -3.16292, limvals_max: 3.50274 | Reorder - src_order: FCR, src_shape: (80, 80, 24), dst_order: FCR, dst_shape: (80, 80, 20))
[2026-05-07 13:31:17.110] [384324] [HailoRT] [info] [queue_elements.cpp:800] [create] Created (UserBuffQEl2scrfd_2_5g/conv44 | timeout: 60s)
[2026-05-07 13:31:17.110] [384324] [HailoRT] [info] [vstream.cpp:1114] [OutputVStreamImpl] Creating scrfd_2_5g/conv44...
[2026-05-07 13:31:17.110] [384324] [HailoRT] [info] [vstream_builder.cpp:220] [create_outputs] Output pipeline 'scrfd_2_5g/conv44': HW >> (HwReadEl2scrfd_2_5g/conv44 | hw_frame_size: 153600) >> (PullQEl_hw_read2scrfd_2_5g/conv44) >> (PostInferEl2scrfd_2_5g/conv44 | Quantization - src_type: UINT8, dst_type FLOAT32, limvals_min: -3.16292, limvals_max: 3.50274 | Reorder - src_order: FCR, src_shape: (80, 80, 24), dst_order: FCR, dst_shape: (80, 80, 20)) >> (UserBuffQEl2scrfd_2_5g/conv44 | timeout: 60s)
[2026-05-07 13:31:17.110] [384324] [HailoRT] [info] [edge_elements.cpp:287] [create] Created (HwReadEl14scrfd_2_5g/conv49 | hw_frame_size: 3200)
[2026-05-07 13:31:17.110] [384324] [HailoRT] [info] [queue_elements.cpp:657] [create] Created (PullQEl_hw_read14scrfd_2_5g/conv49)
[2026-05-07 13:31:17.110] [384324] [HailoRT] [info] [filter_elements.cpp:375] [create] Created (PostInferEl14scrfd_2_5g/conv49 | Quantization - src_type: UINT8, dst_type FLOAT32, limvals_min: 0, limvals_max: 1)
[2026-05-07 13:31:17.110] [384324] [HailoRT] [info] [queue_elements.cpp:800] [create] Created (UserBuffQEl14scrfd_2_5g/conv49 | timeout: 60s)
[2026-05-07 13:31:17.110] [384324] [HailoRT] [info] [vstream.cpp:1114] [OutputVStreamImpl] Creating scrfd_2_5g/conv49...
[2026-05-07 13:31:17.110] [384324] [HailoRT] [info] [vstream_builder.cpp:220] [create_outputs] Output pipeline 'scrfd_2_5g/conv49': HW >> (HwReadEl14scrfd_2_5g/conv49 | hw_frame_size: 3200) >> (PullQEl_hw_read14scrfd_2_5g/conv49) >> (PostInferEl14scrfd_2_5g/conv49 | Quantization - src_type: UINT8, dst_type FLOAT32, limvals_min: 0, limvals_max: 1) >> (UserBuffQEl14scrfd_2_5g/conv49 | timeout: 60s)
[2026-05-07 13:31:17.110] [384324] [HailoRT] [info] [edge_elements.cpp:287] [create] Created (HwReadEl12scrfd_2_5g/conv50 | hw_frame_size: 12800)
[2026-05-07 13:31:17.110] [384324] [HailoRT] [info] [queue_elements.cpp:657] [create] Created (PullQEl_hw_read12scrfd_2_5g/conv50)
[2026-05-07 13:31:17.110] [384324] [HailoRT] [info] [filter_elements.cpp:375] [create] Created (PostInferEl12scrfd_2_5g/conv50 | Quantization - src_type: UINT8, dst_type FLOAT32, limvals_min: 0, limvals_max: 8.10626)
[2026-05-07 13:31:17.110] [384324] [HailoRT] [info] [queue_elements.cpp:800] [create] Created (UserBuffQEl12scrfd_2_5g/conv50 | timeout: 60s)
[2026-05-07 13:31:17.110] [384324] [HailoRT] [info] [vstream.cpp:1114] [OutputVStreamImpl] Creating scrfd_2_5g/conv50...
[2026-05-07 13:31:17.110] [384324] [HailoRT] [info] [vstream_builder.cpp:220] [create_outputs] Output pipeline 'scrfd_2_5g/conv50': HW >> (HwReadEl12scrfd_2_5g/conv50 | hw_frame_size: 12800) >> (PullQEl_hw_read12scrfd_2_5g/conv50) >> (PostInferEl12scrfd_2_5g/conv50 | Quantization - src_type: UINT8, dst_type FLOAT32, limvals_min: 0, limvals_max: 8.10626) >> (UserBuffQEl12scrfd_2_5g/conv50 | timeout: 60s)
[2026-05-07 13:31:17.110] [384324] [HailoRT] [info] [edge_elements.cpp:287] [create] Created (HwReadEl1scrfd_2_5g/conv51 | hw_frame_size: 38400)
[2026-05-07 13:31:17.110] [384324] [HailoRT] [info] [queue_elements.cpp:657] [create] Created (PullQEl_hw_read1scrfd_2_5g/conv51)
[2026-05-07 13:31:17.110] [384324] [HailoRT] [info] [filter_elements.cpp:375] [create] Created (PostInferEl1scrfd_2_5g/conv51 | Quantization - src_type: UINT8, dst_type FLOAT32, limvals_min: -4.24698, limvals_max: 5.17024 | Reorder - src_order: FCR, src_shape: (40, 40, 24), dst_order: FCR, dst_shape: (40, 40, 20))
[2026-05-07 13:31:17.111] [384324] [HailoRT] [info] [queue_elements.cpp:800] [create] Created (UserBuffQEl1scrfd_2_5g/conv51 | timeout: 60s)
[2026-05-07 13:31:17.111] [384324] [HailoRT] [info] [vstream.cpp:1114] [OutputVStreamImpl] Creating scrfd_2_5g/conv51...
[2026-05-07 13:31:17.111] [384324] [HailoRT] [info] [vstream_builder.cpp:220] [create_outputs] Output pipeline 'scrfd_2_5g/conv51': HW >> (HwReadEl1scrfd_2_5g/conv51 | hw_frame_size: 38400) >> (PullQEl_hw_read1scrfd_2_5g/conv51) >> (PostInferEl1scrfd_2_5g/conv51 | Quantization - src_type: UINT8, dst_type FLOAT32, limvals_min: -4.24698, limvals_max: 5.17024 | Reorder - src_order: FCR, src_shape: (40, 40, 24), dst_order: FCR, dst_shape: (40, 40, 20)) >> (UserBuffQEl1scrfd_2_5g/conv51 | timeout: 60s)
[2026-05-07 13:31:17.111] [384324] [HailoRT] [info] [edge_elements.cpp:287] [create] Created (HwReadEl10scrfd_2_5g/conv55 | hw_frame_size: 800)
[2026-05-07 13:31:17.111] [384324] [HailoRT] [info] [queue_elements.cpp:657] [create] Created (PullQEl_hw_read10scrfd_2_5g/conv55)
[2026-05-07 13:31:17.111] [384324] [HailoRT] [info] [filter_elements.cpp:375] [create] Created (PostInferEl10scrfd_2_5g/conv55 | Quantization - src_type: UINT8, dst_type FLOAT32, limvals_min: 0, limvals_max: 1 | Reorder - src_order: NHCW, src_shape: (20, 20, 2), dst_order: NHWC, dst_shape: (20, 20, 2))
[2026-05-07 13:31:17.111] [384324] [HailoRT] [info] [queue_elements.cpp:800] [create] Created (UserBuffQEl10scrfd_2_5g/conv55 | timeout: 60s)
[2026-05-07 13:31:17.111] [384324] [HailoRT] [info] [vstream.cpp:1114] [OutputVStreamImpl] Creating scrfd_2_5g/conv55...
[2026-05-07 13:31:17.111] [384324] [HailoRT] [info] [vstream_builder.cpp:220] [create_outputs] Output pipeline 'scrfd_2_5g/conv55': HW >> (HwReadEl10scrfd_2_5g/conv55 | hw_frame_size: 800) >> (PullQEl_hw_read10scrfd_2_5g/conv55) >> (PostInferEl10scrfd_2_5g/conv55 | Quantization - src_type: UINT8, dst_type FLOAT32, limvals_min: 0, limvals_max: 1 | Reorder - src_order: NHCW, src_shape: (20, 20, 2), dst_order: NHWC, dst_shape: (20, 20, 2)) >> (UserBuffQEl10scrfd_2_5g/conv55 | timeout: 60s)
[2026-05-07 13:31:17.111] [384324] [HailoRT] [info] [edge_elements.cpp:287] [create] Created (HwReadEl9scrfd_2_5g/conv56 | hw_frame_size: 3200)
[2026-05-07 13:31:17.111] [384324] [HailoRT] [info] [queue_elements.cpp:657] [create] Created (PullQEl_hw_read9scrfd_2_5g/conv56)
[2026-05-07 13:31:17.111] [384324] [HailoRT] [info] [filter_elements.cpp:375] [create] Created (PostInferEl9scrfd_2_5g/conv56 | Quantization - src_type: UINT8, dst_type FLOAT32, limvals_min: -0.0299247, limvals_max: 7.60086 | Reorder - src_order: NHCW, src_shape: (20, 20, 8), dst_order: NHWC, dst_shape: (20, 20, 8))
[2026-05-07 13:31:17.111] [384324] [HailoRT] [info] [queue_elements.cpp:800] [create] Created (UserBuffQEl9scrfd_2_5g/conv56 | timeout: 60s)
[2026-05-07 13:31:17.111] [384324] [HailoRT] [info] [vstream.cpp:1114] [OutputVStreamImpl] Creating scrfd_2_5g/conv56...
[2026-05-07 13:31:17.111] [384324] [HailoRT] [info] [vstream_builder.cpp:220] [create_outputs] Output pipeline 'scrfd_2_5g/conv56': HW >> (HwReadEl9scrfd_2_5g/conv56 | hw_frame_size: 3200) >> (PullQEl_hw_read9scrfd_2_5g/conv56) >> (PostInferEl9scrfd_2_5g/conv56 | Quantization - src_type: UINT8, dst_type FLOAT32, limvals_min: -0.0299247, limvals_max: 7.60086 | Reorder - src_order: NHCW, src_shape: (20, 20, 8), dst_order: NHWC, dst_shape: (20, 20, 8)) >> (UserBuffQEl9scrfd_2_5g/conv56 | timeout: 60s)
[2026-05-07 13:31:17.111] [384324] [HailoRT] [info] [edge_elements.cpp:287] [create] Created (HwReadEl13scrfd_2_5g/conv57 | hw_frame_size: 9600)
[2026-05-07 13:31:17.111] [384324] [HailoRT] [info] [queue_elements.cpp:657] [create] Created (PullQEl_hw_read13scrfd_2_5g/conv57)
[2026-05-07 13:31:17.111] [384324] [HailoRT] [info] [filter_elements.cpp:375] [create] Created (PostInferEl13scrfd_2_5g/conv57 | Quantization - src_type: UINT8, dst_type FLOAT32, limvals_min: -4.03285, limvals_max: 5.14908 | Reorder - src_order: FCR, src_shape: (20, 20, 24), dst_order: FCR, dst_shape: (20, 20, 20))
[2026-05-07 13:31:17.112] [384324] [HailoRT] [info] [queue_elements.cpp:800] [create] Created (UserBuffQEl13scrfd_2_5g/conv57 | timeout: 60s)
[2026-05-07 13:31:17.112] [384324] [HailoRT] [info] [vstream.cpp:1114] [OutputVStreamImpl] Creating scrfd_2_5g/conv57...
[2026-05-07 13:31:17.112] [384324] [HailoRT] [info] [vstream_builder.cpp:220] [create_outputs] Output pipeline 'scrfd_2_5g/conv57': HW >> (HwReadEl13scrfd_2_5g/conv57 | hw_frame_size: 9600) >> (PullQEl_hw_read13scrfd_2_5g/conv57) >> (PostInferEl13scrfd_2_5g/conv57 | Quantization - src_type: UINT8, dst_type FLOAT32, limvals_min: -4.03285, limvals_max: 5.14908 | Reorder - src_order: FCR, src_shape: (20, 20, 24), dst_order: FCR, dst_shape: (20, 20, 20)) >> (UserBuffQEl13scrfd_2_5g/conv57 | timeout: 60s)
[2026-05-07 13:31:17.112] [384324] [HailoRT] [info] [core_op.cpp:156] [activate] Activating scrfd_2_5g took 0.545781 milliseconds. Note that the function is asynchronous and thus the network is not fully activated yet.
[2026-05-07 13:31:17.112] [384324] [HailoRT] [info] [core_op.cpp:156] [activate] Activating scrfd_2_5g took 0.558615 milliseconds. Note that the function is asynchronous and thus the network is not fully activated yet.
[2026-05-07 13:39:05.789] [593371] [HailoRT] [info] [vdevice.cpp:523] [create] Creating vdevice with params: device_count: 1, scheduling_algorithm: NONE, multi_process_service: false
[2026-05-07 13:39:05.801] [593371] [HailoRT] [info] [device.cpp:49] [Device] OS Version: Linux 6.12.75+rpt-rpi-2712 #1 SMP PREEMPT Debian 1:6.12.75-1+rpt1~bookworm (2026-03-11) aarch64
[2026-05-07 13:39:05.802] [593371] [HailoRT] [info] [control.cpp:108] [control__parse_identify_results] firmware_version is: 4.20.0
[2026-05-07 13:39:05.802] [593371] [HailoRT] [info] [vdevice.cpp:651] [create] VDevice Infos: 0001:01:00.0
[2026-05-07 13:39:05.808] [593371] [HailoRT] [info] [internal_buffer_manager.cpp:204] [print_execution_results] Planned internal buffer memory: CMA memory 0, user memory 462336. memory to edge layer usage factor is 1
[2026-05-07 13:39:05.808] [593371] [HailoRT] [info] [internal_buffer_manager.cpp:212] [print_execution_results] Default Internal buffer planner executed successfully
[2026-05-07 13:39:05.822] [593371] [HailoRT] [info] [device_internal.cpp:57] [configure] Configuring HEF took 19.781275 milliseconds
[2026-05-07 13:39:05.822] [593371] [HailoRT] [info] [vdevice.cpp:749] [configure] Configuring HEF on VDevice took 20.189944 milliseconds
[2026-05-07 13:39:05.823] [593371] [HailoRT] [info] [hef.cpp:1929] [get_network_group_and_network_name] No name was given. Addressing all networks of default network_group: scrfd_2_5g
[2026-05-07 13:39:05.860] [593393] [HailoRT] [info] [edge_elements.cpp:52] [create] Created (HwWriteEl3scrfd_2_5g/input_layer1 | hw_frame_size: 1228800)
[2026-05-07 13:39:05.860] [593393] [HailoRT] [info] [vstream.cpp:754] [InputVStreamImpl] Creating scrfd_2_5g/input_layer1...
[2026-05-07 13:39:05.860] [593393] [HailoRT] [info] [vstream_builder.cpp:102] [create_inputs] Input pipeline 'scrfd_2_5g/input_layer1': (HwWriteEl3scrfd_2_5g/input_layer1 | hw_frame_size: 1228800) >> HW
[2026-05-07 13:39:05.860] [593393] [HailoRT] [info] [edge_elements.cpp:287] [create] Created (HwReadEl3scrfd_2_5g/conv42 | hw_frame_size: 12800)
[2026-05-07 13:39:05.861] [593393] [HailoRT] [info] [queue_elements.cpp:657] [create] Created (PullQEl_hw_read3scrfd_2_5g/conv42)
[2026-05-07 13:39:05.861] [593393] [HailoRT] [info] [filter_elements.cpp:375] [create] Created (PostInferEl3scrfd_2_5g/conv42 | Quantization - src_type: UINT8, dst_type FLOAT32, limvals_min: 0, limvals_max: 1)
[2026-05-07 13:39:05.861] [593393] [HailoRT] [info] [queue_elements.cpp:800] [create] Created (UserBuffQEl3scrfd_2_5g/conv42 | timeout: 60s)
[2026-05-07 13:39:05.861] [593393] [HailoRT] [info] [vstream.cpp:1114] [OutputVStreamImpl] Creating scrfd_2_5g/conv42...
[2026-05-07 13:39:05.861] [593393] [HailoRT] [info] [vstream_builder.cpp:220] [create_outputs] Output pipeline 'scrfd_2_5g/conv42': HW >> (HwReadEl3scrfd_2_5g/conv42 | hw_frame_size: 12800) >> (PullQEl_hw_read3scrfd_2_5g/conv42) >> (PostInferEl3scrfd_2_5g/conv42 | Quantization - src_type: UINT8, dst_type FLOAT32, limvals_min: 0, limvals_max: 1) >> (UserBuffQEl3scrfd_2_5g/conv42 | timeout: 60s)
[2026-05-07 13:39:05.861] [593393] [HailoRT] [info] [edge_elements.cpp:287] [create] Created (HwReadEl0scrfd_2_5g/conv43 | hw_frame_size: 51200)
[2026-05-07 13:39:05.885] [593393] [HailoRT] [info] [queue_elements.cpp:657] [create] Created (PullQEl_hw_read0scrfd_2_5g/conv43)
[2026-05-07 13:39:05.885] [593393] [HailoRT] [info] [filter_elements.cpp:375] [create] Created (PostInferEl0scrfd_2_5g/conv43 | Quantization - src_type: UINT8, dst_type FLOAT32, limvals_min: -0.0793963, limvals_max: 4.98212)
[2026-05-07 13:39:05.885] [593393] [HailoRT] [info] [queue_elements.cpp:800] [create] Created (UserBuffQEl0scrfd_2_5g/conv43 | timeout: 60s)
[2026-05-07 13:39:05.885] [593393] [HailoRT] [info] [vstream.cpp:1114] [OutputVStreamImpl] Creating scrfd_2_5g/conv43...
[2026-05-07 13:39:05.885] [593393] [HailoRT] [info] [vstream_builder.cpp:220] [create_outputs] Output pipeline 'scrfd_2_5g/conv43': HW >> (HwReadEl0scrfd_2_5g/conv43 | hw_frame_size: 51200) >> (PullQEl_hw_read0scrfd_2_5g/conv43) >> (PostInferEl0scrfd_2_5g/conv43 | Quantization - src_type: UINT8, dst_type FLOAT32, limvals_min: -0.0793963, limvals_max: 4.98212) >> (UserBuffQEl0scrfd_2_5g/conv43 | timeout: 60s)
[2026-05-07 13:39:05.885] [593393] [HailoRT] [info] [edge_elements.cpp:287] [create] Created (HwReadEl2scrfd_2_5g/conv44 | hw_frame_size: 153600)
[2026-05-07 13:39:05.885] [593393] [HailoRT] [info] [queue_elements.cpp:657] [create] Created (PullQEl_hw_read2scrfd_2_5g/conv44)
[2026-05-07 13:39:05.885] [593393] [HailoRT] [info] [filter_elements.cpp:375] [create] Created (PostInferEl2scrfd_2_5g/conv44 | Quantization - src_type: UINT8, dst_type FLOAT32, limvals_min: -3.16292, limvals_max: 3.50274 | Reorder - src_order: FCR, src_shape: (80, 80, 24), dst_order: FCR, dst_shape: (80, 80, 20))
[2026-05-07 13:39:05.886] [593393] [HailoRT] [info] [queue_elements.cpp:800] [create] Created (UserBuffQEl2scrfd_2_5g/conv44 | timeout: 60s)
[2026-05-07 13:39:05.886] [593393] [HailoRT] [info] [vstream.cpp:1114] [OutputVStreamImpl] Creating scrfd_2_5g/conv44...
[2026-05-07 13:39:05.886] [593393] [HailoRT] [info] [vstream_builder.cpp:220] [create_outputs] Output pipeline 'scrfd_2_5g/conv44': HW >> (HwReadEl2scrfd_2_5g/conv44 | hw_frame_size: 153600) >> (PullQEl_hw_read2scrfd_2_5g/conv44) >> (PostInferEl2scrfd_2_5g/conv44 | Quantization - src_type: UINT8, dst_type FLOAT32, limvals_min: -3.16292, limvals_max: 3.50274 | Reorder - src_order: FCR, src_shape: (80, 80, 24), dst_order: FCR, dst_shape: (80, 80, 20)) >> (UserBuffQEl2scrfd_2_5g/conv44 | timeout: 60s)
[2026-05-07 13:39:05.886] [593393] [HailoRT] [info] [edge_elements.cpp:287] [create] Created (HwReadEl14scrfd_2_5g/conv49 | hw_frame_size: 3200)
[2026-05-07 13:39:05.886] [593393] [HailoRT] [info] [queue_elements.cpp:657] [create] Created (PullQEl_hw_read14scrfd_2_5g/conv49)
[2026-05-07 13:39:05.886] [593393] [HailoRT] [info] [filter_elements.cpp:375] [create] Created (PostInferEl14scrfd_2_5g/conv49 | Quantization - src_type: UINT8, dst_type FLOAT32, limvals_min: 0, limvals_max: 1)
[2026-05-07 13:39:05.886] [593393] [HailoRT] [info] [queue_elements.cpp:800] [create] Created (UserBuffQEl14scrfd_2_5g/conv49 | timeout: 60s)
[2026-05-07 13:39:05.886] [593393] [HailoRT] [info] [vstream.cpp:1114] [OutputVStreamImpl] Creating scrfd_2_5g/conv49...
[2026-05-07 13:39:05.886] [593393] [HailoRT] [info] [vstream_builder.cpp:220] [create_outputs] Output pipeline 'scrfd_2_5g/conv49': HW >> (HwReadEl14scrfd_2_5g/conv49 | hw_frame_size: 3200) >> (PullQEl_hw_read14scrfd_2_5g/conv49) >> (PostInferEl14scrfd_2_5g/conv49 | Quantization - src_type: UINT8, dst_type FLOAT32, limvals_min: 0, limvals_max: 1) >> (UserBuffQEl14scrfd_2_5g/conv49 | timeout: 60s)
[2026-05-07 13:39:05.886] [593393] [HailoRT] [info] [edge_elements.cpp:287] [create] Created (HwReadEl12scrfd_2_5g/conv50 | hw_frame_size: 12800)
[2026-05-07 13:39:05.886] [593393] [HailoRT] [info] [queue_elements.cpp:657] [create] Created (PullQEl_hw_read12scrfd_2_5g/conv50)
[2026-05-07 13:39:05.886] [593393] [HailoRT] [info] [filter_elements.cpp:375] [create] Created (PostInferEl12scrfd_2_5g/conv50 | Quantization - src_type: UINT8, dst_type FLOAT32, limvals_min: 0, limvals_max: 8.10626)
[2026-05-07 13:39:05.886] [593393] [HailoRT] [info] [queue_elements.cpp:800] [create] Created (UserBuffQEl12scrfd_2_5g/conv50 | timeout: 60s)
[2026-05-07 13:39:05.886] [593393] [HailoRT] [info] [vstream.cpp:1114] [OutputVStreamImpl] Creating scrfd_2_5g/conv50...
[2026-05-07 13:39:05.886] [593393] [HailoRT] [info] [vstream_builder.cpp:220] [create_outputs] Output pipeline 'scrfd_2_5g/conv50': HW >> (HwReadEl12scrfd_2_5g/conv50 | hw_frame_size: 12800) >> (PullQEl_hw_read12scrfd_2_5g/conv50) >> (PostInferEl12scrfd_2_5g/conv50 | Quantization - src_type: UINT8, dst_type FLOAT32, limvals_min: 0, limvals_max: 8.10626) >> (UserBuffQEl12scrfd_2_5g/conv50 | timeout: 60s)
[2026-05-07 13:39:05.886] [593393] [HailoRT] [info] [edge_elements.cpp:287] [create] Created (HwReadEl1scrfd_2_5g/conv51 | hw_frame_size: 38400)
[2026-05-07 13:39:05.886] [593393] [HailoRT] [info] [queue_elements.cpp:657] [create] Created (PullQEl_hw_read1scrfd_2_5g/conv51)
[2026-05-07 13:39:05.886] [593393] [HailoRT] [info] [filter_elements.cpp:375] [create] Created (PostInferEl1scrfd_2_5g/conv51 | Quantization - src_type: UINT8, dst_type FLOAT32, limvals_min: -4.24698, limvals_max: 5.17024 | Reorder - src_order: FCR, src_shape: (40, 40, 24), dst_order: FCR, dst_shape: (40, 40, 20))
[2026-05-07 13:39:05.886] [593393] [HailoRT] [info] [queue_elements.cpp:800] [create] Created (UserBuffQEl1scrfd_2_5g/conv51 | timeout: 60s)
[2026-05-07 13:39:05.886] [593393] [HailoRT] [info] [vstream.cpp:1114] [OutputVStreamImpl] Creating scrfd_2_5g/conv51...
[2026-05-07 13:39:05.886] [593393] [HailoRT] [info] [vstream_builder.cpp:220] [create_outputs] Output pipeline 'scrfd_2_5g/conv51': HW >> (HwReadEl1scrfd_2_5g/conv51 | hw_frame_size: 38400) >> (PullQEl_hw_read1scrfd_2_5g/conv51) >> (PostInferEl1scrfd_2_5g/conv51 | Quantization - src_type: UINT8, dst_type FLOAT32, limvals_min: -4.24698, limvals_max: 5.17024 | Reorder - src_order: FCR, src_shape: (40, 40, 24), dst_order: FCR, dst_shape: (40, 40, 20)) >> (UserBuffQEl1scrfd_2_5g/conv51 | timeout: 60s)
[2026-05-07 13:39:05.886] [593393] [HailoRT] [info] [edge_elements.cpp:287] [create] Created (HwReadEl10scrfd_2_5g/conv55 | hw_frame_size: 800)
[2026-05-07 13:39:05.886] [593393] [HailoRT] [info] [queue_elements.cpp:657] [create] Created (PullQEl_hw_read10scrfd_2_5g/conv55)
[2026-05-07 13:39:05.886] [593393] [HailoRT] [info] [filter_elements.cpp:375] [create] Created (PostInferEl10scrfd_2_5g/conv55 | Quantization - src_type: UINT8, dst_type FLOAT32, limvals_min: 0, limvals_max: 1 | Reorder - src_order: NHCW, src_shape: (20, 20, 2), dst_order: NHWC, dst_shape: (20, 20, 2))
[2026-05-07 13:39:05.886] [593393] [HailoRT] [info] [queue_elements.cpp:800] [create] Created (UserBuffQEl10scrfd_2_5g/conv55 | timeout: 60s)
[2026-05-07 13:39:05.886] [593393] [HailoRT] [info] [vstream.cpp:1114] [OutputVStreamImpl] Creating scrfd_2_5g/conv55...
[2026-05-07 13:39:05.886] [593393] [HailoRT] [info] [vstream_builder.cpp:220] [create_outputs] Output pipeline 'scrfd_2_5g/conv55': HW >> (HwReadEl10scrfd_2_5g/conv55 | hw_frame_size: 800) >> (PullQEl_hw_read10scrfd_2_5g/conv55) >> (PostInferEl10scrfd_2_5g/conv55 | Quantization - src_type: UINT8, dst_type FLOAT32, limvals_min: 0, limvals_max: 1 | Reorder - src_order: NHCW, src_shape: (20, 20, 2), dst_order: NHWC, dst_shape: (20, 20, 2)) >> (UserBuffQEl10scrfd_2_5g/conv55 | timeout: 60s)
[2026-05-07 13:39:05.886] [593393] [HailoRT] [info] [edge_elements.cpp:287] [create] Created (HwReadEl9scrfd_2_5g/conv56 | hw_frame_size: 3200)
[2026-05-07 13:39:05.886] [593393] [HailoRT] [info] [queue_elements.cpp:657] [create] Created (PullQEl_hw_read9scrfd_2_5g/conv56)
[2026-05-07 13:39:05.886] [593393] [HailoRT] [info] [filter_elements.cpp:375] [create] Created (PostInferEl9scrfd_2_5g/conv56 | Quantization - src_type: UINT8, dst_type FLOAT32, limvals_min: -0.0299247, limvals_max: 7.60086 | Reorder - src_order: NHCW, src_shape: (20, 20, 8), dst_order: NHWC, dst_shape: (20, 20, 8))
[2026-05-07 13:39:05.887] [593393] [HailoRT] [info] [queue_elements.cpp:800] [create] Created (UserBuffQEl9scrfd_2_5g/conv56 | timeout: 60s)
[2026-05-07 13:39:05.887] [593393] [HailoRT] [info] [vstream.cpp:1114] [OutputVStreamImpl] Creating scrfd_2_5g/conv56...
[2026-05-07 13:39:05.887] [593393] [HailoRT] [info] [vstream_builder.cpp:220] [create_outputs] Output pipeline 'scrfd_2_5g/conv56': HW >> (HwReadEl9scrfd_2_5g/conv56 | hw_frame_size: 3200) >> (PullQEl_hw_read9scrfd_2_5g/conv56) >> (PostInferEl9scrfd_2_5g/conv56 | Quantization - src_type: UINT8, dst_type FLOAT32, limvals_min: -0.0299247, limvals_max: 7.60086 | Reorder - src_order: NHCW, src_shape: (20, 20, 8), dst_order: NHWC, dst_shape: (20, 20, 8)) >> (UserBuffQEl9scrfd_2_5g/conv56 | timeout: 60s)
[2026-05-07 13:39:05.887] [593393] [HailoRT] [info] [edge_elements.cpp:287] [create] Created (HwReadEl13scrfd_2_5g/conv57 | hw_frame_size: 9600)
[2026-05-07 13:39:05.887] [593393] [HailoRT] [info] [queue_elements.cpp:657] [create] Created (PullQEl_hw_read13scrfd_2_5g/conv57)
[2026-05-07 13:39:05.887] [593393] [HailoRT] [info] [filter_elements.cpp:375] [create] Created (PostInferEl13scrfd_2_5g/conv57 | Quantization - src_type: UINT8, dst_type FLOAT32, limvals_min: -4.03285, limvals_max: 5.14908 | Reorder - src_order: FCR, src_shape: (20, 20, 24), dst_order: FCR, dst_shape: (20, 20, 20))
[2026-05-07 13:39:05.887] [593393] [HailoRT] [info] [queue_elements.cpp:800] [create] Created (UserBuffQEl13scrfd_2_5g/conv57 | timeout: 60s)
[2026-05-07 13:39:05.887] [593393] [HailoRT] [info] [vstream.cpp:1114] [OutputVStreamImpl] Creating scrfd_2_5g/conv57...
[2026-05-07 13:39:05.887] [593393] [HailoRT] [info] [vstream_builder.cpp:220] [create_outputs] Output pipeline 'scrfd_2_5g/conv57': HW >> (HwReadEl13scrfd_2_5g/conv57 | hw_frame_size: 9600) >> (PullQEl_hw_read13scrfd_2_5g/conv57) >> (PostInferEl13scrfd_2_5g/conv57 | Quantization - src_type: UINT8, dst_type FLOAT32, limvals_min: -4.03285, limvals_max: 5.14908 | Reorder - src_order: FCR, src_shape: (20, 20, 24), dst_order: FCR, dst_shape: (20, 20, 20)) >> (UserBuffQEl13scrfd_2_5g/conv57 | timeout: 60s)
[2026-05-07 13:39:05.887] [593393] [HailoRT] [info] [core_op.cpp:156] [activate] Activating scrfd_2_5g took 0.517485 milliseconds. Note that the function is asynchronous and thus the network is not fully activated yet.
[2026-05-07 13:39:05.887] [593393] [HailoRT] [info] [core_op.cpp:156] [activate] Activating scrfd_2_5g took 0.52817 milliseconds. Note that the function is asynchronous and thus the network is not fully activated yet.
[2026-05-07 15:01:50.817] [1989] [HailoRT] [info] [vdevice.cpp:523] [create] Creating vdevice with params: device_count: 1, scheduling_algorithm: NONE, multi_process_service: false
[2026-05-07 15:01:50.838] [1989] [HailoRT] [info] [device.cpp:49] [Device] OS Version: Linux 6.12.75+rpt-rpi-2712 #1 SMP PREEMPT Debian 1:6.12.75-1+rpt1~bookworm (2026-03-11) aarch64
[2026-05-07 15:01:50.839] [1989] [HailoRT] [info] [control.cpp:108] [control__parse_identify_results] firmware_version is: 4.20.0
[2026-05-07 15:01:50.839] [1989] [HailoRT] [info] [vdevice.cpp:651] [create] VDevice Infos: 0001:01:00.0
[2026-05-07 15:01:50.853] [1989] [HailoRT] [info] [internal_buffer_manager.cpp:204] [print_execution_results] Planned internal buffer memory: CMA memory 0, user memory 462336. memory to edge layer usage factor is 1
[2026-05-07 15:01:50.853] [1989] [HailoRT] [info] [internal_buffer_manager.cpp:212] [print_execution_results] Default Internal buffer planner executed successfully
[2026-05-07 15:01:50.870] [1989] [HailoRT] [info] [device_internal.cpp:57] [configure] Configuring HEF took 29.472796 milliseconds
[2026-05-07 15:01:50.870] [1989] [HailoRT] [info] [vdevice.cpp:749] [configure] Configuring HEF on VDevice took 30.360352 milliseconds
[2026-05-07 15:01:50.870] [1989] [HailoRT] [info] [hef.cpp:1929] [get_network_group_and_network_name] No name was given. Addressing all networks of default network_group: scrfd_2_5g
[2026-05-07 15:01:50.911] [2315] [HailoRT] [info] [edge_elements.cpp:52] [create] Created (HwWriteEl3scrfd_2_5g/input_layer1 | hw_frame_size: 1228800)
[2026-05-07 15:01:50.911] [2315] [HailoRT] [info] [vstream.cpp:754] [InputVStreamImpl] Creating scrfd_2_5g/input_layer1...
[2026-05-07 15:01:50.911] [2315] [HailoRT] [info] [vstream_builder.cpp:102] [create_inputs] Input pipeline 'scrfd_2_5g/input_layer1': (HwWriteEl3scrfd_2_5g/input_layer1 | hw_frame_size: 1228800) >> HW
[2026-05-07 15:01:50.911] [2315] [HailoRT] [info] [edge_elements.cpp:287] [create] Created (HwReadEl3scrfd_2_5g/conv42 | hw_frame_size: 12800)
[2026-05-07 15:01:50.912] [2315] [HailoRT] [info] [queue_elements.cpp:657] [create] Created (PullQEl_hw_read3scrfd_2_5g/conv42)
[2026-05-07 15:01:50.912] [2315] [HailoRT] [info] [filter_elements.cpp:375] [create] Created (PostInferEl3scrfd_2_5g/conv42 | Quantization - src_type: UINT8, dst_type FLOAT32, limvals_min: 0, limvals_max: 1)
[2026-05-07 15:01:50.912] [2315] [HailoRT] [info] [queue_elements.cpp:800] [create] Created (UserBuffQEl3scrfd_2_5g/conv42 | timeout: 60s)
[2026-05-07 15:01:50.912] [2315] [HailoRT] [info] [vstream.cpp:1114] [OutputVStreamImpl] Creating scrfd_2_5g/conv42...
[2026-05-07 15:01:50.912] [2315] [HailoRT] [info] [vstream_builder.cpp:220] [create_outputs] Output pipeline 'scrfd_2_5g/conv42': HW >> (HwReadEl3scrfd_2_5g/conv42 | hw_frame_size: 12800) >> (PullQEl_hw_read3scrfd_2_5g/conv42) >> (PostInferEl3scrfd_2_5g/conv42 | Quantization - src_type: UINT8, dst_type FLOAT32, limvals_min: 0, limvals_max: 1) >> (UserBuffQEl3scrfd_2_5g/conv42 | timeout: 60s)
[2026-05-07 15:01:50.912] [2315] [HailoRT] [info] [edge_elements.cpp:287] [create] Created (HwReadEl0scrfd_2_5g/conv43 | hw_frame_size: 51200)
[2026-05-07 15:01:50.945] [2315] [HailoRT] [info] [queue_elements.cpp:657] [create] Created (PullQEl_hw_read0scrfd_2_5g/conv43)
[2026-05-07 15:01:50.945] [2315] [HailoRT] [info] [filter_elements.cpp:375] [create] Created (PostInferEl0scrfd_2_5g/conv43 | Quantization - src_type: UINT8, dst_type FLOAT32, limvals_min: -0.0793963, limvals_max: 4.98212)
[2026-05-07 15:01:50.946] [2315] [HailoRT] [info] [queue_elements.cpp:800] [create] Created (UserBuffQEl0scrfd_2_5g/conv43 | timeout: 60s)
[2026-05-07 15:01:50.946] [2315] [HailoRT] [info] [vstream.cpp:1114] [OutputVStreamImpl] Creating scrfd_2_5g/conv43...
[2026-05-07 15:01:50.946] [2315] [HailoRT] [info] [vstream_builder.cpp:220] [create_outputs] Output pipeline 'scrfd_2_5g/conv43': HW >> (HwReadEl0scrfd_2_5g/conv43 | hw_frame_size: 51200) >> (PullQEl_hw_read0scrfd_2_5g/conv43) >> (PostInferEl0scrfd_2_5g/conv43 | Quantization - src_type: UINT8, dst_type FLOAT32, limvals_min: -0.0793963, limvals_max: 4.98212) >> (UserBuffQEl0scrfd_2_5g/conv43 | timeout: 60s)
[2026-05-07 15:01:50.948] [2315] [HailoRT] [info] [edge_elements.cpp:287] [create] Created (HwReadEl2scrfd_2_5g/conv44 | hw_frame_size: 153600)
[2026-05-07 15:01:50.948] [2315] [HailoRT] [info] [queue_elements.cpp:657] [create] Created (PullQEl_hw_read2scrfd_2_5g/conv44)
[2026-05-07 15:01:50.948] [2315] [HailoRT] [info] [filter_elements.cpp:375] [create] Created (PostInferEl2scrfd_2_5g/conv44 | Quantization - src_type: UINT8, dst_type FLOAT32, limvals_min: -3.16292, limvals_max: 3.50274 | Reorder - src_order: FCR, src_shape: (80, 80, 24), dst_order: FCR, dst_shape: (80, 80, 20))
[2026-05-07 15:01:50.948] [2315] [HailoRT] [info] [queue_elements.cpp:800] [create] Created (UserBuffQEl2scrfd_2_5g/conv44 | timeout: 60s)
[2026-05-07 15:01:50.948] [2315] [HailoRT] [info] [vstream.cpp:1114] [OutputVStreamImpl] Creating scrfd_2_5g/conv44...
[2026-05-07 15:01:50.948] [2315] [HailoRT] [info] [vstream_builder.cpp:220] [create_outputs] Output pipeline 'scrfd_2_5g/conv44': HW >> (HwReadEl2scrfd_2_5g/conv44 | hw_frame_size: 153600) >> (PullQEl_hw_read2scrfd_2_5g/conv44) >> (PostInferEl2scrfd_2_5g/conv44 | Quantization - src_type: UINT8, dst_type FLOAT32, limvals_min: -3.16292, limvals_max: 3.50274 | Reorder - src_order: FCR, src_shape: (80, 80, 24), dst_order: FCR, dst_shape: (80, 80, 20)) >> (UserBuffQEl2scrfd_2_5g/conv44 | timeout: 60s)
[2026-05-07 15:01:50.948] [2315] [HailoRT] [info] [edge_elements.cpp:287] [create] Created (HwReadEl14scrfd_2_5g/conv49 | hw_frame_size: 3200)
[2026-05-07 15:01:50.948] [2315] [HailoRT] [info] [queue_elements.cpp:657] [create] Created (PullQEl_hw_read14scrfd_2_5g/conv49)
[2026-05-07 15:01:50.949] [2315] [HailoRT] [info] [filter_elements.cpp:375] [create] Created (PostInferEl14scrfd_2_5g/conv49 | Quantization - src_type: UINT8, dst_type FLOAT32, limvals_min: 0, limvals_max: 1)
[2026-05-07 15:01:50.949] [2315] [HailoRT] [info] [queue_elements.cpp:800] [create] Created (UserBuffQEl14scrfd_2_5g/conv49 | timeout: 60s)
[2026-05-07 15:01:50.949] [2315] [HailoRT] [info] [vstream.cpp:1114] [OutputVStreamImpl] Creating scrfd_2_5g/conv49...
[2026-05-07 15:01:50.949] [2315] [HailoRT] [info] [vstream_builder.cpp:220] [create_outputs] Output pipeline 'scrfd_2_5g/conv49': HW >> (HwReadEl14scrfd_2_5g/conv49 | hw_frame_size: 3200) >> (PullQEl_hw_read14scrfd_2_5g/conv49) >> (PostInferEl14scrfd_2_5g/conv49 | Quantization - src_type: UINT8, dst_type FLOAT32, limvals_min: 0, limvals_max: 1) >> (UserBuffQEl14scrfd_2_5g/conv49 | timeout: 60s)
[2026-05-07 15:01:50.949] [2315] [HailoRT] [info] [edge_elements.cpp:287] [create] Created (HwReadEl12scrfd_2_5g/conv50 | hw_frame_size: 12800)
[2026-05-07 15:01:50.949] [2315] [HailoRT] [info] [queue_elements.cpp:657] [create] Created (PullQEl_hw_read12scrfd_2_5g/conv50)
[2026-05-07 15:01:50.949] [2315] [HailoRT] [info] [filter_elements.cpp:375] [create] Created (PostInferEl12scrfd_2_5g/conv50 | Quantization - src_type: UINT8, dst_type FLOAT32, limvals_min: 0, limvals_max: 8.10626)
[2026-05-07 15:01:50.949] [2315] [HailoRT] [info] [queue_elements.cpp:800] [create] Created (UserBuffQEl12scrfd_2_5g/conv50 | timeout: 60s)
[2026-05-07 15:01:50.949] [2315] [HailoRT] [info] [vstream.cpp:1114] [OutputVStreamImpl] Creating scrfd_2_5g/conv50...
[2026-05-07 15:01:50.949] [2315] [HailoRT] [info] [vstream_builder.cpp:220] [create_outputs] Output pipeline 'scrfd_2_5g/conv50': HW >> (HwReadEl12scrfd_2_5g/conv50 | hw_frame_size: 12800) >> (PullQEl_hw_read12scrfd_2_5g/conv50) >> (PostInferEl12scrfd_2_5g/conv50 | Quantization - src_type: UINT8, dst_type FLOAT32, limvals_min: 0, limvals_max: 8.10626) >> (UserBuffQEl12scrfd_2_5g/conv50 | timeout: 60s)
[2026-05-07 15:01:50.949] [2315] [HailoRT] [info] [edge_elements.cpp:287] [create] Created (HwReadEl1scrfd_2_5g/conv51 | hw_frame_size: 38400)
[2026-05-07 15:01:50.949] [2315] [HailoRT] [info] [queue_elements.cpp:657] [create] Created (PullQEl_hw_read1scrfd_2_5g/conv51)
[2026-05-07 15:01:50.949] [2315] [HailoRT] [info] [filter_elements.cpp:375] [create] Created (PostInferEl1scrfd_2_5g/conv51 | Quantization - src_type: UINT8, dst_type FLOAT32, limvals_min: -4.24698, limvals_max: 5.17024 | Reorder - src_order: FCR, src_shape: (40, 40, 24), dst_order: FCR, dst_shape: (40, 40, 20))
[2026-05-07 15:01:50.949] [2315] [HailoRT] [info] [queue_elements.cpp:800] [create] Created (UserBuffQEl1scrfd_2_5g/conv51 | timeout: 60s)
[2026-05-07 15:01:50.949] [2315] [HailoRT] [info] [vstream.cpp:1114] [OutputVStreamImpl] Creating scrfd_2_5g/conv51...
[2026-05-07 15:01:50.949] [2315] [HailoRT] [info] [vstream_builder.cpp:220] [create_outputs] Output pipeline 'scrfd_2_5g/conv51': HW >> (HwReadEl1scrfd_2_5g/conv51 | hw_frame_size: 38400) >> (PullQEl_hw_read1scrfd_2_5g/conv51) >> (PostInferEl1scrfd_2_5g/conv51 | Quantization - src_type: UINT8, dst_type FLOAT32, limvals_min: -4.24698, limvals_max: 5.17024 | Reorder - src_order: FCR, src_shape: (40, 40, 24), dst_order: FCR, dst_shape: (40, 40, 20)) >> (UserBuffQEl1scrfd_2_5g/conv51 | timeout: 60s)
[2026-05-07 15:01:50.949] [2315] [HailoRT] [info] [edge_elements.cpp:287] [create] Created (HwReadEl10scrfd_2_5g/conv55 | hw_frame_size: 800)
[2026-05-07 15:01:50.949] [2315] [HailoRT] [info] [queue_elements.cpp:657] [create] Created (PullQEl_hw_read10scrfd_2_5g/conv55)
[2026-05-07 15:01:50.949] [2315] [HailoRT] [info] [filter_elements.cpp:375] [create] Created (PostInferEl10scrfd_2_5g/conv55 | Quantization - src_type: UINT8, dst_type FLOAT32, limvals_min: 0, limvals_max: 1 | Reorder - src_order: NHCW, src_shape: (20, 20, 2), dst_order: NHWC, dst_shape: (20, 20, 2))
[2026-05-07 15:01:50.949] [2315] [HailoRT] [info] [queue_elements.cpp:800] [create] Created (UserBuffQEl10scrfd_2_5g/conv55 | timeout: 60s)
[2026-05-07 15:01:50.949] [2315] [HailoRT] [info] [vstream.cpp:1114] [OutputVStreamImpl] Creating scrfd_2_5g/conv55...
[2026-05-07 15:01:50.949] [2315] [HailoRT] [info] [vstream_builder.cpp:220] [create_outputs] Output pipeline 'scrfd_2_5g/conv55': HW >> (HwReadEl10scrfd_2_5g/conv55 | hw_frame_size: 800) >> (PullQEl_hw_read10scrfd_2_5g/conv55) >> (PostInferEl10scrfd_2_5g/conv55 | Quantization - src_type: UINT8, dst_type FLOAT32, limvals_min: 0, limvals_max: 1 | Reorder - src_order: NHCW, src_shape: (20, 20, 2), dst_order: NHWC, dst_shape: (20, 20, 2)) >> (UserBuffQEl10scrfd_2_5g/conv55 | timeout: 60s)
[2026-05-07 15:01:50.949] [2315] [HailoRT] [info] [edge_elements.cpp:287] [create] Created (HwReadEl9scrfd_2_5g/conv56 | hw_frame_size: 3200)
[2026-05-07 15:01:50.949] [2315] [HailoRT] [info] [queue_elements.cpp:657] [create] Created (PullQEl_hw_read9scrfd_2_5g/conv56)
[2026-05-07 15:01:50.949] [2315] [HailoRT] [info] [filter_elements.cpp:375] [create] Created (PostInferEl9scrfd_2_5g/conv56 | Quantization - src_type: UINT8, dst_type FLOAT32, limvals_min: -0.0299247, limvals_max: 7.60086 | Reorder - src_order: NHCW, src_shape: (20, 20, 8), dst_order: NHWC, dst_shape: (20, 20, 8))
[2026-05-07 15:01:50.949] [2315] [HailoRT] [info] [queue_elements.cpp:800] [create] Created (UserBuffQEl9scrfd_2_5g/conv56 | timeout: 60s)
[2026-05-07 15:01:50.949] [2315] [HailoRT] [info] [vstream.cpp:1114] [OutputVStreamImpl] Creating scrfd_2_5g/conv56...
[2026-05-07 15:01:50.949] [2315] [HailoRT] [info] [vstream_builder.cpp:220] [create_outputs] Output pipeline 'scrfd_2_5g/conv56': HW >> (HwReadEl9scrfd_2_5g/conv56 | hw_frame_size: 3200) >> (PullQEl_hw_read9scrfd_2_5g/conv56) >> (PostInferEl9scrfd_2_5g/conv56 | Quantization - src_type: UINT8, dst_type FLOAT32, limvals_min: -0.0299247, limvals_max: 7.60086 | Reorder - src_order: NHCW, src_shape: (20, 20, 8), dst_order: NHWC, dst_shape: (20, 20, 8)) >> (UserBuffQEl9scrfd_2_5g/conv56 | timeout: 60s)
[2026-05-07 15:01:50.949] [2315] [HailoRT] [info] [edge_elements.cpp:287] [create] Created (HwReadEl13scrfd_2_5g/conv57 | hw_frame_size: 9600)
[2026-05-07 15:01:50.950] [2315] [HailoRT] [info] [queue_elements.cpp:657] [create] Created (PullQEl_hw_read13scrfd_2_5g/conv57)
[2026-05-07 15:01:50.950] [2315] [HailoRT] [info] [filter_elements.cpp:375] [create] Created (PostInferEl13scrfd_2_5g/conv57 | Quantization - src_type: UINT8, dst_type FLOAT32, limvals_min: -4.03285, limvals_max: 5.14908 | Reorder - src_order: FCR, src_shape: (20, 20, 24), dst_order: FCR, dst_shape: (20, 20, 20))
[2026-05-07 15:01:50.950] [2315] [HailoRT] [info] [queue_elements.cpp:800] [create] Created (UserBuffQEl13scrfd_2_5g/conv57 | timeout: 60s)
[2026-05-07 15:01:50.950] [2315] [HailoRT] [info] [vstream.cpp:1114] [OutputVStreamImpl] Creating scrfd_2_5g/conv57...
[2026-05-07 15:01:50.950] [2315] [HailoRT] [info] [vstream_builder.cpp:220] [create_outputs] Output pipeline 'scrfd_2_5g/conv57': HW >> (HwReadEl13scrfd_2_5g/conv57 | hw_frame_size: 9600) >> (PullQEl_hw_read13scrfd_2_5g/conv57) >> (PostInferEl13scrfd_2_5g/conv57 | Quantization - src_type: UINT8, dst_type FLOAT32, limvals_min: -4.03285, limvals_max: 5.14908 | Reorder - src_order: FCR, src_shape: (20, 20, 24), dst_order: FCR, dst_shape: (20, 20, 20)) >> (UserBuffQEl13scrfd_2_5g/conv57 | timeout: 60s)
[2026-05-07 15:01:50.950] [2315] [HailoRT] [info] [core_op.cpp:156] [activate] Activating scrfd_2_5g took 0.498111 milliseconds. Note that the function is asynchronous and thus the network is not fully activated yet.
[2026-05-07 15:01:50.950] [2315] [HailoRT] [info] [core_op.cpp:156] [activate] Activating scrfd_2_5g took 0.517666 milliseconds. Note that the function is asynchronous and thus the network is not fully activated yet.
[2026-05-07 15:05:34.530] [1999] [HailoRT] [info] [vdevice.cpp:523] [create] Creating vdevice with params: device_count: 1, scheduling_algorithm: NONE, multi_process_service: false
[2026-05-07 15:05:34.556] [1999] [HailoRT] [info] [device.cpp:49] [Device] OS Version: Linux 6.12.75+rpt-rpi-2712 #1 SMP PREEMPT Debian 1:6.12.75-1+rpt1~bookworm (2026-03-11) aarch64
[2026-05-07 15:05:34.558] [1999] [HailoRT] [info] [control.cpp:108] [control__parse_identify_results] firmware_version is: 4.20.0
[2026-05-07 15:05:34.558] [1999] [HailoRT] [info] [vdevice.cpp:651] [create] VDevice Infos: 0001:01:00.0
[2026-05-07 15:05:34.573] [1999] [HailoRT] [info] [internal_buffer_manager.cpp:204] [print_execution_results] Planned internal buffer memory: CMA memory 0, user memory 462336. memory to edge layer usage factor is 1
[2026-05-07 15:05:34.573] [1999] [HailoRT] [info] [internal_buffer_manager.cpp:212] [print_execution_results] Default Internal buffer planner executed successfully
[2026-05-07 15:05:34.596] [1999] [HailoRT] [info] [device_internal.cpp:57] [configure] Configuring HEF took 36.639352 milliseconds
[2026-05-07 15:05:34.596] [1999] [HailoRT] [info] [vdevice.cpp:749] [configure] Configuring HEF on VDevice took 37.529018 milliseconds
[2026-05-07 15:05:34.596] [1999] [HailoRT] [info] [hef.cpp:1929] [get_network_group_and_network_name] No name was given. Addressing all networks of default network_group: scrfd_2_5g
[2026-05-07 15:05:34.664] [2395] [HailoRT] [info] [edge_elements.cpp:52] [create] Created (HwWriteEl3scrfd_2_5g/input_layer1 | hw_frame_size: 1228800)
[2026-05-07 15:05:34.664] [2395] [HailoRT] [info] [vstream.cpp:754] [InputVStreamImpl] Creating scrfd_2_5g/input_layer1...
[2026-05-07 15:05:34.664] [2395] [HailoRT] [info] [vstream_builder.cpp:102] [create_inputs] Input pipeline 'scrfd_2_5g/input_layer1': (HwWriteEl3scrfd_2_5g/input_layer1 | hw_frame_size: 1228800) >> HW
[2026-05-07 15:05:34.664] [2395] [HailoRT] [info] [edge_elements.cpp:287] [create] Created (HwReadEl3scrfd_2_5g/conv42 | hw_frame_size: 12800)
[2026-05-07 15:05:34.665] [2395] [HailoRT] [info] [queue_elements.cpp:657] [create] Created (PullQEl_hw_read3scrfd_2_5g/conv42)
[2026-05-07 15:05:34.665] [2395] [HailoRT] [info] [filter_elements.cpp:375] [create] Created (PostInferEl3scrfd_2_5g/conv42 | Quantization - src_type: UINT8, dst_type FLOAT32, limvals_min: 0, limvals_max: 1)
[2026-05-07 15:05:34.665] [2395] [HailoRT] [info] [queue_elements.cpp:800] [create] Created (UserBuffQEl3scrfd_2_5g/conv42 | timeout: 60s)
[2026-05-07 15:05:34.665] [2395] [HailoRT] [info] [vstream.cpp:1114] [OutputVStreamImpl] Creating scrfd_2_5g/conv42...
[2026-05-07 15:05:34.665] [2395] [HailoRT] [info] [vstream_builder.cpp:220] [create_outputs] Output pipeline 'scrfd_2_5g/conv42': HW >> (HwReadEl3scrfd_2_5g/conv42 | hw_frame_size: 12800) >> (PullQEl_hw_read3scrfd_2_5g/conv42) >> (PostInferEl3scrfd_2_5g/conv42 | Quantization - src_type: UINT8, dst_type FLOAT32, limvals_min: 0, limvals_max: 1) >> (UserBuffQEl3scrfd_2_5g/conv42 | timeout: 60s)
[2026-05-07 15:05:34.665] [2395] [HailoRT] [info] [edge_elements.cpp:287] [create] Created (HwReadEl0scrfd_2_5g/conv43 | hw_frame_size: 51200)
[2026-05-07 15:05:34.688] [2395] [HailoRT] [info] [queue_elements.cpp:657] [create] Created (PullQEl_hw_read0scrfd_2_5g/conv43)
[2026-05-07 15:05:34.688] [2395] [HailoRT] [info] [filter_elements.cpp:375] [create] Created (PostInferEl0scrfd_2_5g/conv43 | Quantization - src_type: UINT8, dst_type FLOAT32, limvals_min: -0.0793963, limvals_max: 4.98212)
[2026-05-07 15:05:34.688] [2395] [HailoRT] [info] [queue_elements.cpp:800] [create] Created (UserBuffQEl0scrfd_2_5g/conv43 | timeout: 60s)
[2026-05-07 15:05:34.688] [2395] [HailoRT] [info] [vstream.cpp:1114] [OutputVStreamImpl] Creating scrfd_2_5g/conv43...
[2026-05-07 15:05:34.688] [2395] [HailoRT] [info] [vstream_builder.cpp:220] [create_outputs] Output pipeline 'scrfd_2_5g/conv43': HW >> (HwReadEl0scrfd_2_5g/conv43 | hw_frame_size: 51200) >> (PullQEl_hw_read0scrfd_2_5g/conv43) >> (PostInferEl0scrfd_2_5g/conv43 | Quantization - src_type: UINT8, dst_type FLOAT32, limvals_min: -0.0793963, limvals_max: 4.98212) >> (UserBuffQEl0scrfd_2_5g/conv43 | timeout: 60s)
[2026-05-07 15:05:34.690] [2395] [HailoRT] [info] [edge_elements.cpp:287] [create] Created (HwReadEl2scrfd_2_5g/conv44 | hw_frame_size: 153600)
[2026-05-07 15:05:34.690] [2395] [HailoRT] [info] [queue_elements.cpp:657] [create] Created (PullQEl_hw_read2scrfd_2_5g/conv44)
[2026-05-07 15:05:34.691] [2395] [HailoRT] [info] [filter_elements.cpp:375] [create] Created (PostInferEl2scrfd_2_5g/conv44 | Quantization - src_type: UINT8, dst_type FLOAT32, limvals_min: -3.16292, limvals_max: 3.50274 | Reorder - src_order: FCR, src_shape: (80, 80, 24), dst_order: FCR, dst_shape: (80, 80, 20))
[2026-05-07 15:05:34.691] [2395] [HailoRT] [info] [queue_elements.cpp:800] [create] Created (UserBuffQEl2scrfd_2_5g/conv44 | timeout: 60s)
[2026-05-07 15:05:34.691] [2395] [HailoRT] [info] [vstream.cpp:1114] [OutputVStreamImpl] Creating scrfd_2_5g/conv44...
[2026-05-07 15:05:34.691] [2395] [HailoRT] [info] [vstream_builder.cpp:220] [create_outputs] Output pipeline 'scrfd_2_5g/conv44': HW >> (HwReadEl2scrfd_2_5g/conv44 | hw_frame_size: 153600) >> (PullQEl_hw_read2scrfd_2_5g/conv44) >> (PostInferEl2scrfd_2_5g/conv44 | Quantization - src_type: UINT8, dst_type FLOAT32, limvals_min: -3.16292, limvals_max: 3.50274 | Reorder - src_order: FCR, src_shape: (80, 80, 24), dst_order: FCR, dst_shape: (80, 80, 20)) >> (UserBuffQEl2scrfd_2_5g/conv44 | timeout: 60s)
[2026-05-07 15:05:34.691] [2395] [HailoRT] [info] [edge_elements.cpp:287] [create] Created (HwReadEl14scrfd_2_5g/conv49 | hw_frame_size: 3200)
[2026-05-07 15:05:34.691] [2395] [HailoRT] [info] [queue_elements.cpp:657] [create] Created (PullQEl_hw_read14scrfd_2_5g/conv49)
[2026-05-07 15:05:34.691] [2395] [HailoRT] [info] [filter_elements.cpp:375] [create] Created (PostInferEl14scrfd_2_5g/conv49 | Quantization - src_type: UINT8, dst_type FLOAT32, limvals_min: 0, limvals_max: 1)
[2026-05-07 15:05:34.691] [2395] [HailoRT] [info] [queue_elements.cpp:800] [create] Created (UserBuffQEl14scrfd_2_5g/conv49 | timeout: 60s)
[2026-05-07 15:05:34.691] [2395] [HailoRT] [info] [vstream.cpp:1114] [OutputVStreamImpl] Creating scrfd_2_5g/conv49...
[2026-05-07 15:05:34.691] [2395] [HailoRT] [info] [vstream_builder.cpp:220] [create_outputs] Output pipeline 'scrfd_2_5g/conv49': HW >> (HwReadEl14scrfd_2_5g/conv49 | hw_frame_size: 3200) >> (PullQEl_hw_read14scrfd_2_5g/conv49) >> (PostInferEl14scrfd_2_5g/conv49 | Quantization - src_type: UINT8, dst_type FLOAT32, limvals_min: 0, limvals_max: 1) >> (UserBuffQEl14scrfd_2_5g/conv49 | timeout: 60s)
[2026-05-07 15:05:34.691] [2395] [HailoRT] [info] [edge_elements.cpp:287] [create] Created (HwReadEl12scrfd_2_5g/conv50 | hw_frame_size: 12800)
[2026-05-07 15:05:34.691] [2395] [HailoRT] [info] [queue_elements.cpp:657] [create] Created (PullQEl_hw_read12scrfd_2_5g/conv50)
[2026-05-07 15:05:34.691] [2395] [HailoRT] [info] [filter_elements.cpp:375] [create] Created (PostInferEl12scrfd_2_5g/conv50 | Quantization - src_type: UINT8, dst_type FLOAT32, limvals_min: 0, limvals_max: 8.10626)
[2026-05-07 15:05:34.691] [2395] [HailoRT] [info] [queue_elements.cpp:800] [create] Created (UserBuffQEl12scrfd_2_5g/conv50 | timeout: 60s)
[2026-05-07 15:05:34.691] [2395] [HailoRT] [info] [vstream.cpp:1114] [OutputVStreamImpl] Creating scrfd_2_5g/conv50...
[2026-05-07 15:05:34.691] [2395] [HailoRT] [info] [vstream_builder.cpp:220] [create_outputs] Output pipeline 'scrfd_2_5g/conv50': HW >> (HwReadEl12scrfd_2_5g/conv50 | hw_frame_size: 12800) >> (PullQEl_hw_read12scrfd_2_5g/conv50) >> (PostInferEl12scrfd_2_5g/conv50 | Quantization - src_type: UINT8, dst_type FLOAT32, limvals_min: 0, limvals_max: 8.10626) >> (UserBuffQEl12scrfd_2_5g/conv50 | timeout: 60s)
[2026-05-07 15:05:34.691] [2395] [HailoRT] [info] [edge_elements.cpp:287] [create] Created (HwReadEl1scrfd_2_5g/conv51 | hw_frame_size: 38400)
[2026-05-07 15:05:34.691] [2395] [HailoRT] [info] [queue_elements.cpp:657] [create] Created (PullQEl_hw_read1scrfd_2_5g/conv51)
[2026-05-07 15:05:34.691] [2395] [HailoRT] [info] [filter_elements.cpp:375] [create] Created (PostInferEl1scrfd_2_5g/conv51 | Quantization - src_type: UINT8, dst_type FLOAT32, limvals_min: -4.24698, limvals_max: 5.17024 | Reorder - src_order: FCR, src_shape: (40, 40, 24), dst_order: FCR, dst_shape: (40, 40, 20))
[2026-05-07 15:05:34.691] [2395] [HailoRT] [info] [queue_elements.cpp:800] [create] Created (UserBuffQEl1scrfd_2_5g/conv51 | timeout: 60s)
[2026-05-07 15:05:34.691] [2395] [HailoRT] [info] [vstream.cpp:1114] [OutputVStreamImpl] Creating scrfd_2_5g/conv51...
[2026-05-07 15:05:34.691] [2395] [HailoRT] [info] [vstream_builder.cpp:220] [create_outputs] Output pipeline 'scrfd_2_5g/conv51': HW >> (HwReadEl1scrfd_2_5g/conv51 | hw_frame_size: 38400) >> (PullQEl_hw_read1scrfd_2_5g/conv51) >> (PostInferEl1scrfd_2_5g/conv51 | Quantization - src_type: UINT8, dst_type FLOAT32, limvals_min: -4.24698, limvals_max: 5.17024 | Reorder - src_order: FCR, src_shape: (40, 40, 24), dst_order: FCR, dst_shape: (40, 40, 20)) >> (UserBuffQEl1scrfd_2_5g/conv51 | timeout: 60s)
[2026-05-07 15:05:34.691] [2395] [HailoRT] [info] [edge_elements.cpp:287] [create] Created (HwReadEl10scrfd_2_5g/conv55 | hw_frame_size: 800)
[2026-05-07 15:05:34.691] [2395] [HailoRT] [info] [queue_elements.cpp:657] [create] Created (PullQEl_hw_read10scrfd_2_5g/conv55)
[2026-05-07 15:05:34.692] [2395] [HailoRT] [info] [filter_elements.cpp:375] [create] Created (PostInferEl10scrfd_2_5g/conv55 | Quantization - src_type: UINT8, dst_type FLOAT32, limvals_min: 0, limvals_max: 1 | Reorder - src_order: NHCW, src_shape: (20, 20, 2), dst_order: NHWC, dst_shape: (20, 20, 2))
[2026-05-07 15:05:34.692] [2395] [HailoRT] [info] [queue_elements.cpp:800] [create] Created (UserBuffQEl10scrfd_2_5g/conv55 | timeout: 60s)
[2026-05-07 15:05:34.692] [2395] [HailoRT] [info] [vstream.cpp:1114] [OutputVStreamImpl] Creating scrfd_2_5g/conv55...
[2026-05-07 15:05:34.692] [2395] [HailoRT] [info] [vstream_builder.cpp:220] [create_outputs] Output pipeline 'scrfd_2_5g/conv55': HW >> (HwReadEl10scrfd_2_5g/conv55 | hw_frame_size: 800) >> (PullQEl_hw_read10scrfd_2_5g/conv55) >> (PostInferEl10scrfd_2_5g/conv55 | Quantization - src_type: UINT8, dst_type FLOAT32, limvals_min: 0, limvals_max: 1 | Reorder - src_order: NHCW, src_shape: (20, 20, 2), dst_order: NHWC, dst_shape: (20, 20, 2)) >> (UserBuffQEl10scrfd_2_5g/conv55 | timeout: 60s)
[2026-05-07 15:05:34.692] [2395] [HailoRT] [info] [edge_elements.cpp:287] [create] Created (HwReadEl9scrfd_2_5g/conv56 | hw_frame_size: 3200)
[2026-05-07 15:05:34.692] [2395] [HailoRT] [info] [queue_elements.cpp:657] [create] Created (PullQEl_hw_read9scrfd_2_5g/conv56)
[2026-05-07 15:05:34.692] [2395] [HailoRT] [info] [filter_elements.cpp:375] [create] Created (PostInferEl9scrfd_2_5g/conv56 | Quantization - src_type: UINT8, dst_type FLOAT32, limvals_min: -0.0299247, limvals_max: 7.60086 | Reorder - src_order: NHCW, src_shape: (20, 20, 8), dst_order: NHWC, dst_shape: (20, 20, 8))
[2026-05-07 15:05:34.692] [2395] [HailoRT] [info] [queue_elements.cpp:800] [create] Created (UserBuffQEl9scrfd_2_5g/conv56 | timeout: 60s)
[2026-05-07 15:05:34.692] [2395] [HailoRT] [info] [vstream.cpp:1114] [OutputVStreamImpl] Creating scrfd_2_5g/conv56...
[2026-05-07 15:05:34.692] [2395] [HailoRT] [info] [vstream_builder.cpp:220] [create_outputs] Output pipeline 'scrfd_2_5g/conv56': HW >> (HwReadEl9scrfd_2_5g/conv56 | hw_frame_size: 3200) >> (PullQEl_hw_read9scrfd_2_5g/conv56) >> (PostInferEl9scrfd_2_5g/conv56 | Quantization - src_type: UINT8, dst_type FLOAT32, limvals_min: -0.0299247, limvals_max: 7.60086 | Reorder - src_order: NHCW, src_shape: (20, 20, 8), dst_order: NHWC, dst_shape: (20, 20, 8)) >> (UserBuffQEl9scrfd_2_5g/conv56 | timeout: 60s)
[2026-05-07 15:05:34.692] [2395] [HailoRT] [info] [edge_elements.cpp:287] [create] Created (HwReadEl13scrfd_2_5g/conv57 | hw_frame_size: 9600)
[2026-05-07 15:05:34.703] [2395] [HailoRT] [info] [queue_elements.cpp:657] [create] Created (PullQEl_hw_read13scrfd_2_5g/conv57)
[2026-05-07 15:05:34.703] [2395] [HailoRT] [info] [filter_elements.cpp:375] [create] Created (PostInferEl13scrfd_2_5g/conv57 | Quantization - src_type: UINT8, dst_type FLOAT32, limvals_min: -4.03285, limvals_max: 5.14908 | Reorder - src_order: FCR, src_shape: (20, 20, 24), dst_order: FCR, dst_shape: (20, 20, 20))
[2026-05-07 15:05:34.703] [2395] [HailoRT] [info] [queue_elements.cpp:800] [create] Created (UserBuffQEl13scrfd_2_5g/conv57 | timeout: 60s)
[2026-05-07 15:05:34.703] [2395] [HailoRT] [info] [vstream.cpp:1114] [OutputVStreamImpl] Creating scrfd_2_5g/conv57...
[2026-05-07 15:05:34.703] [2395] [HailoRT] [info] [vstream_builder.cpp:220] [create_outputs] Output pipeline 'scrfd_2_5g/conv57': HW >> (HwReadEl13scrfd_2_5g/conv57 | hw_frame_size: 9600) >> (PullQEl_hw_read13scrfd_2_5g/conv57) >> (PostInferEl13scrfd_2_5g/conv57 | Quantization - src_type: UINT8, dst_type FLOAT32, limvals_min: -4.03285, limvals_max: 5.14908 | Reorder - src_order: FCR, src_shape: (20, 20, 24), dst_order: FCR, dst_shape: (20, 20, 20)) >> (UserBuffQEl13scrfd_2_5g/conv57 | timeout: 60s)
[2026-05-07 15:05:34.703] [2395] [HailoRT] [info] [core_op.cpp:156] [activate] Activating scrfd_2_5g took 0.497148 milliseconds. Note that the function is asynchronous and thus the network is not fully activated yet.
[2026-05-07 15:05:34.703] [2395] [HailoRT] [info] [core_op.cpp:156] [activate] Activating scrfd_2_5g took 0.507852 milliseconds. Note that the function is asynchronous and thus the network is not fully activated yet.
[2026-05-07 15:06:36.419] [1856] [HailoRT] [info] [vdevice.cpp:523] [create] Creating vdevice with params: device_count: 1, scheduling_algorithm: NONE, multi_process_service: false
[2026-05-07 15:06:36.438] [1856] [HailoRT] [info] [device.cpp:49] [Device] OS Version: Linux 6.12.75+rpt-rpi-2712 #1 SMP PREEMPT Debian 1:6.12.75-1+rpt1~bookworm (2026-03-11) aarch64
[2026-05-07 15:06:36.439] [1856] [HailoRT] [info] [control.cpp:108] [control__parse_identify_results] firmware_version is: 4.20.0
[2026-05-07 15:06:36.439] [1856] [HailoRT] [info] [vdevice.cpp:651] [create] VDevice Infos: 0001:01:00.0
[2026-05-07 15:06:36.453] [1856] [HailoRT] [info] [internal_buffer_manager.cpp:204] [print_execution_results] Planned internal buffer memory: CMA memory 0, user memory 462336. memory to edge layer usage factor is 1
[2026-05-07 15:06:36.453] [1856] [HailoRT] [info] [internal_buffer_manager.cpp:212] [print_execution_results] Default Internal buffer planner executed successfully
[2026-05-07 15:06:36.470] [1856] [HailoRT] [info] [device_internal.cpp:57] [configure] Configuring HEF took 29.228889 milliseconds
[2026-05-07 15:06:36.470] [1856] [HailoRT] [info] [vdevice.cpp:749] [configure] Configuring HEF on VDevice took 30.125777 milliseconds
[2026-05-07 15:06:36.470] [1856] [HailoRT] [info] [hef.cpp:1929] [get_network_group_and_network_name] No name was given. Addressing all networks of default network_group: scrfd_2_5g
[2026-05-07 15:06:36.511] [2250] [HailoRT] [info] [edge_elements.cpp:52] [create] Created (HwWriteEl3scrfd_2_5g/input_layer1 | hw_frame_size: 1228800)
[2026-05-07 15:06:36.511] [2250] [HailoRT] [info] [vstream.cpp:754] [InputVStreamImpl] Creating scrfd_2_5g/input_layer1...
[2026-05-07 15:06:36.511] [2250] [HailoRT] [info] [vstream_builder.cpp:102] [create_inputs] Input pipeline 'scrfd_2_5g/input_layer1': (HwWriteEl3scrfd_2_5g/input_layer1 | hw_frame_size: 1228800) >> HW
[2026-05-07 15:06:36.511] [2250] [HailoRT] [info] [edge_elements.cpp:287] [create] Created (HwReadEl3scrfd_2_5g/conv42 | hw_frame_size: 12800)
[2026-05-07 15:06:36.512] [2250] [HailoRT] [info] [queue_elements.cpp:657] [create] Created (PullQEl_hw_read3scrfd_2_5g/conv42)
[2026-05-07 15:06:36.512] [2250] [HailoRT] [info] [filter_elements.cpp:375] [create] Created (PostInferEl3scrfd_2_5g/conv42 | Quantization - src_type: UINT8, dst_type FLOAT32, limvals_min: 0, limvals_max: 1)
[2026-05-07 15:06:36.512] [2250] [HailoRT] [info] [queue_elements.cpp:800] [create] Created (UserBuffQEl3scrfd_2_5g/conv42 | timeout: 60s)
[2026-05-07 15:06:36.512] [2250] [HailoRT] [info] [vstream.cpp:1114] [OutputVStreamImpl] Creating scrfd_2_5g/conv42...
[2026-05-07 15:06:36.512] [2250] [HailoRT] [info] [vstream_builder.cpp:220] [create_outputs] Output pipeline 'scrfd_2_5g/conv42': HW >> (HwReadEl3scrfd_2_5g/conv42 | hw_frame_size: 12800) >> (PullQEl_hw_read3scrfd_2_5g/conv42) >> (PostInferEl3scrfd_2_5g/conv42 | Quantization - src_type: UINT8, dst_type FLOAT32, limvals_min: 0, limvals_max: 1) >> (UserBuffQEl3scrfd_2_5g/conv42 | timeout: 60s)
[2026-05-07 15:06:36.512] [2250] [HailoRT] [info] [edge_elements.cpp:287] [create] Created (HwReadEl0scrfd_2_5g/conv43 | hw_frame_size: 51200)
[2026-05-07 15:06:36.539] [2250] [HailoRT] [info] [queue_elements.cpp:657] [create] Created (PullQEl_hw_read0scrfd_2_5g/conv43)
[2026-05-07 15:06:36.539] [2250] [HailoRT] [info] [filter_elements.cpp:375] [create] Created (PostInferEl0scrfd_2_5g/conv43 | Quantization - src_type: UINT8, dst_type FLOAT32, limvals_min: -0.0793963, limvals_max: 4.98212)
[2026-05-07 15:06:36.539] [2250] [HailoRT] [info] [queue_elements.cpp:800] [create] Created (UserBuffQEl0scrfd_2_5g/conv43 | timeout: 60s)
[2026-05-07 15:06:36.539] [2250] [HailoRT] [info] [vstream.cpp:1114] [OutputVStreamImpl] Creating scrfd_2_5g/conv43...
[2026-05-07 15:06:36.539] [2250] [HailoRT] [info] [vstream_builder.cpp:220] [create_outputs] Output pipeline 'scrfd_2_5g/conv43': HW >> (HwReadEl0scrfd_2_5g/conv43 | hw_frame_size: 51200) >> (PullQEl_hw_read0scrfd_2_5g/conv43) >> (PostInferEl0scrfd_2_5g/conv43 | Quantization - src_type: UINT8, dst_type FLOAT32, limvals_min: -0.0793963, limvals_max: 4.98212) >> (UserBuffQEl0scrfd_2_5g/conv43 | timeout: 60s)
[2026-05-07 15:06:36.560] [2250] [HailoRT] [info] [edge_elements.cpp:287] [create] Created (HwReadEl2scrfd_2_5g/conv44 | hw_frame_size: 153600)
[2026-05-07 15:06:36.560] [2250] [HailoRT] [info] [queue_elements.cpp:657] [create] Created (PullQEl_hw_read2scrfd_2_5g/conv44)
[2026-05-07 15:06:36.560] [2250] [HailoRT] [info] [filter_elements.cpp:375] [create] Created (PostInferEl2scrfd_2_5g/conv44 | Quantization - src_type: UINT8, dst_type FLOAT32, limvals_min: -3.16292, limvals_max: 3.50274 | Reorder - src_order: FCR, src_shape: (80, 80, 24), dst_order: FCR, dst_shape: (80, 80, 20))
[2026-05-07 15:06:36.560] [2250] [HailoRT] [info] [queue_elements.cpp:800] [create] Created (UserBuffQEl2scrfd_2_5g/conv44 | timeout: 60s)
[2026-05-07 15:06:36.561] [2250] [HailoRT] [info] [vstream.cpp:1114] [OutputVStreamImpl] Creating scrfd_2_5g/conv44...
[2026-05-07 15:06:36.561] [2250] [HailoRT] [info] [vstream_builder.cpp:220] [create_outputs] Output pipeline 'scrfd_2_5g/conv44': HW >> (HwReadEl2scrfd_2_5g/conv44 | hw_frame_size: 153600) >> (PullQEl_hw_read2scrfd_2_5g/conv44) >> (PostInferEl2scrfd_2_5g/conv44 | Quantization - src_type: UINT8, dst_type FLOAT32, limvals_min: -3.16292, limvals_max: 3.50274 | Reorder - src_order: FCR, src_shape: (80, 80, 24), dst_order: FCR, dst_shape: (80, 80, 20)) >> (UserBuffQEl2scrfd_2_5g/conv44 | timeout: 60s)
[2026-05-07 15:06:36.561] [2250] [HailoRT] [info] [edge_elements.cpp:287] [create] Created (HwReadEl14scrfd_2_5g/conv49 | hw_frame_size: 3200)
[2026-05-07 15:06:36.561] [2250] [HailoRT] [info] [queue_elements.cpp:657] [create] Created (PullQEl_hw_read14scrfd_2_5g/conv49)
[2026-05-07 15:06:36.561] [2250] [HailoRT] [info] [filter_elements.cpp:375] [create] Created (PostInferEl14scrfd_2_5g/conv49 | Quantization - src_type: UINT8, dst_type FLOAT32, limvals_min: 0, limvals_max: 1)
[2026-05-07 15:06:36.561] [2250] [HailoRT] [info] [queue_elements.cpp:800] [create] Created (UserBuffQEl14scrfd_2_5g/conv49 | timeout: 60s)
[2026-05-07 15:06:36.561] [2250] [HailoRT] [info] [vstream.cpp:1114] [OutputVStreamImpl] Creating scrfd_2_5g/conv49...
[2026-05-07 15:06:36.561] [2250] [HailoRT] [info] [vstream_builder.cpp:220] [create_outputs] Output pipeline 'scrfd_2_5g/conv49': HW >> (HwReadEl14scrfd_2_5g/conv49 | hw_frame_size: 3200) >> (PullQEl_hw_read14scrfd_2_5g/conv49) >> (PostInferEl14scrfd_2_5g/conv49 | Quantization - src_type: UINT8, dst_type FLOAT32, limvals_min: 0, limvals_max: 1) >> (UserBuffQEl14scrfd_2_5g/conv49 | timeout: 60s)
[2026-05-07 15:06:36.561] [2250] [HailoRT] [info] [edge_elements.cpp:287] [create] Created (HwReadEl12scrfd_2_5g/conv50 | hw_frame_size: 12800)
[2026-05-07 15:06:36.561] [2250] [HailoRT] [info] [queue_elements.cpp:657] [create] Created (PullQEl_hw_read12scrfd_2_5g/conv50)
[2026-05-07 15:06:36.561] [2250] [HailoRT] [info] [filter_elements.cpp:375] [create] Created (PostInferEl12scrfd_2_5g/conv50 | Quantization - src_type: UINT8, dst_type FLOAT32, limvals_min: 0, limvals_max: 8.10626)
[2026-05-07 15:06:36.561] [2250] [HailoRT] [info] [queue_elements.cpp:800] [create] Created (UserBuffQEl12scrfd_2_5g/conv50 | timeout: 60s)
[2026-05-07 15:06:36.561] [2250] [HailoRT] [info] [vstream.cpp:1114] [OutputVStreamImpl] Creating scrfd_2_5g/conv50...
[2026-05-07 15:06:36.561] [2250] [HailoRT] [info] [vstream_builder.cpp:220] [create_outputs] Output pipeline 'scrfd_2_5g/conv50': HW >> (HwReadEl12scrfd_2_5g/conv50 | hw_frame_size: 12800) >> (PullQEl_hw_read12scrfd_2_5g/conv50) >> (PostInferEl12scrfd_2_5g/conv50 | Quantization - src_type: UINT8, dst_type FLOAT32, limvals_min: 0, limvals_max: 8.10626) >> (UserBuffQEl12scrfd_2_5g/conv50 | timeout: 60s)
[2026-05-07 15:06:36.561] [2250] [HailoRT] [info] [edge_elements.cpp:287] [create] Created (HwReadEl1scrfd_2_5g/conv51 | hw_frame_size: 38400)
[2026-05-07 15:06:36.565] [2250] [HailoRT] [info] [queue_elements.cpp:657] [create] Created (PullQEl_hw_read1scrfd_2_5g/conv51)
[2026-05-07 15:06:36.565] [2250] [HailoRT] [info] [filter_elements.cpp:375] [create] Created (PostInferEl1scrfd_2_5g/conv51 | Quantization - src_type: UINT8, dst_type FLOAT32, limvals_min: -4.24698, limvals_max: 5.17024 | Reorder - src_order: FCR, src_shape: (40, 40, 24), dst_order: FCR, dst_shape: (40, 40, 20))
[2026-05-07 15:06:36.565] [2250] [HailoRT] [info] [queue_elements.cpp:800] [create] Created (UserBuffQEl1scrfd_2_5g/conv51 | timeout: 60s)
[2026-05-07 15:06:36.565] [2250] [HailoRT] [info] [vstream.cpp:1114] [OutputVStreamImpl] Creating scrfd_2_5g/conv51...
[2026-05-07 15:06:36.565] [2250] [HailoRT] [info] [vstream_builder.cpp:220] [create_outputs] Output pipeline 'scrfd_2_5g/conv51': HW >> (HwReadEl1scrfd_2_5g/conv51 | hw_frame_size: 38400) >> (PullQEl_hw_read1scrfd_2_5g/conv51) >> (PostInferEl1scrfd_2_5g/conv51 | Quantization - src_type: UINT8, dst_type FLOAT32, limvals_min: -4.24698, limvals_max: 5.17024 | Reorder - src_order: FCR, src_shape: (40, 40, 24), dst_order: FCR, dst_shape: (40, 40, 20)) >> (UserBuffQEl1scrfd_2_5g/conv51 | timeout: 60s)
[2026-05-07 15:06:36.565] [2250] [HailoRT] [info] [edge_elements.cpp:287] [create] Created (HwReadEl10scrfd_2_5g/conv55 | hw_frame_size: 800)
[2026-05-07 15:06:36.565] [2250] [HailoRT] [info] [queue_elements.cpp:657] [create] Created (PullQEl_hw_read10scrfd_2_5g/conv55)
[2026-05-07 15:06:36.565] [2250] [HailoRT] [info] [filter_elements.cpp:375] [create] Created (PostInferEl10scrfd_2_5g/conv55 | Quantization - src_type: UINT8, dst_type FLOAT32, limvals_min: 0, limvals_max: 1 | Reorder - src_order: NHCW, src_shape: (20, 20, 2), dst_order: NHWC, dst_shape: (20, 20, 2))
[2026-05-07 15:06:36.565] [2250] [HailoRT] [info] [queue_elements.cpp:800] [create] Created (UserBuffQEl10scrfd_2_5g/conv55 | timeout: 60s)
[2026-05-07 15:06:36.565] [2250] [HailoRT] [info] [vstream.cpp:1114] [OutputVStreamImpl] Creating scrfd_2_5g/conv55...
[2026-05-07 15:06:36.565] [2250] [HailoRT] [info] [vstream_builder.cpp:220] [create_outputs] Output pipeline 'scrfd_2_5g/conv55': HW >> (HwReadEl10scrfd_2_5g/conv55 | hw_frame_size: 800) >> (PullQEl_hw_read10scrfd_2_5g/conv55) >> (PostInferEl10scrfd_2_5g/conv55 | Quantization - src_type: UINT8, dst_type FLOAT32, limvals_min: 0, limvals_max: 1 | Reorder - src_order: NHCW, src_shape: (20, 20, 2), dst_order: NHWC, dst_shape: (20, 20, 2)) >> (UserBuffQEl10scrfd_2_5g/conv55 | timeout: 60s)
[2026-05-07 15:06:36.565] [2250] [HailoRT] [info] [edge_elements.cpp:287] [create] Created (HwReadEl9scrfd_2_5g/conv56 | hw_frame_size: 3200)
[2026-05-07 15:06:36.565] [2250] [HailoRT] [info] [queue_elements.cpp:657] [create] Created (PullQEl_hw_read9scrfd_2_5g/conv56)
[2026-05-07 15:06:36.565] [2250] [HailoRT] [info] [filter_elements.cpp:375] [create] Created (PostInferEl9scrfd_2_5g/conv56 | Quantization - src_type: UINT8, dst_type FLOAT32, limvals_min: -0.0299247, limvals_max: 7.60086 | Reorder - src_order: NHCW, src_shape: (20, 20, 8), dst_order: NHWC, dst_shape: (20, 20, 8))
[2026-05-07 15:06:36.565] [2250] [HailoRT] [info] [queue_elements.cpp:800] [create] Created (UserBuffQEl9scrfd_2_5g/conv56 | timeout: 60s)
[2026-05-07 15:06:36.565] [2250] [HailoRT] [info] [vstream.cpp:1114] [OutputVStreamImpl] Creating scrfd_2_5g/conv56...
[2026-05-07 15:06:36.565] [2250] [HailoRT] [info] [vstream_builder.cpp:220] [create_outputs] Output pipeline 'scrfd_2_5g/conv56': HW >> (HwReadEl9scrfd_2_5g/conv56 | hw_frame_size: 3200) >> (PullQEl_hw_read9scrfd_2_5g/conv56) >> (PostInferEl9scrfd_2_5g/conv56 | Quantization - src_type: UINT8, dst_type FLOAT32, limvals_min: -0.0299247, limvals_max: 7.60086 | Reorder - src_order: NHCW, src_shape: (20, 20, 8), dst_order: NHWC, dst_shape: (20, 20, 8)) >> (UserBuffQEl9scrfd_2_5g/conv56 | timeout: 60s)
[2026-05-07 15:06:36.565] [2250] [HailoRT] [info] [edge_elements.cpp:287] [create] Created (HwReadEl13scrfd_2_5g/conv57 | hw_frame_size: 9600)
[2026-05-07 15:06:36.566] [2250] [HailoRT] [info] [queue_elements.cpp:657] [create] Created (PullQEl_hw_read13scrfd_2_5g/conv57)
[2026-05-07 15:06:36.566] [2250] [HailoRT] [info] [filter_elements.cpp:375] [create] Created (PostInferEl13scrfd_2_5g/conv57 | Quantization - src_type: UINT8, dst_type FLOAT32, limvals_min: -4.03285, limvals_max: 5.14908 | Reorder - src_order: FCR, src_shape: (20, 20, 24), dst_order: FCR, dst_shape: (20, 20, 20))
[2026-05-07 15:06:36.566] [2250] [HailoRT] [info] [queue_elements.cpp:800] [create] Created (UserBuffQEl13scrfd_2_5g/conv57 | timeout: 60s)
[2026-05-07 15:06:36.566] [2250] [HailoRT] [info] [vstream.cpp:1114] [OutputVStreamImpl] Creating scrfd_2_5g/conv57...
[2026-05-07 15:06:36.566] [2250] [HailoRT] [info] [vstream_builder.cpp:220] [create_outputs] Output pipeline 'scrfd_2_5g/conv57': HW >> (HwReadEl13scrfd_2_5g/conv57 | hw_frame_size: 9600) >> (PullQEl_hw_read13scrfd_2_5g/conv57) >> (PostInferEl13scrfd_2_5g/conv57 | Quantization - src_type: UINT8, dst_type FLOAT32, limvals_min: -4.03285, limvals_max: 5.14908 | Reorder - src_order: FCR, src_shape: (20, 20, 24), dst_order: FCR, dst_shape: (20, 20, 20)) >> (UserBuffQEl13scrfd_2_5g/conv57 | timeout: 60s)
[2026-05-07 15:06:36.566] [2250] [HailoRT] [info] [core_op.cpp:156] [activate] Activating scrfd_2_5g took 0.500222 milliseconds. Note that the function is asynchronous and thus the network is not fully activated yet.
[2026-05-07 15:06:36.566] [2250] [HailoRT] [info] [core_op.cpp:156] [activate] Activating scrfd_2_5g took 0.509704 milliseconds. Note that the function is asynchronous and thus the network is not fully activated yet.
[2026-05-07 15:28:25.806] [1950] [HailoRT] [info] [vdevice.cpp:523] [create] Creating vdevice with params: device_count: 1, scheduling_algorithm: NONE, multi_process_service: false
[2026-05-07 15:28:25.826] [1950] [HailoRT] [info] [device.cpp:49] [Device] OS Version: Linux 6.12.75+rpt-rpi-2712 #1 SMP PREEMPT Debian 1:6.12.75-1+rpt1~bookworm (2026-03-11) aarch64
[2026-05-07 15:28:25.828] [1950] [HailoRT] [info] [control.cpp:108] [control__parse_identify_results] firmware_version is: 4.20.0
[2026-05-07 15:28:25.828] [1950] [HailoRT] [info] [vdevice.cpp:651] [create] VDevice Infos: 0001:01:00.0
[2026-05-07 15:28:25.840] [1950] [HailoRT] [info] [internal_buffer_manager.cpp:204] [print_execution_results] Planned internal buffer memory: CMA memory 0, user memory 462336. memory to edge layer usage factor is 1
[2026-05-07 15:28:25.840] [1950] [HailoRT] [info] [internal_buffer_manager.cpp:212] [print_execution_results] Default Internal buffer planner executed successfully
[2026-05-07 15:28:25.854] [1950] [HailoRT] [info] [device_internal.cpp:57] [configure] Configuring HEF took 25.681852 milliseconds
[2026-05-07 15:28:25.855] [1950] [HailoRT] [info] [vdevice.cpp:749] [configure] Configuring HEF on VDevice took 26.484759 milliseconds
[2026-05-07 15:28:25.855] [1950] [HailoRT] [info] [hef.cpp:1929] [get_network_group_and_network_name] No name was given. Addressing all networks of default network_group: scrfd_2_5g
[2026-05-07 15:28:25.890] [1982] [HailoRT] [info] [edge_elements.cpp:52] [create] Created (HwWriteEl3scrfd_2_5g/input_layer1 | hw_frame_size: 1228800)
[2026-05-07 15:28:25.890] [1982] [HailoRT] [info] [vstream.cpp:754] [InputVStreamImpl] Creating scrfd_2_5g/input_layer1...
[2026-05-07 15:28:25.890] [1982] [HailoRT] [info] [vstream_builder.cpp:102] [create_inputs] Input pipeline 'scrfd_2_5g/input_layer1': (HwWriteEl3scrfd_2_5g/input_layer1 | hw_frame_size: 1228800) >> HW
[2026-05-07 15:28:25.890] [1982] [HailoRT] [info] [edge_elements.cpp:287] [create] Created (HwReadEl3scrfd_2_5g/conv42 | hw_frame_size: 12800)
[2026-05-07 15:28:25.891] [1982] [HailoRT] [info] [queue_elements.cpp:657] [create] Created (PullQEl_hw_read3scrfd_2_5g/conv42)
[2026-05-07 15:28:25.891] [1982] [HailoRT] [info] [filter_elements.cpp:375] [create] Created (PostInferEl3scrfd_2_5g/conv42 | Quantization - src_type: UINT8, dst_type FLOAT32, limvals_min: 0, limvals_max: 1)
[2026-05-07 15:28:25.891] [1982] [HailoRT] [info] [queue_elements.cpp:800] [create] Created (UserBuffQEl3scrfd_2_5g/conv42 | timeout: 60s)
[2026-05-07 15:28:25.891] [1982] [HailoRT] [info] [vstream.cpp:1114] [OutputVStreamImpl] Creating scrfd_2_5g/conv42...
[2026-05-07 15:28:25.891] [1982] [HailoRT] [info] [vstream_builder.cpp:220] [create_outputs] Output pipeline 'scrfd_2_5g/conv42': HW >> (HwReadEl3scrfd_2_5g/conv42 | hw_frame_size: 12800) >> (PullQEl_hw_read3scrfd_2_5g/conv42) >> (PostInferEl3scrfd_2_5g/conv42 | Quantization - src_type: UINT8, dst_type FLOAT32, limvals_min: 0, limvals_max: 1) >> (UserBuffQEl3scrfd_2_5g/conv42 | timeout: 60s)
[2026-05-07 15:28:25.891] [1982] [HailoRT] [info] [edge_elements.cpp:287] [create] Created (HwReadEl0scrfd_2_5g/conv43 | hw_frame_size: 51200)
[2026-05-07 15:28:25.916] [1982] [HailoRT] [info] [queue_elements.cpp:657] [create] Created (PullQEl_hw_read0scrfd_2_5g/conv43)
[2026-05-07 15:28:25.916] [1982] [HailoRT] [info] [filter_elements.cpp:375] [create] Created (PostInferEl0scrfd_2_5g/conv43 | Quantization - src_type: UINT8, dst_type FLOAT32, limvals_min: -0.0793963, limvals_max: 4.98212)
[2026-05-07 15:28:25.916] [1982] [HailoRT] [info] [queue_elements.cpp:800] [create] Created (UserBuffQEl0scrfd_2_5g/conv43 | timeout: 60s)
[2026-05-07 15:28:25.916] [1982] [HailoRT] [info] [vstream.cpp:1114] [OutputVStreamImpl] Creating scrfd_2_5g/conv43...
[2026-05-07 15:28:25.916] [1982] [HailoRT] [info] [vstream_builder.cpp:220] [create_outputs] Output pipeline 'scrfd_2_5g/conv43': HW >> (HwReadEl0scrfd_2_5g/conv43 | hw_frame_size: 51200) >> (PullQEl_hw_read0scrfd_2_5g/conv43) >> (PostInferEl0scrfd_2_5g/conv43 | Quantization - src_type: UINT8, dst_type FLOAT32, limvals_min: -0.0793963, limvals_max: 4.98212) >> (UserBuffQEl0scrfd_2_5g/conv43 | timeout: 60s)
[2026-05-07 15:28:25.918] [1982] [HailoRT] [info] [edge_elements.cpp:287] [create] Created (HwReadEl2scrfd_2_5g/conv44 | hw_frame_size: 153600)
[2026-05-07 15:28:25.918] [1982] [HailoRT] [info] [queue_elements.cpp:657] [create] Created (PullQEl_hw_read2scrfd_2_5g/conv44)
[2026-05-07 15:28:25.918] [1982] [HailoRT] [info] [filter_elements.cpp:375] [create] Created (PostInferEl2scrfd_2_5g/conv44 | Quantization - src_type: UINT8, dst_type FLOAT32, limvals_min: -3.16292, limvals_max: 3.50274 | Reorder - src_order: FCR, src_shape: (80, 80, 24), dst_order: FCR, dst_shape: (80, 80, 20))
[2026-05-07 15:28:25.918] [1982] [HailoRT] [info] [queue_elements.cpp:800] [create] Created (UserBuffQEl2scrfd_2_5g/conv44 | timeout: 60s)
[2026-05-07 15:28:25.918] [1982] [HailoRT] [info] [vstream.cpp:1114] [OutputVStreamImpl] Creating scrfd_2_5g/conv44...
[2026-05-07 15:28:25.918] [1982] [HailoRT] [info] [vstream_builder.cpp:220] [create_outputs] Output pipeline 'scrfd_2_5g/conv44': HW >> (HwReadEl2scrfd_2_5g/conv44 | hw_frame_size: 153600) >> (PullQEl_hw_read2scrfd_2_5g/conv44) >> (PostInferEl2scrfd_2_5g/conv44 | Quantization - src_type: UINT8, dst_type FLOAT32, limvals_min: -3.16292, limvals_max: 3.50274 | Reorder - src_order: FCR, src_shape: (80, 80, 24), dst_order: FCR, dst_shape: (80, 80, 20)) >> (UserBuffQEl2scrfd_2_5g/conv44 | timeout: 60s)
[2026-05-07 15:28:25.918] [1982] [HailoRT] [info] [edge_elements.cpp:287] [create] Created (HwReadEl14scrfd_2_5g/conv49 | hw_frame_size: 3200)
[2026-05-07 15:28:25.919] [1982] [HailoRT] [info] [queue_elements.cpp:657] [create] Created (PullQEl_hw_read14scrfd_2_5g/conv49)
[2026-05-07 15:28:25.919] [1982] [HailoRT] [info] [filter_elements.cpp:375] [create] Created (PostInferEl14scrfd_2_5g/conv49 | Quantization - src_type: UINT8, dst_type FLOAT32, limvals_min: 0, limvals_max: 1)
[2026-05-07 15:28:25.919] [1982] [HailoRT] [info] [queue_elements.cpp:800] [create] Created (UserBuffQEl14scrfd_2_5g/conv49 | timeout: 60s)
[2026-05-07 15:28:25.919] [1982] [HailoRT] [info] [vstream.cpp:1114] [OutputVStreamImpl] Creating scrfd_2_5g/conv49...
[2026-05-07 15:28:25.919] [1982] [HailoRT] [info] [vstream_builder.cpp:220] [create_outputs] Output pipeline 'scrfd_2_5g/conv49': HW >> (HwReadEl14scrfd_2_5g/conv49 | hw_frame_size: 3200) >> (PullQEl_hw_read14scrfd_2_5g/conv49) >> (PostInferEl14scrfd_2_5g/conv49 | Quantization - src_type: UINT8, dst_type FLOAT32, limvals_min: 0, limvals_max: 1) >> (UserBuffQEl14scrfd_2_5g/conv49 | timeout: 60s)
[2026-05-07 15:28:25.919] [1982] [HailoRT] [info] [edge_elements.cpp:287] [create] Created (HwReadEl12scrfd_2_5g/conv50 | hw_frame_size: 12800)
[2026-05-07 15:28:25.919] [1982] [HailoRT] [info] [queue_elements.cpp:657] [create] Created (PullQEl_hw_read12scrfd_2_5g/conv50)
[2026-05-07 15:28:25.919] [1982] [HailoRT] [info] [filter_elements.cpp:375] [create] Created (PostInferEl12scrfd_2_5g/conv50 | Quantization - src_type: UINT8, dst_type FLOAT32, limvals_min: 0, limvals_max: 8.10626)
[2026-05-07 15:28:25.919] [1982] [HailoRT] [info] [queue_elements.cpp:800] [create] Created (UserBuffQEl12scrfd_2_5g/conv50 | timeout: 60s)
[2026-05-07 15:28:25.919] [1982] [HailoRT] [info] [vstream.cpp:1114] [OutputVStreamImpl] Creating scrfd_2_5g/conv50...
[2026-05-07 15:28:25.919] [1982] [HailoRT] [info] [vstream_builder.cpp:220] [create_outputs] Output pipeline 'scrfd_2_5g/conv50': HW >> (HwReadEl12scrfd_2_5g/conv50 | hw_frame_size: 12800) >> (PullQEl_hw_read12scrfd_2_5g/conv50) >> (PostInferEl12scrfd_2_5g/conv50 | Quantization - src_type: UINT8, dst_type FLOAT32, limvals_min: 0, limvals_max: 8.10626) >> (UserBuffQEl12scrfd_2_5g/conv50 | timeout: 60s)
[2026-05-07 15:28:25.919] [1982] [HailoRT] [info] [edge_elements.cpp:287] [create] Created (HwReadEl1scrfd_2_5g/conv51 | hw_frame_size: 38400)
[2026-05-07 15:28:25.919] [1982] [HailoRT] [info] [queue_elements.cpp:657] [create] Created (PullQEl_hw_read1scrfd_2_5g/conv51)
[2026-05-07 15:28:25.919] [1982] [HailoRT] [info] [filter_elements.cpp:375] [create] Created (PostInferEl1scrfd_2_5g/conv51 | Quantization - src_type: UINT8, dst_type FLOAT32, limvals_min: -4.24698, limvals_max: 5.17024 | Reorder - src_order: FCR, src_shape: (40, 40, 24), dst_order: FCR, dst_shape: (40, 40, 20))
[2026-05-07 15:28:25.919] [1982] [HailoRT] [info] [queue_elements.cpp:800] [create] Created (UserBuffQEl1scrfd_2_5g/conv51 | timeout: 60s)
[2026-05-07 15:28:25.919] [1982] [HailoRT] [info] [vstream.cpp:1114] [OutputVStreamImpl] Creating scrfd_2_5g/conv51...
[2026-05-07 15:28:25.919] [1982] [HailoRT] [info] [vstream_builder.cpp:220] [create_outputs] Output pipeline 'scrfd_2_5g/conv51': HW >> (HwReadEl1scrfd_2_5g/conv51 | hw_frame_size: 38400) >> (PullQEl_hw_read1scrfd_2_5g/conv51) >> (PostInferEl1scrfd_2_5g/conv51 | Quantization - src_type: UINT8, dst_type FLOAT32, limvals_min: -4.24698, limvals_max: 5.17024 | Reorder - src_order: FCR, src_shape: (40, 40, 24), dst_order: FCR, dst_shape: (40, 40, 20)) >> (UserBuffQEl1scrfd_2_5g/conv51 | timeout: 60s)
[2026-05-07 15:28:25.919] [1982] [HailoRT] [info] [edge_elements.cpp:287] [create] Created (HwReadEl10scrfd_2_5g/conv55 | hw_frame_size: 800)
[2026-05-07 15:28:25.919] [1982] [HailoRT] [info] [queue_elements.cpp:657] [create] Created (PullQEl_hw_read10scrfd_2_5g/conv55)
[2026-05-07 15:28:25.919] [1982] [HailoRT] [info] [filter_elements.cpp:375] [create] Created (PostInferEl10scrfd_2_5g/conv55 | Quantization - src_type: UINT8, dst_type FLOAT32, limvals_min: 0, limvals_max: 1 | Reorder - src_order: NHCW, src_shape: (20, 20, 2), dst_order: NHWC, dst_shape: (20, 20, 2))
[2026-05-07 15:28:25.919] [1982] [HailoRT] [info] [queue_elements.cpp:800] [create] Created (UserBuffQEl10scrfd_2_5g/conv55 | timeout: 60s)
[2026-05-07 15:28:25.919] [1982] [HailoRT] [info] [vstream.cpp:1114] [OutputVStreamImpl] Creating scrfd_2_5g/conv55...
[2026-05-07 15:28:25.919] [1982] [HailoRT] [info] [vstream_builder.cpp:220] [create_outputs] Output pipeline 'scrfd_2_5g/conv55': HW >> (HwReadEl10scrfd_2_5g/conv55 | hw_frame_size: 800) >> (PullQEl_hw_read10scrfd_2_5g/conv55) >> (PostInferEl10scrfd_2_5g/conv55 | Quantization - src_type: UINT8, dst_type FLOAT32, limvals_min: 0, limvals_max: 1 | Reorder - src_order: NHCW, src_shape: (20, 20, 2), dst_order: NHWC, dst_shape: (20, 20, 2)) >> (UserBuffQEl10scrfd_2_5g/conv55 | timeout: 60s)
[2026-05-07 15:28:25.919] [1982] [HailoRT] [info] [edge_elements.cpp:287] [create] Created (HwReadEl9scrfd_2_5g/conv56 | hw_frame_size: 3200)
[2026-05-07 15:28:25.919] [1982] [HailoRT] [info] [queue_elements.cpp:657] [create] Created (PullQEl_hw_read9scrfd_2_5g/conv56)
[2026-05-07 15:28:25.919] [1982] [HailoRT] [info] [filter_elements.cpp:375] [create] Created (PostInferEl9scrfd_2_5g/conv56 | Quantization - src_type: UINT8, dst_type FLOAT32, limvals_min: -0.0299247, limvals_max: 7.60086 | Reorder - src_order: NHCW, src_shape: (20, 20, 8), dst_order: NHWC, dst_shape: (20, 20, 8))
[2026-05-07 15:28:25.919] [1982] [HailoRT] [info] [queue_elements.cpp:800] [create] Created (UserBuffQEl9scrfd_2_5g/conv56 | timeout: 60s)
[2026-05-07 15:28:25.919] [1982] [HailoRT] [info] [vstream.cpp:1114] [OutputVStreamImpl] Creating scrfd_2_5g/conv56...
[2026-05-07 15:28:25.919] [1982] [HailoRT] [info] [vstream_builder.cpp:220] [create_outputs] Output pipeline 'scrfd_2_5g/conv56': HW >> (HwReadEl9scrfd_2_5g/conv56 | hw_frame_size: 3200) >> (PullQEl_hw_read9scrfd_2_5g/conv56) >> (PostInferEl9scrfd_2_5g/conv56 | Quantization - src_type: UINT8, dst_type FLOAT32, limvals_min: -0.0299247, limvals_max: 7.60086 | Reorder - src_order: NHCW, src_shape: (20, 20, 8), dst_order: NHWC, dst_shape: (20, 20, 8)) >> (UserBuffQEl9scrfd_2_5g/conv56 | timeout: 60s)
[2026-05-07 15:28:25.919] [1982] [HailoRT] [info] [edge_elements.cpp:287] [create] Created (HwReadEl13scrfd_2_5g/conv57 | hw_frame_size: 9600)
[2026-05-07 15:28:25.919] [1982] [HailoRT] [info] [queue_elements.cpp:657] [create] Created (PullQEl_hw_read13scrfd_2_5g/conv57)
[2026-05-07 15:28:25.919] [1982] [HailoRT] [info] [filter_elements.cpp:375] [create] Created (PostInferEl13scrfd_2_5g/conv57 | Quantization - src_type: UINT8, dst_type FLOAT32, limvals_min: -4.03285, limvals_max: 5.14908 | Reorder - src_order: FCR, src_shape: (20, 20, 24), dst_order: FCR, dst_shape: (20, 20, 20))
[2026-05-07 15:28:25.919] [1982] [HailoRT] [info] [queue_elements.cpp:800] [create] Created (UserBuffQEl13scrfd_2_5g/conv57 | timeout: 60s)
[2026-05-07 15:28:25.919] [1982] [HailoRT] [info] [vstream.cpp:1114] [OutputVStreamImpl] Creating scrfd_2_5g/conv57...
[2026-05-07 15:28:25.919] [1982] [HailoRT] [info] [vstream_builder.cpp:220] [create_outputs] Output pipeline 'scrfd_2_5g/conv57': HW >> (HwReadEl13scrfd_2_5g/conv57 | hw_frame_size: 9600) >> (PullQEl_hw_read13scrfd_2_5g/conv57) >> (PostInferEl13scrfd_2_5g/conv57 | Quantization - src_type: UINT8, dst_type FLOAT32, limvals_min: -4.03285, limvals_max: 5.14908 | Reorder - src_order: FCR, src_shape: (20, 20, 24), dst_order: FCR, dst_shape: (20, 20, 20)) >> (UserBuffQEl13scrfd_2_5g/conv57 | timeout: 60s)
[2026-05-07 15:28:25.920] [1982] [HailoRT] [info] [core_op.cpp:156] [activate] Activating scrfd_2_5g took 0.519148 milliseconds. Note that the function is asynchronous and thus the network is not fully activated yet.
[2026-05-07 15:28:25.920] [1982] [HailoRT] [info] [core_op.cpp:156] [activate] Activating scrfd_2_5g took 0.529352 milliseconds. Note that the function is asynchronous and thus the network is not fully activated yet.
[2026-05-07 15:46:37.033] [1862] [HailoRT] [info] [vdevice.cpp:523] [create] Creating vdevice with params: device_count: 1, scheduling_algorithm: NONE, multi_process_service: false
[2026-05-07 15:46:37.053] [1862] [HailoRT] [info] [device.cpp:49] [Device] OS Version: Linux 6.12.75+rpt-rpi-2712 #1 SMP PREEMPT Debian 1:6.12.75-1+rpt1~bookworm (2026-03-11) aarch64
[2026-05-07 15:46:37.054] [1862] [HailoRT] [info] [control.cpp:108] [control__parse_identify_results] firmware_version is: 4.20.0
[2026-05-07 15:46:37.054] [1862] [HailoRT] [info] [vdevice.cpp:651] [create] VDevice Infos: 0001:01:00.0
[2026-05-07 15:46:37.066] [1862] [HailoRT] [info] [internal_buffer_manager.cpp:204] [print_execution_results] Planned internal buffer memory: CMA memory 0, user memory 462336. memory to edge layer usage factor is 1
[2026-05-07 15:46:37.066] [1862] [HailoRT] [info] [internal_buffer_manager.cpp:212] [print_execution_results] Default Internal buffer planner executed successfully
[2026-05-07 15:46:37.079] [1862] [HailoRT] [info] [device_internal.cpp:57] [configure] Configuring HEF took 23.788037 milliseconds
[2026-05-07 15:46:37.079] [1862] [HailoRT] [info] [vdevice.cpp:749] [configure] Configuring HEF on VDevice took 24.599445 milliseconds
[2026-05-07 15:46:37.080] [1862] [HailoRT] [info] [hef.cpp:1929] [get_network_group_and_network_name] No name was given. Addressing all networks of default network_group: scrfd_2_5g
[2026-05-07 15:46:37.114] [2256] [HailoRT] [info] [edge_elements.cpp:52] [create] Created (HwWriteEl3scrfd_2_5g/input_layer1 | hw_frame_size: 1228800)
[2026-05-07 15:46:37.114] [2256] [HailoRT] [info] [vstream.cpp:754] [InputVStreamImpl] Creating scrfd_2_5g/input_layer1...
[2026-05-07 15:46:37.114] [2256] [HailoRT] [info] [vstream_builder.cpp:102] [create_inputs] Input pipeline 'scrfd_2_5g/input_layer1': (HwWriteEl3scrfd_2_5g/input_layer1 | hw_frame_size: 1228800) >> HW
[2026-05-07 15:46:37.114] [2256] [HailoRT] [info] [edge_elements.cpp:287] [create] Created (HwReadEl3scrfd_2_5g/conv42 | hw_frame_size: 12800)
[2026-05-07 15:46:37.115] [2256] [HailoRT] [info] [queue_elements.cpp:657] [create] Created (PullQEl_hw_read3scrfd_2_5g/conv42)
[2026-05-07 15:46:37.115] [2256] [HailoRT] [info] [filter_elements.cpp:375] [create] Created (PostInferEl3scrfd_2_5g/conv42 | Quantization - src_type: UINT8, dst_type FLOAT32, limvals_min: 0, limvals_max: 1)
[2026-05-07 15:46:37.115] [2256] [HailoRT] [info] [queue_elements.cpp:800] [create] Created (UserBuffQEl3scrfd_2_5g/conv42 | timeout: 60s)
[2026-05-07 15:46:37.115] [2256] [HailoRT] [info] [vstream.cpp:1114] [OutputVStreamImpl] Creating scrfd_2_5g/conv42...
[2026-05-07 15:46:37.115] [2256] [HailoRT] [info] [vstream_builder.cpp:220] [create_outputs] Output pipeline 'scrfd_2_5g/conv42': HW >> (HwReadEl3scrfd_2_5g/conv42 | hw_frame_size: 12800) >> (PullQEl_hw_read3scrfd_2_5g/conv42) >> (PostInferEl3scrfd_2_5g/conv42 | Quantization - src_type: UINT8, dst_type FLOAT32, limvals_min: 0, limvals_max: 1) >> (UserBuffQEl3scrfd_2_5g/conv42 | timeout: 60s)
[2026-05-07 15:46:37.115] [2256] [HailoRT] [info] [edge_elements.cpp:287] [create] Created (HwReadEl0scrfd_2_5g/conv43 | hw_frame_size: 51200)
[2026-05-07 15:46:37.131] [2256] [HailoRT] [info] [queue_elements.cpp:657] [create] Created (PullQEl_hw_read0scrfd_2_5g/conv43)
[2026-05-07 15:46:37.131] [2256] [HailoRT] [info] [filter_elements.cpp:375] [create] Created (PostInferEl0scrfd_2_5g/conv43 | Quantization - src_type: UINT8, dst_type FLOAT32, limvals_min: -0.0793963, limvals_max: 4.98212)
[2026-05-07 15:46:37.131] [2256] [HailoRT] [info] [queue_elements.cpp:800] [create] Created (UserBuffQEl0scrfd_2_5g/conv43 | timeout: 60s)
[2026-05-07 15:46:37.131] [2256] [HailoRT] [info] [vstream.cpp:1114] [OutputVStreamImpl] Creating scrfd_2_5g/conv43...
[2026-05-07 15:46:37.131] [2256] [HailoRT] [info] [vstream_builder.cpp:220] [create_outputs] Output pipeline 'scrfd_2_5g/conv43': HW >> (HwReadEl0scrfd_2_5g/conv43 | hw_frame_size: 51200) >> (PullQEl_hw_read0scrfd_2_5g/conv43) >> (PostInferEl0scrfd_2_5g/conv43 | Quantization - src_type: UINT8, dst_type FLOAT32, limvals_min: -0.0793963, limvals_max: 4.98212) >> (UserBuffQEl0scrfd_2_5g/conv43 | timeout: 60s)
[2026-05-07 15:46:37.132] [2256] [HailoRT] [info] [edge_elements.cpp:287] [create] Created (HwReadEl2scrfd_2_5g/conv44 | hw_frame_size: 153600)
[2026-05-07 15:46:37.132] [2256] [HailoRT] [info] [queue_elements.cpp:657] [create] Created (PullQEl_hw_read2scrfd_2_5g/conv44)
[2026-05-07 15:46:37.132] [2256] [HailoRT] [info] [filter_elements.cpp:375] [create] Created (PostInferEl2scrfd_2_5g/conv44 | Quantization - src_type: UINT8, dst_type FLOAT32, limvals_min: -3.16292, limvals_max: 3.50274 | Reorder - src_order: FCR, src_shape: (80, 80, 24), dst_order: FCR, dst_shape: (80, 80, 20))
[2026-05-07 15:46:37.132] [2256] [HailoRT] [info] [queue_elements.cpp:800] [create] Created (UserBuffQEl2scrfd_2_5g/conv44 | timeout: 60s)
[2026-05-07 15:46:37.132] [2256] [HailoRT] [info] [vstream.cpp:1114] [OutputVStreamImpl] Creating scrfd_2_5g/conv44...
[2026-05-07 15:46:37.132] [2256] [HailoRT] [info] [vstream_builder.cpp:220] [create_outputs] Output pipeline 'scrfd_2_5g/conv44': HW >> (HwReadEl2scrfd_2_5g/conv44 | hw_frame_size: 153600) >> (PullQEl_hw_read2scrfd_2_5g/conv44) >> (PostInferEl2scrfd_2_5g/conv44 | Quantization - src_type: UINT8, dst_type FLOAT32, limvals_min: -3.16292, limvals_max: 3.50274 | Reorder - src_order: FCR, src_shape: (80, 80, 24), dst_order: FCR, dst_shape: (80, 80, 20)) >> (UserBuffQEl2scrfd_2_5g/conv44 | timeout: 60s)
[2026-05-07 15:46:37.132] [2256] [HailoRT] [info] [edge_elements.cpp:287] [create] Created (HwReadEl14scrfd_2_5g/conv49 | hw_frame_size: 3200)
[2026-05-07 15:46:37.132] [2256] [HailoRT] [info] [queue_elements.cpp:657] [create] Created (PullQEl_hw_read14scrfd_2_5g/conv49)
[2026-05-07 15:46:37.132] [2256] [HailoRT] [info] [filter_elements.cpp:375] [create] Created (PostInferEl14scrfd_2_5g/conv49 | Quantization - src_type: UINT8, dst_type FLOAT32, limvals_min: 0, limvals_max: 1)
[2026-05-07 15:46:37.133] [2256] [HailoRT] [info] [queue_elements.cpp:800] [create] Created (UserBuffQEl14scrfd_2_5g/conv49 | timeout: 60s)
[2026-05-07 15:46:37.133] [2256] [HailoRT] [info] [vstream.cpp:1114] [OutputVStreamImpl] Creating scrfd_2_5g/conv49...
[2026-05-07 15:46:37.133] [2256] [HailoRT] [info] [vstream_builder.cpp:220] [create_outputs] Output pipeline 'scrfd_2_5g/conv49': HW >> (HwReadEl14scrfd_2_5g/conv49 | hw_frame_size: 3200) >> (PullQEl_hw_read14scrfd_2_5g/conv49) >> (PostInferEl14scrfd_2_5g/conv49 | Quantization - src_type: UINT8, dst_type FLOAT32, limvals_min: 0, limvals_max: 1) >> (UserBuffQEl14scrfd_2_5g/conv49 | timeout: 60s)
[2026-05-07 15:46:37.133] [2256] [HailoRT] [info] [edge_elements.cpp:287] [create] Created (HwReadEl12scrfd_2_5g/conv50 | hw_frame_size: 12800)
[2026-05-07 15:46:37.133] [2256] [HailoRT] [info] [queue_elements.cpp:657] [create] Created (PullQEl_hw_read12scrfd_2_5g/conv50)
[2026-05-07 15:46:37.133] [2256] [HailoRT] [info] [filter_elements.cpp:375] [create] Created (PostInferEl12scrfd_2_5g/conv50 | Quantization - src_type: UINT8, dst_type FLOAT32, limvals_min: 0, limvals_max: 8.10626)
[2026-05-07 15:46:37.133] [2256] [HailoRT] [info] [queue_elements.cpp:800] [create] Created (UserBuffQEl12scrfd_2_5g/conv50 | timeout: 60s)
[2026-05-07 15:46:37.133] [2256] [HailoRT] [info] [vstream.cpp:1114] [OutputVStreamImpl] Creating scrfd_2_5g/conv50...
[2026-05-07 15:46:37.133] [2256] [HailoRT] [info] [vstream_builder.cpp:220] [create_outputs] Output pipeline 'scrfd_2_5g/conv50': HW >> (HwReadEl12scrfd_2_5g/conv50 | hw_frame_size: 12800) >> (PullQEl_hw_read12scrfd_2_5g/conv50) >> (PostInferEl12scrfd_2_5g/conv50 | Quantization - src_type: UINT8, dst_type FLOAT32, limvals_min: 0, limvals_max: 8.10626) >> (UserBuffQEl12scrfd_2_5g/conv50 | timeout: 60s)
[2026-05-07 15:46:37.133] [2256] [HailoRT] [info] [edge_elements.cpp:287] [create] Created (HwReadEl1scrfd_2_5g/conv51 | hw_frame_size: 38400)
[2026-05-07 15:46:37.133] [2256] [HailoRT] [info] [queue_elements.cpp:657] [create] Created (PullQEl_hw_read1scrfd_2_5g/conv51)
[2026-05-07 15:46:37.133] [2256] [HailoRT] [info] [filter_elements.cpp:375] [create] Created (PostInferEl1scrfd_2_5g/conv51 | Quantization - src_type: UINT8, dst_type FLOAT32, limvals_min: -4.24698, limvals_max: 5.17024 | Reorder - src_order: FCR, src_shape: (40, 40, 24), dst_order: FCR, dst_shape: (40, 40, 20))
[2026-05-07 15:46:37.133] [2256] [HailoRT] [info] [queue_elements.cpp:800] [create] Created (UserBuffQEl1scrfd_2_5g/conv51 | timeout: 60s)
[2026-05-07 15:46:37.133] [2256] [HailoRT] [info] [vstream.cpp:1114] [OutputVStreamImpl] Creating scrfd_2_5g/conv51...
[2026-05-07 15:46:37.133] [2256] [HailoRT] [info] [vstream_builder.cpp:220] [create_outputs] Output pipeline 'scrfd_2_5g/conv51': HW >> (HwReadEl1scrfd_2_5g/conv51 | hw_frame_size: 38400) >> (PullQEl_hw_read1scrfd_2_5g/conv51) >> (PostInferEl1scrfd_2_5g/conv51 | Quantization - src_type: UINT8, dst_type FLOAT32, limvals_min: -4.24698, limvals_max: 5.17024 | Reorder - src_order: FCR, src_shape: (40, 40, 24), dst_order: FCR, dst_shape: (40, 40, 20)) >> (UserBuffQEl1scrfd_2_5g/conv51 | timeout: 60s)
[2026-05-07 15:46:37.133] [2256] [HailoRT] [info] [edge_elements.cpp:287] [create] Created (HwReadEl10scrfd_2_5g/conv55 | hw_frame_size: 800)
[2026-05-07 15:46:37.133] [2256] [HailoRT] [info] [queue_elements.cpp:657] [create] Created (PullQEl_hw_read10scrfd_2_5g/conv55)
[2026-05-07 15:46:37.133] [2256] [HailoRT] [info] [filter_elements.cpp:375] [create] Created (PostInferEl10scrfd_2_5g/conv55 | Quantization - src_type: UINT8, dst_type FLOAT32, limvals_min: 0, limvals_max: 1 | Reorder - src_order: NHCW, src_shape: (20, 20, 2), dst_order: NHWC, dst_shape: (20, 20, 2))
[2026-05-07 15:46:37.133] [2256] [HailoRT] [info] [queue_elements.cpp:800] [create] Created (UserBuffQEl10scrfd_2_5g/conv55 | timeout: 60s)
[2026-05-07 15:46:37.133] [2256] [HailoRT] [info] [vstream.cpp:1114] [OutputVStreamImpl] Creating scrfd_2_5g/conv55...
[2026-05-07 15:46:37.133] [2256] [HailoRT] [info] [vstream_builder.cpp:220] [create_outputs] Output pipeline 'scrfd_2_5g/conv55': HW >> (HwReadEl10scrfd_2_5g/conv55 | hw_frame_size: 800) >> (PullQEl_hw_read10scrfd_2_5g/conv55) >> (PostInferEl10scrfd_2_5g/conv55 | Quantization - src_type: UINT8, dst_type FLOAT32, limvals_min: 0, limvals_max: 1 | Reorder - src_order: NHCW, src_shape: (20, 20, 2), dst_order: NHWC, dst_shape: (20, 20, 2)) >> (UserBuffQEl10scrfd_2_5g/conv55 | timeout: 60s)
[2026-05-07 15:46:37.133] [2256] [HailoRT] [info] [edge_elements.cpp:287] [create] Created (HwReadEl9scrfd_2_5g/conv56 | hw_frame_size: 3200)
[2026-05-07 15:46:37.133] [2256] [HailoRT] [info] [queue_elements.cpp:657] [create] Created (PullQEl_hw_read9scrfd_2_5g/conv56)
[2026-05-07 15:46:37.133] [2256] [HailoRT] [info] [filter_elements.cpp:375] [create] Created (PostInferEl9scrfd_2_5g/conv56 | Quantization - src_type: UINT8, dst_type FLOAT32, limvals_min: -0.0299247, limvals_max: 7.60086 | Reorder - src_order: NHCW, src_shape: (20, 20, 8), dst_order: NHWC, dst_shape: (20, 20, 8))
[2026-05-07 15:46:37.133] [2256] [HailoRT] [info] [queue_elements.cpp:800] [create] Created (UserBuffQEl9scrfd_2_5g/conv56 | timeout: 60s)
[2026-05-07 15:46:37.133] [2256] [HailoRT] [info] [vstream.cpp:1114] [OutputVStreamImpl] Creating scrfd_2_5g/conv56...
[2026-05-07 15:46:37.133] [2256] [HailoRT] [info] [vstream_builder.cpp:220] [create_outputs] Output pipeline 'scrfd_2_5g/conv56': HW >> (HwReadEl9scrfd_2_5g/conv56 | hw_frame_size: 3200) >> (PullQEl_hw_read9scrfd_2_5g/conv56) >> (PostInferEl9scrfd_2_5g/conv56 | Quantization - src_type: UINT8, dst_type FLOAT32, limvals_min: -0.0299247, limvals_max: 7.60086 | Reorder - src_order: NHCW, src_shape: (20, 20, 8), dst_order: NHWC, dst_shape: (20, 20, 8)) >> (UserBuffQEl9scrfd_2_5g/conv56 | timeout: 60s)
[2026-05-07 15:46:37.133] [2256] [HailoRT] [info] [edge_elements.cpp:287] [create] Created (HwReadEl13scrfd_2_5g/conv57 | hw_frame_size: 9600)
[2026-05-07 15:46:37.133] [2256] [HailoRT] [info] [queue_elements.cpp:657] [create] Created (PullQEl_hw_read13scrfd_2_5g/conv57)
[2026-05-07 15:46:37.133] [2256] [HailoRT] [info] [filter_elements.cpp:375] [create] Created (PostInferEl13scrfd_2_5g/conv57 | Quantization - src_type: UINT8, dst_type FLOAT32, limvals_min: -4.03285, limvals_max: 5.14908 | Reorder - src_order: FCR, src_shape: (20, 20, 24), dst_order: FCR, dst_shape: (20, 20, 20))
[2026-05-07 15:46:37.133] [2256] [HailoRT] [info] [queue_elements.cpp:800] [create] Created (UserBuffQEl13scrfd_2_5g/conv57 | timeout: 60s)
[2026-05-07 15:46:37.133] [2256] [HailoRT] [info] [vstream.cpp:1114] [OutputVStreamImpl] Creating scrfd_2_5g/conv57...
[2026-05-07 15:46:37.133] [2256] [HailoRT] [info] [vstream_builder.cpp:220] [create_outputs] Output pipeline 'scrfd_2_5g/conv57': HW >> (HwReadEl13scrfd_2_5g/conv57 | hw_frame_size: 9600) >> (PullQEl_hw_read13scrfd_2_5g/conv57) >> (PostInferEl13scrfd_2_5g/conv57 | Quantization - src_type: UINT8, dst_type FLOAT32, limvals_min: -4.03285, limvals_max: 5.14908 | Reorder - src_order: FCR, src_shape: (20, 20, 24), dst_order: FCR, dst_shape: (20, 20, 20)) >> (UserBuffQEl13scrfd_2_5g/conv57 | timeout: 60s)
[2026-05-07 15:46:37.134] [2256] [HailoRT] [info] [core_op.cpp:156] [activate] Activating scrfd_2_5g took 0.49874 milliseconds. Note that the function is asynchronous and thus the network is not fully activated yet.
[2026-05-07 15:46:37.134] [2256] [HailoRT] [info] [core_op.cpp:156] [activate] Activating scrfd_2_5g took 0.509037 milliseconds. Note that the function is asynchronous and thus the network is not fully activated yet.
                                                                                                                                                                                                                                                                                                                                                                                                                                                                                                                                                                                                                                                                                                                                                                                                                                                                                                                                                                                                                                                                                                                                                                                                                                                                                                                                                  [2026-05-07 16:24:25.958] [1851] [HailoRT] [info] [vdevice.cpp:523] [create] Creating vdevice with params: device_count: 1, scheduling_algorithm: NONE, multi_process_service: false
[2026-05-07 16:24:25.961] [1851] [HailoRT] [error] [driver_os_specific.cpp:44] [list_devices] Can't find hailort driver class. Can happen if the driver is not installed, if the kernel was updated or on some driver failure (then read driver dmesg log)
[2026-05-07 16:24:25.986] [1851] [HailoRT] [error] [driver_os_specific.cpp:69] [scan_devices] CHECK_SUCCESS failed with status=HAILO_DRIVER_NOT_INSTALLED(64) - Failed listing hailo devices
[2026-05-07 16:24:25.986] [1851] [HailoRT] [error] [driver_os_specific.cpp:97] [scan_nnc_devices] CHECK_SUCCESS failed with status=HAILO_DRIVER_NOT_INSTALLED(64)
[2026-05-07 16:24:25.986] [1851] [HailoRT] [error] [hailort_driver.cpp:318] [scan_all_devices] CHECK_SUCCESS failed with status=HAILO_DRIVER_NOT_INSTALLED(64)
[2026-05-07 16:24:25.986] [1851] [HailoRT] [error] [vdevice.cpp:584] [get_accelerator_type] CHECK_SUCCESS failed with status=HAILO_DRIVER_NOT_INSTALLED(64)
[2026-05-07 16:24:25.986] [1851] [HailoRT] [error] [vdevice.cpp:549] [create] CHECK_SUCCESS failed with status=HAILO_DRIVER_NOT_INSTALLED(64)
